// Copyright 2026 QMK -- generated source code only, image retains original copyright
// SPDX-License-Identifier: GPL-2.0-or-later

// This file was auto-generated by `painter_convert_graphics` with arguments:
//    format | rgb565
//    output | graphics
//    input  | logo_apple.png

// Image's metadata
// ----------------
// Width: 84
// Height: 96
// Single frame

#include <qp.h>

const uint32_t gfx_logo_apple_length = 16176;

// clang-format off
const uint8_t gfx_logo_apple[16176] = {
    0x00, 0xFF, 0x12, 0x00, 0x00, 0x51, 0x47, 0x46, 0x01, 0x30, 0x3F, 0x00, 0x00, 0xCF, 0xC0, 0xFF,
    0xFF, 0x54, 0x00, 0x60, 0x00, 0x01, 0x00, 0x01, 0xFE, 0x04, 0x00, 0x00, 0x20, 0x00, 0x00, 0x00,
    0x02, 0xFD, 0x06, 0x00, 0x00, 0x08, 0x00, 0x00, 0xFF, 0xE8, 0x03, 0x05, 0xFA, 0x00, 0x3F, 0x00,
    0x08, 0x04, 0x08, 0x04, 0x08, 0x04, 0x08, 0x04, 0x08, 0x04, 0x08, 0x04, 0x08, 0x04, 0x08, 0x04,
    0x08, 0x04, 0x08, 0x04, 0x08, 0x04, 0x08, 0x04, 0x08, 0x04, 0x08, 0x04, 0x08, 0x04, 0x08, 0x04,
    0x08, 0x04, 0x08, 0x04, 0x08, 0x04, 0x08, 0x04, 0x08, 0x04, 0x08, 0x04, 0x08, 0x04, 0x08, 0x04,
    0x08, 0x04, 0x08, 0x04, 0x08, 0x04, 0x08, 0x04, 0x08, 0x04, 0x08, 0x04, 0x08, 0x04, 0x08, 0x04,
    0x08, 0x04, 0x08, 0x04, 0x08, 0x04, 0x08, 0x04, 0x08, 0x04, 0x08, 0x04, 0x08, 0x04, 0x08, 0x04,
    0x08, 0x04, 0x08, 0x04, 0x08, 0x04, 0x08, 0x04, 0x08, 0x04, 0x08, 0x04, 0x08, 0x04, 0x08, 0x04,
    0x08, 0x04, 0x08, 0x04, 0x08, 0x04, 0x08, 0x04, 0x08, 0x04, 0x08, 0x04, 0x08, 0x04, 0x08, 0x04,
    0x08, 0x04, 0x08, 0x04, 0x08, 0x04, 0x08, 0x04, 0x08, 0x04, 0x08, 0x04, 0x08, 0x04, 0x08, 0x04,
    0x08, 0x04, 0x08, 0x04, 0x08, 0x04, 0x08, 0x04, 0x08, 0x04, 0x08, 0x04, 0x08, 0x04, 0x08, 0x04,
    0x08, 0x04, 0x08, 0x04, 0x08, 0x04, 0x08, 0x04, 0x08, 0x04, 0x08, 0x04, 0x08, 0x04, 0x08, 0x04,
    0x08, 0x04, 0x08, 0x04, 0x08, 0x04, 0x08, 0x04, 0x08, 0x04, 0x08, 0x04, 0x08, 0x04, 0x08, 0x04,
    0x08, 0x04, 0x08, 0x04, 0x08, 0x04, 0x08, 0x04, 0x08, 0x04, 0x08, 0x04, 0x08, 0x04, 0x08, 0x04,
    0x08, 0x04, 0x08, 0x04, 0x08, 0x04, 0x08, 0x04, 0x08, 0x04, 0x08, 0x04, 0x08, 0x04, 0x08, 0x04,
    0x08, 0x04, 0x08, 0x04, 0x08, 0x04, 0x08, 0x04, 0x08, 0x04, 0x08, 0x04, 0x08, 0x04, 0x08, 0x04,
    0x08, 0x04, 0x08, 0x04, 0x08, 0x04, 0x08, 0x04, 0x08, 0x04, 0x08, 0x04, 0x08, 0x04, 0x08, 0x04,
    0x08, 0x04, 0x08, 0x04, 0x08, 0x04, 0x08, 0x04, 0x08, 0x04, 0x08, 0x04, 0x08, 0x04, 0x08, 0x04,
    0x08, 0x04, 0x08, 0x04, 0x08, 0x04, 0x08, 0x04, 0x08, 0x04, 0x08, 0x04, 0x08, 0x04, 0x08, 0x04,
    0x08, 0x04, 0x08, 0x04, 0x08, 0x04, 0x08, 0x04, 0x08, 0x04, 0x08, 0x04, 0x08, 0x04, 0x08, 0x04,
    0x08, 0x04, 0x08, 0x04, 0x08, 0x04, 0x08, 0x04, 0x08, 0x04, 0x08, 0x04, 0x08, 0x04, 0x08, 0x04,
    0x08, 0x04, 0x08, 0x04, 0x08, 0x04, 0x08, 0x04, 0x08, 0x04, 0x08, 0x04, 0x08, 0x04, 0x08, 0x04,
    0x08, 0x04, 0x08, 0x04, 0x08, 0x04, 0x08, 0x04, 0x08, 0x04, 0x08, 0x04, 0x08, 0x04, 0x08, 0x04,
    0x08, 0x04, 0x08, 0x04, 0x08, 0x04, 0x08, 0x04, 0x08, 0x04, 0x08, 0x04, 0x08, 0x04, 0x08, 0x04,
    0x08, 0x04, 0x08, 0x04, 0x08, 0x04, 0x08, 0x04, 0x08, 0x04, 0x08, 0x04, 0x08, 0x04, 0x08, 0x04,
    0x08, 0x04, 0x08, 0x04, 0x08, 0x04, 0x08, 0x04, 0x08, 0x04, 0x08, 0x04, 0x08, 0x04, 0x08, 0x04,
    0x08, 0x04, 0x08, 0x04, 0x08, 0x04, 0x08, 0x04, 0x08, 0x04, 0x08, 0x04, 0x08, 0x04, 0x08, 0x04,
    0x08, 0x04, 0x08, 0x04, 0x08, 0x04, 0x08, 0x04, 0x08, 0x04, 0x08, 0x04, 0x08, 0x04, 0x08, 0x04,
    0x08, 0x04, 0x08, 0x04, 0x08, 0x04, 0x08, 0x04, 0x08, 0x04, 0x08, 0x04, 0x08, 0x04, 0x08, 0x04,
    0x08, 0x04, 0x08, 0x04, 0x08, 0x04, 0x08, 0x04, 0x08, 0x04, 0x08, 0x04, 0x08, 0x04, 0x08, 0x04,
    0x08, 0x04, 0x08, 0x04, 0x08, 0x04, 0x08, 0x04, 0x08, 0x04, 0x08, 0x04, 0x08, 0x04, 0x08, 0x04,
    0x08, 0x04, 0x08, 0x04, 0x08, 0x04, 0x08, 0x04, 0x08, 0x04, 0x08, 0x04, 0x08, 0x04, 0x08, 0x04,
    0x08, 0x04, 0x08, 0x04, 0x08, 0x04, 0x08, 0x04, 0x08, 0x04, 0x08, 0x04, 0x08, 0x04, 0x08, 0x04,
    0x08, 0x04, 0x08, 0x04, 0x08, 0x04, 0x08, 0x04, 0x08, 0x04, 0x08, 0x04, 0x08, 0x04, 0x08, 0x04,
    0x08, 0x04, 0x08, 0x04, 0x08, 0x04, 0x08, 0x04, 0x08, 0x04, 0x08, 0x04, 0x08, 0x04, 0x08, 0x04,
    0x08, 0x04, 0x08, 0x04, 0x08, 0x04, 0x08, 0x04, 0x08, 0x04, 0x08, 0x04, 0x08, 0x04, 0x08, 0x04,
    0x08, 0x04, 0x08, 0x04, 0x08, 0x04, 0x08, 0x04, 0x08, 0x04, 0x08, 0x04, 0x08, 0x04, 0x08, 0x04,
    0x08, 0x04, 0x08, 0x04, 0x08, 0x04, 0x08, 0x04, 0x08, 0x04, 0x08, 0x04, 0x08, 0x04, 0x08, 0x04,
    0x08, 0x04, 0x08, 0x04, 0x08, 0x04, 0x08, 0x04, 0x08, 0x04, 0x08, 0x04, 0x08, 0x04, 0x08, 0x04,
    0x08, 0x04, 0x08, 0x04, 0x08, 0x04, 0x08, 0x04, 0x08, 0x04, 0x08, 0x04, 0x08, 0x04, 0x08, 0x04,
    0x08, 0x04, 0x08, 0x04, 0x08, 0x04, 0x08, 0x04, 0x08, 0x04, 0x08, 0x04, 0x08, 0x04, 0x08, 0x04,
    0x08, 0x04, 0x08, 0x04, 0x08, 0x04, 0x08, 0x04, 0x08, 0x04, 0x08, 0x04, 0x08, 0x04, 0x08, 0x04,
    0x08, 0x04, 0x08, 0x04, 0x08, 0x04, 0x08, 0x04, 0x08, 0x04, 0x08, 0x04, 0x08, 0x04, 0x08, 0x04,
    0x08, 0x04, 0x08, 0x04, 0x08, 0x04, 0x08, 0x04, 0x08, 0x04, 0x08, 0x04, 0x08, 0x04, 0x08, 0x04,
    0x08, 0x04, 0x08, 0x04, 0x08, 0x04, 0x08, 0x04, 0x08, 0x04, 0x08, 0x04, 0x08, 0x04, 0x08, 0x04,
    0x08, 0x04, 0x08, 0x04, 0x08, 0x04, 0x08, 0x04, 0x08, 0x04, 0x08, 0x04, 0x08, 0x04, 0x08, 0x04,
    0x08, 0x04, 0x08, 0x04, 0x08, 0x04, 0x08, 0x04, 0x08, 0x04, 0x08, 0x04, 0x08, 0x04, 0x08, 0x04,
    0x08, 0x04, 0x08, 0x04, 0x08, 0x04, 0x08, 0x04, 0x08, 0x04, 0x08, 0x04, 0x08, 0x04, 0x08, 0x04,
    0x08, 0x04, 0x08, 0x04, 0x08, 0x04, 0x08, 0x04, 0x08, 0x04, 0x08, 0x04, 0x08, 0x04, 0x08, 0x04,
    0x08, 0x04, 0x08, 0x04, 0x08, 0x04, 0x08, 0x04, 0x08, 0x04, 0x08, 0x04, 0x08, 0x04, 0x08, 0x04,
    0x08, 0x04, 0x08, 0x04, 0x08, 0x04, 0x08, 0x04, 0x10, 0x04, 0x10, 0x04, 0x10, 0x04, 0x10, 0x04,
    0x08, 0x04, 0x08, 0x04, 0x08, 0x04, 0x08, 0x04, 0x08, 0x04, 0x08, 0x04, 0x08, 0x04, 0x08, 0x04,
    0x08, 0x04, 0x08, 0x04, 0x08, 0x04, 0x08, 0x04, 0x08, 0x04, 0x08, 0x04, 0x08, 0x04, 0x08, 0x04,
    0x08, 0x04, 0x08, 0x04, 0x08, 0x04, 0x08, 0x04, 0x08, 0x04, 0x08, 0x04, 0x08, 0x04, 0x08, 0x04,
    0x08, 0x04, 0x08, 0x04, 0x08, 0x04, 0x08, 0x04, 0x08, 0x04, 0x08, 0x04, 0x08, 0x04, 0x08, 0x04,
    0x08, 0x04, 0x08, 0x04, 0x08, 0x04, 0x08, 0x04, 0x08, 0x04, 0x08, 0x04, 0x08, 0x04, 0x08, 0x04,
    0x08, 0x04, 0x08, 0x04, 0x08, 0x04, 0x08, 0x04, 0x08, 0x04, 0x08, 0x04, 0x08, 0x04, 0x08, 0x04,
    0x08, 0x04, 0x08, 0x04, 0x08, 0x04, 0x08, 0x04, 0x08, 0x04, 0x08, 0x04, 0x08, 0x04, 0x08, 0x04,
    0x08, 0x04, 0x08, 0x04, 0x08, 0x04, 0x08, 0x04, 0x08, 0x04, 0x08, 0x04, 0x08, 0x04, 0x08, 0x04,
    0x08, 0x04, 0x08, 0x04, 0x08, 0x04, 0x08, 0x04, 0x08, 0x04, 0x08, 0x04, 0x08, 0x04, 0x08, 0x04,
    0x08, 0x04, 0x08, 0x04, 0x08, 0x04, 0x08, 0x04, 0x08, 0x04, 0x10, 0x04, 0x10, 0x25, 0x10, 0x25,
    0x10, 0x25, 0x10, 0x25, 0x10, 0x25, 0x10, 0x25, 0x10, 0x25, 0x10, 0x25, 0x10, 0x04, 0x08, 0x04,
    0x08, 0x04, 0x08, 0x04, 0x08, 0x04, 0x08, 0x04, 0x08, 0x04, 0x08, 0x04, 0x08, 0x04, 0x08, 0x04,
    0x08, 0x04, 0x08, 0x04, 0x08, 0x04, 0x08, 0x04, 0x08, 0x04, 0x08, 0x04, 0x08, 0x04, 0x08, 0x04,
    0x08, 0x04, 0x08, 0x04, 0x08, 0x04, 0x08, 0x04, 0x08, 0x04, 0x08, 0x04, 0x08, 0x04, 0x08, 0x04,
    0x08, 0x04, 0x08, 0x04, 0x08, 0x04, 0x08, 0x04, 0x08, 0x04, 0x08, 0x04, 0x08, 0x04, 0x08, 0x04,
    0x08, 0x04, 0x08, 0x04, 0x08, 0x04, 0x08, 0x04, 0x08, 0x04, 0x08, 0x04, 0x08, 0x04, 0x08, 0x04,
    0x08, 0x04, 0x08, 0x04, 0x08, 0x04, 0x08, 0x04, 0x08, 0x04, 0x08, 0x04, 0x08, 0x04, 0x08, 0x04,
    0x08, 0x04, 0x08, 0x04, 0x08, 0x04, 0x08, 0x04, 0x08, 0x04, 0x08, 0x04, 0x08, 0x04, 0x08, 0x04,
    0x08, 0x04, 0x08, 0x04, 0x08, 0x04, 0x08, 0x04, 0x08, 0x04, 0x08, 0x04, 0x08, 0x04, 0x08, 0x04,
    0x08, 0x04, 0x08, 0x04, 0x08, 0x04, 0x08, 0x04, 0x08, 0x04, 0x08, 0x04, 0x08, 0x04, 0x10, 0x04,
    0x10, 0x25, 0x10, 0x25, 0x18, 0x26, 0x18, 0x26, 0x20, 0x47, 0x20, 0x47, 0x20, 0x47, 0x20, 0x47,
    0x18, 0x47, 0x18, 0x26, 0x10, 0x25, 0x10, 0x04, 0x08, 0x04, 0x08, 0x04, 0x08, 0x04, 0x08, 0x04,
    0x08, 0x04, 0x08, 0x04, 0x08, 0x04, 0x08, 0x04, 0x08, 0x04, 0x08, 0x04, 0x08, 0x04, 0x08, 0x04,
    0x08, 0x04, 0x08, 0x04, 0x08, 0x04, 0x08, 0x04, 0x08, 0x04, 0x08, 0x04, 0x08, 0x04, 0x08, 0x04,
    0x08, 0x04, 0x08, 0x04, 0x08, 0x04, 0x08, 0x04, 0x08, 0x04, 0x08, 0x04, 0x08, 0x04, 0x08, 0x04,
    0x08, 0x04, 0x08, 0x04, 0x08, 0x04, 0x08, 0x04, 0x08, 0x04, 0x08, 0x04, 0x08, 0x04, 0x08, 0x04,
    0x08, 0x04, 0x08, 0x04, 0x08, 0x04, 0x08, 0x04, 0x08, 0x04, 0x08, 0x04, 0x08, 0x04, 0x08, 0x04,
    0x08, 0x04, 0x08, 0x04, 0x08, 0x04, 0x08, 0x04, 0x08, 0x04, 0x08, 0x04, 0x08, 0x04, 0x08, 0x04,
    0x08, 0x04, 0x08, 0x04, 0x08, 0x04, 0x08, 0x04, 0x08, 0x04, 0x08, 0x04, 0x08, 0x04, 0x08, 0x04,
    0x08, 0x04, 0x08, 0x04, 0x08, 0x04, 0x08, 0x04, 0x08, 0x04, 0x08, 0x04, 0x08, 0x04, 0x08, 0x04,
    0x08, 0x04, 0x08, 0x04, 0x10, 0x25, 0x10, 0x25, 0x18, 0x26, 0x20, 0x47, 0x20, 0x48, 0x28, 0x69,
    0x30, 0x6A, 0x30, 0x6A, 0x28, 0x69, 0x28, 0x49, 0x20, 0x48, 0x20, 0x47, 0x18, 0x26, 0x10, 0x25,
    0x10, 0x04, 0x08, 0x04, 0x08, 0x04, 0x08, 0x04, 0x08, 0x04, 0x08, 0x04, 0x08, 0x04, 0x08, 0x04,
    0x08, 0x04, 0x08, 0x04, 0x08, 0x04, 0x08, 0x04, 0x08, 0x04, 0x08, 0x04, 0x08, 0x04, 0x08, 0x04,
    0x08, 0x04, 0x08, 0x04, 0x08, 0x04, 0x08, 0x04, 0x08, 0x04, 0x08, 0x04, 0x08, 0x04, 0x08, 0x04,
    0x08, 0x04, 0x08, 0x04, 0x08, 0x04, 0x08, 0x04, 0x08, 0x04, 0x08, 0x04, 0x08, 0x04, 0x08, 0x04,
    0x08, 0x04, 0x08, 0x04, 0x08, 0x04, 0x08, 0x04, 0x08, 0x04, 0x08, 0x04, 0x08, 0x04, 0x08, 0x04,
    0x08, 0x04, 0x08, 0x04, 0x08, 0x04, 0x08, 0x04, 0x08, 0x04, 0x08, 0x04, 0x08, 0x04, 0x08, 0x04,
    0x08, 0x04, 0x08, 0x04, 0x08, 0x04, 0x08, 0x04, 0x08, 0x04, 0x08, 0x04, 0x08, 0x04, 0x08, 0x04,
    0x08, 0x04, 0x08, 0x04, 0x08, 0x04, 0x08, 0x04, 0x08, 0x04, 0x08, 0x04, 0x08, 0x04, 0x08, 0x04,
    0x08, 0x04, 0x08, 0x04, 0x08, 0x04, 0x08, 0x04, 0x10, 0x04, 0x10, 0x25, 0x18, 0x26, 0x18, 0x47,
    0x20, 0x48, 0x28, 0x69, 0x30, 0x8A, 0x38, 0x8B, 0x38, 0x8C, 0x40, 0xAD, 0x48, 0xEF, 0x59, 0x31,
    0x40, 0xED, 0x28, 0x69, 0x20, 0x47, 0x18, 0x26, 0x10, 0x05, 0x08, 0x04, 0x08, 0x04, 0x08, 0x04,
    0x08, 0x04, 0x08, 0x04, 0x08, 0x04, 0x08, 0x04, 0x08, 0x04, 0x08, 0x04, 0x08, 0x04, 0x08, 0x04,
    0x08, 0x04, 0x08, 0x04, 0x08, 0x04, 0x08, 0x04, 0x08, 0x04, 0x08, 0x04, 0x08, 0x04, 0x08, 0x04,
    0x08, 0x04, 0x08, 0x04, 0x08, 0x04, 0x08, 0x04, 0x08, 0x04, 0x08, 0x04, 0x08, 0x04, 0x08, 0x04,
    0x08, 0x04, 0x08, 0x04, 0x08, 0x04, 0x08, 0x04, 0x08, 0x04, 0x08, 0x04, 0x08, 0x04, 0x08, 0x04,
    0x08, 0x04, 0x08, 0x04, 0x08, 0x04, 0x08, 0x04, 0x08, 0x04, 0x08, 0x04, 0x08, 0x04, 0x08, 0x04,
    0x08, 0x04, 0x08, 0x04, 0x08, 0x04, 0x08, 0x04, 0x08, 0x04, 0x08, 0x04, 0x08, 0x04, 0x08, 0x04,
    0x08, 0x04, 0x08, 0x04, 0x08, 0x04, 0x08, 0x04, 0x08, 0x04, 0x08, 0x04, 0x08, 0x04, 0x08, 0x04,
    0x08, 0x04, 0x08, 0x04, 0x08, 0x04, 0x08, 0x04, 0x08, 0x04, 0x08, 0x04, 0x08, 0x04, 0x10, 0x04,
    0x10, 0x25, 0x18, 0x26, 0x20, 0x47, 0x28, 0x69, 0x30, 0x8A, 0x38, 0x8B, 0x40, 0x8D, 0x59, 0x12,
    0x8A, 0x17, 0xBB, 0x3C, 0xDC, 0x1E, 0xEC, 0xBF, 0xA2, 0xFA, 0x30, 0x8B, 0x20, 0x48, 0x18, 0x47,
    0x10, 0x25, 0x08, 0x04, 0x08, 0x04, 0x08, 0x04, 0x08, 0x04, 0x08, 0x04, 0x08, 0x04, 0x08, 0x04,
    0x08, 0x04, 0x08, 0x04, 0x08, 0x04, 0x08, 0x04, 0x08, 0x04, 0x08, 0x04, 0x08, 0x04, 0x08, 0x04,
    0x08, 0x04, 0x08, 0x04, 0x08, 0x04, 0x08, 0x04, 0x08, 0x04, 0x08, 0x04, 0x08, 0x04, 0x08, 0x04,
    0x08, 0x04, 0x08, 0x04, 0x08, 0x04, 0x08, 0x04, 0x08, 0x04, 0x08, 0x04, 0x08, 0x04, 0x08, 0x04,
    0x08, 0x04, 0x08, 0x04, 0x08, 0x04, 0x08, 0x04, 0x08, 0x04, 0x08, 0x04, 0x08, 0x04, 0x08, 0x04,
    0x08, 0x04, 0x08, 0x04, 0x08, 0x04, 0x08, 0x04, 0x08, 0x04, 0x08, 0x04, 0x08, 0x04, 0x08, 0x04,
    0x08, 0x04, 0x08, 0x04, 0x08, 0x04, 0x08, 0x04, 0x08, 0x04, 0x08, 0x04, 0x08, 0x04, 0x08, 0x04,
    0x08, 0x04, 0x08, 0x04, 0x08, 0x04, 0x08, 0x04, 0x08, 0x04, 0x08, 0x04, 0x08, 0x04, 0x08, 0x04,
    0x08, 0x04, 0x08, 0x04, 0x10, 0x05, 0x10, 0x25, 0x18, 0x46, 0x20, 0x48, 0x30, 0x6A, 0x38, 0x8B,
    0x38, 0x8C, 0x59, 0x11, 0xA2, 0x99, 0xE4, 0x3F, 0xFD, 0x7F, 0xFD, 0xBF, 0xFD, 0x5F, 0xFD, 0x9F,
    0xCB, 0xDE, 0x40, 0xAE, 0x28, 0x69, 0x18, 0x47, 0x10, 0x25, 0x10, 0x04, 0x08, 0x04, 0x08, 0x04,
    0x08, 0x04, 0x08, 0x04, 0x08, 0x04, 0x08, 0x04, 0x08, 0x04, 0x08, 0x04, 0x08, 0x04, 0x08, 0x04,
    0x08, 0x04, 0x08, 0x04, 0x08, 0x04, 0x08, 0x04, 0x08, 0x04, 0x08, 0x04, 0x08, 0x04, 0x08, 0x04,
    0x08, 0x04, 0x08, 0x04, 0x08, 0x04, 0x08, 0x04, 0x08, 0x04, 0x08, 0x04, 0x08, 0x04, 0x08, 0x04,
    0x08, 0x04, 0x08, 0x04, 0x08, 0x04, 0x08, 0x04, 0x08, 0x04, 0x08, 0x04, 0x08, 0x04, 0x08, 0x04,
    0x08, 0x04, 0x08, 0x04, 0x08, 0x04, 0x08, 0x04, 0x08, 0x04, 0x08, 0x04, 0x08, 0x04, 0x08, 0x04,
    0x08, 0x04, 0x08, 0x04, 0x08, 0x04, 0x08, 0x04, 0x08, 0x04, 0x08, 0x04, 0x08, 0x04, 0x08, 0x04,
    0x08, 0x04, 0x08, 0x04, 0x08, 0x04, 0x08, 0x04, 0x08, 0x04, 0x08, 0x04, 0x08, 0x04, 0x08, 0x04,
    0x08, 0x04, 0x08, 0x04, 0x08, 0x04, 0x08, 0x04, 0x08, 0x04, 0x10, 0x04, 0x10, 0x25, 0x18, 0x47,
    0x28, 0x48, 0x30, 0x8A, 0x38, 0x8B, 0x48, 0xCE, 0x8A, 0x17, 0xDC, 0x1F, 0xFD, 0x7F, 0xFD, 0xBF,
    0xFC, 0xFF, 0xD3, 0x9F, 0xC2, 0xFF, 0xFC, 0xFF, 0xD3, 0xFE, 0x40, 0xCF, 0x28, 0x6A, 0x20, 0x48,
    0x10, 0x26, 0x10, 0x04, 0x08, 0x04, 0x08, 0x04, 0x08, 0x04, 0x08, 0x04, 0x08, 0x04, 0x08, 0x04,
    0x08, 0x04, 0x08, 0x04, 0x08, 0x04, 0x08, 0x04, 0x08, 0x04, 0x08, 0x04, 0x08, 0x04, 0x08, 0x04,
    0x08, 0x04, 0x08, 0x04, 0x08, 0x04, 0x08, 0x04, 0x08, 0x04, 0x08, 0x04, 0x08, 0x04, 0x08, 0x04,
    0x08, 0x04, 0x08, 0x04, 0x08, 0x04, 0x08, 0x04, 0x08, 0x04, 0x08, 0x04, 0x08, 0x04, 0x08, 0x04,
    0x08, 0x04, 0x08, 0x04, 0x08, 0x04, 0x08, 0x04, 0x08, 0x04, 0x08, 0x04, 0x08, 0x04, 0x08, 0x04,
    0x08, 0x04, 0x08, 0x04, 0x08, 0x04, 0x08, 0x04, 0x08, 0x04, 0x08, 0x04, 0x08, 0x04, 0x08, 0x04,
    0x08, 0x04, 0x08, 0x04, 0x08, 0x04, 0x08, 0x04, 0x08, 0x04, 0x08, 0x04, 0x08, 0x04, 0x08, 0x04,
    0x08, 0x04, 0x08, 0x04, 0x08, 0x04, 0x08, 0x04, 0x08, 0x04, 0x08, 0x04, 0x08, 0x04, 0x08, 0x04,
    0x10, 0x24, 0x10, 0x25, 0x18, 0x47, 0x28, 0x48, 0x30, 0x8A, 0x38, 0x8C, 0x59, 0x11, 0xB3, 0x1B,
    0xFD, 0x1F, 0xFD, 0xDF, 0xFC, 0xFF, 0xD3, 0x7F, 0xAA, 0x3D, 0x81, 0x5A, 0xA2, 0x3D, 0xFD, 0x3F,
    0xCB, 0xBD, 0x40, 0xAF, 0x28, 0x6A, 0x20, 0x48, 0x10, 0x26, 0x10, 0x04, 0x08, 0x04, 0x08, 0x04,
    0x08, 0x04, 0x08, 0x04, 0x08, 0x04, 0x08, 0x04, 0x08, 0x04, 0x08, 0x04, 0x08, 0x04, 0x08, 0x04,
    0x08, 0x04, 0x08, 0x04, 0x08, 0x04, 0x08, 0x04, 0x08, 0x04, 0x08, 0x04, 0x08, 0x04, 0x08, 0x04,
    0x08, 0x04, 0x08, 0x04, 0x08, 0x04, 0x08, 0x04, 0x08, 0x04, 0x08, 0x04, 0x08, 0x04, 0x08, 0x04,
    0x08, 0x04, 0x08, 0x04, 0x08, 0x04, 0x08, 0x04, 0x08, 0x04, 0x08, 0x04, 0x08, 0x04, 0x08, 0x04,
    0x08, 0x04, 0x08, 0x04, 0x08, 0x04, 0x08, 0x04, 0x08, 0x04, 0x08, 0x04, 0x08, 0x04, 0x08, 0x04,
    0x08, 0x04, 0x08, 0x04, 0x08, 0x04, 0x08, 0x04, 0x08, 0x04, 0x08, 0x04, 0x08, 0x04, 0x08, 0x04,
    0x08, 0x04, 0x08, 0x04, 0x08, 0x04, 0x08, 0x04, 0x08, 0x04, 0x08, 0x04, 0x08, 0x04, 0x08, 0x04,
    0x08, 0x04, 0x08, 0x04, 0x08, 0x04, 0x10, 0x04, 0x10, 0x25, 0x18, 0x26, 0x20, 0x48, 0x30, 0x8A,
    0x38, 0x8C, 0x61, 0x32, 0xCB, 0x9E, 0xFD, 0x9F, 0xFD, 0x9F, 0xE4, 0x1F, 0xAA, 0x3D, 0x81, 0x79,
    0x81, 0x79, 0x81, 0x59, 0xC2, 0xFE, 0xFD, 0x7F, 0xB3, 0x3C, 0x38, 0x8E, 0x28, 0x6A, 0x20, 0x47,
    0x10, 0x26, 0x10, 0x04, 0x08, 0x04, 0x08, 0x04, 0x08, 0x04, 0x08, 0x04, 0x08, 0x04, 0x08, 0x04,
    0x08, 0x04, 0x08, 0x04, 0x08, 0x04, 0x08, 0x04, 0x08, 0x04, 0x08, 0x04, 0x08, 0x04, 0x08, 0x04,
    0x08, 0x04, 0x08, 0x04, 0x08, 0x04, 0x08, 0x04, 0x08, 0x04, 0x08, 0x04, 0x08, 0x04, 0x08, 0x04,
    0x08, 0x04, 0x08, 0x04, 0x08, 0x04, 0x08, 0x04, 0x08, 0x04, 0x08, 0x04, 0x08, 0x04, 0x08, 0x04,
    0x08, 0x04, 0x08, 0x04, 0x08, 0x04, 0x08, 0x04, 0x08, 0x04, 0x08, 0x04, 0x08, 0x04, 0x08, 0x04,
    0x08, 0x04, 0x08, 0x04, 0x08, 0x04, 0x08, 0x04, 0x08, 0x04, 0x08, 0x04, 0x08, 0x04, 0x08, 0x04,
    0x08, 0x04, 0x08, 0x04, 0x08, 0x04, 0x08, 0x04, 0x08, 0x04, 0x08, 0x04, 0x08, 0x04, 0x08, 0x04,
    0x08, 0x04, 0x08, 0x04, 0x08, 0x04, 0x08, 0x04, 0x08, 0x04, 0x08, 0x04, 0x08, 0x04, 0x10, 0x25,
    0x18, 0x26, 0x20, 0x48, 0x30, 0x8A, 0x38, 0x8B, 0x59, 0x32, 0xD3, 0xDE, 0xFD, 0xBF, 0xFD, 0x3F,
    0xD3, 0x5F, 0x89, 0x9A, 0x71, 0x57, 0x79, 0x57, 0x79, 0x78, 0x81, 0x7A, 0xDB, 0xDF, 0xFD, 0x9F,
    0x9A, 0x79, 0x30, 0x8C, 0x28, 0x6A, 0x18, 0x47, 0x10, 0x25, 0x10, 0x04, 0x08, 0x04, 0x08, 0x04,
    0x08, 0x04, 0x08, 0x04, 0x08, 0x04, 0x08, 0x04, 0x08, 0x04, 0x08, 0x04, 0x08, 0x04, 0x08, 0x04,
    0x08, 0x04, 0x08, 0x04, 0x08, 0x04, 0x08, 0x04, 0x08, 0x04, 0x08, 0x04, 0x08, 0x04, 0x08, 0x04,
    0x08, 0x04, 0x08, 0x04, 0x08, 0x04, 0x08, 0x04, 0x08, 0x04, 0x08, 0x04, 0x08, 0x04, 0x08, 0x04,
    0x08, 0x04, 0x08, 0x04, 0x08, 0x04, 0x08, 0x04, 0x08, 0x04, 0x08, 0x04, 0x08, 0x04, 0x08, 0x04,
    0x08, 0x04, 0x08, 0x04, 0x08, 0x04, 0x08, 0x04, 0x08, 0x04, 0x08, 0x04, 0x08, 0x04, 0x08, 0x04,
    0x08, 0x04, 0x08, 0x04, 0x08, 0x04, 0x08, 0x04, 0x08, 0x04, 0x08, 0x04, 0x08, 0x04, 0x08, 0x04,
    0x08, 0x04, 0x08, 0x04, 0x08, 0x04, 0x08, 0x04, 0x08, 0x04, 0x08, 0x04, 0x08, 0x04, 0x08, 0x04,
    0x08, 0x04, 0x08, 0x04, 0x10, 0x24, 0x18, 0x25, 0x20, 0x47, 0x28, 0x69, 0x38, 0x8B, 0x50, 0xF0,
    0xC3, 0x7D, 0xFD, 0xBF, 0xFD, 0x3F, 0xC2, 0xFE, 0x79, 0x58, 0x71, 0x35, 0x71, 0x56, 0x71, 0x57,
    0x71, 0x37, 0x99, 0xFC, 0xF4, 0xDF, 0xFD, 0x1F, 0x71, 0xB5, 0x30, 0x6B, 0x28, 0x69, 0x18, 0x27,
    0x10, 0x25, 0x08, 0x04, 0x08, 0x04, 0x08, 0x04, 0x08, 0x04, 0x08, 0x04, 0x08, 0x04, 0x08, 0x04,
    0x08, 0x04, 0x08, 0x04, 0x08, 0x04, 0x08, 0x04, 0x08, 0x04, 0x08, 0x04, 0x08, 0x04, 0x08, 0x04,
    0x08, 0x04, 0x08, 0x04, 0x08, 0x04, 0x08, 0x04, 0x08, 0x04, 0x08, 0x04, 0x08, 0x04, 0x08, 0x04,
    0x08, 0x04, 0x08, 0x04, 0x08, 0x04, 0x08, 0x04, 0x08, 0x04, 0x08, 0x04, 0x08, 0x04, 0x08, 0x04,
    0x08, 0x04, 0x08, 0x04, 0x08, 0x04, 0x08, 0x04, 0x08, 0x04, 0x08, 0x04, 0x08, 0x04, 0x08, 0x04,
    0x08, 0x04, 0x08, 0x04, 0x08, 0x04, 0x08, 0x04, 0x08, 0x04, 0x08, 0x04, 0x08, 0x04, 0x08, 0x04,
    0x08, 0x04, 0x08, 0x04, 0x08, 0x04, 0x08, 0x04, 0x08, 0x04, 0x08, 0x04, 0x08, 0x04, 0x08, 0x04,
    0x08, 0x04, 0x08, 0x04, 0x08, 0x04, 0x08, 0x04, 0x08, 0x04, 0x08, 0x04, 0x10, 0x25, 0x18, 0x26,
    0x28, 0x68, 0x38, 0x8B, 0x40, 0xAD, 0xA2, 0x9A, 0xFD, 0x7F, 0xFD, 0x5F, 0xC3, 0x1E, 0x79, 0x57,
    0x71, 0x35, 0x69, 0x35, 0x69, 0x35, 0x71, 0x56, 0x71, 0x37, 0xBA, 0xFE, 0xFD, 0x9F, 0xD3, 0xFE,
    0x48, 0xF0, 0x30, 0x8B, 0x20, 0x69, 0x18, 0x26, 0x10, 0x25, 0x08, 0x04, 0x08, 0x04, 0x08, 0x04,
    0x08, 0x04, 0x08, 0x04, 0x08, 0x04, 0x08, 0x04, 0x08, 0x04, 0x08, 0x04, 0x08, 0x04, 0x08, 0x04,
    0x08, 0x04, 0x08, 0x04, 0x08, 0x04, 0x08, 0x04, 0x08, 0x04, 0x08, 0x04, 0x08, 0x04, 0x08, 0x04,
    0x08, 0x04, 0x08, 0x04, 0x08, 0x04, 0x08, 0x04, 0x08, 0x04, 0x08, 0x04, 0x08, 0x04, 0x08, 0x04,
    0x08, 0x04, 0x08, 0x04, 0x08, 0x04, 0x08, 0x04, 0x08, 0x04, 0x08, 0x04, 0x08, 0x04, 0x08, 0x04,
    0x08, 0x04, 0x08, 0x04, 0x08, 0x04, 0x08, 0x04, 0x08, 0x04, 0x08, 0x04, 0x08, 0x04, 0x08, 0x04,
    0x08, 0x04, 0x08, 0x04, 0x08, 0x04, 0x08, 0x04, 0x08, 0x04, 0x08, 0x04, 0x08, 0x04, 0x08, 0x04,
    0x08, 0x04, 0x08, 0x04, 0x08, 0x04, 0x08, 0x04, 0x08, 0x04, 0x08, 0x04, 0x08, 0x04, 0x08, 0x04,
    0x08, 0x04, 0x10, 0x04, 0x18, 0x26, 0x20, 0x47, 0x30, 0x6A, 0x38, 0x8B, 0x71, 0x94, 0xF4, 0xBF,
    0xFD, 0xBF, 0xDB, 0x9F, 0x81, 0x78, 0x69, 0x35, 0x69, 0x34, 0x69, 0x14, 0x69, 0x35, 0x69, 0x35,
    0x89, 0xBA, 0xEC, 0x7F, 0xFD, 0x7F, 0x9A, 0x9A, 0x38, 0x8D, 0x30, 0x6A, 0x20, 0x48, 0x10, 0x26,
    0x10, 0x04, 0x08, 0x04, 0x08, 0x04, 0x08, 0x04, 0x08, 0x04, 0x08, 0x04, 0x08, 0x04, 0x08, 0x04,
    0x08, 0x04, 0x08, 0x04, 0x08, 0x04, 0x08, 0x04, 0x08, 0x04, 0x08, 0x04, 0x08, 0x04, 0x08, 0x04,
    0x08, 0x04, 0x08, 0x04, 0x08, 0x04, 0x08, 0x04, 0x08, 0x04, 0x08, 0x04, 0x08, 0x04, 0x08, 0x04,
    0x08, 0x04, 0x08, 0x04, 0x08, 0x04, 0x08, 0x04, 0x08, 0x04, 0x08, 0x04, 0x08, 0x04, 0x08, 0x04,
    0x08, 0x04, 0x08, 0x04, 0x08, 0x04, 0x08, 0x04, 0x08, 0x04, 0x08, 0x04, 0x08, 0x04, 0x08, 0x04,
    0x08, 0x04, 0x08, 0x04, 0x08, 0x04, 0x08, 0x04, 0x08, 0x04, 0x08, 0x04, 0x08, 0x04, 0x08, 0x04,
    0x08, 0x04, 0x08, 0x04, 0x08, 0x04, 0x08, 0x04, 0x08, 0x04, 0x08, 0x04, 0x08, 0x04, 0x08, 0x04,
    0x08, 0x04, 0x08, 0x04, 0x08, 0x04, 0x08, 0x04, 0x08, 0x04, 0x10, 0x25, 0x18, 0x26, 0x28, 0x68,
    0x38, 0x8B, 0x48, 0xCE, 0xC3, 0x7D, 0xFD, 0xBF, 0xEC, 0x7F, 0x91, 0xDA, 0x69, 0x35, 0x69, 0x35,
    0x69, 0x14, 0x69, 0x34, 0x69, 0x35, 0x71, 0x57, 0xC3, 0x3F, 0xFD, 0x9F, 0xEC, 0x7F, 0x61, 0x53,
    0x30, 0x8B, 0x28, 0x69, 0x18, 0x47, 0x10, 0x25, 0x10, 0x04, 0x08, 0x04, 0x08, 0x04, 0x08, 0x04,
    0x08, 0x04, 0x08, 0x04, 0x08, 0x04, 0x08, 0x04, 0x08, 0x04, 0x08, 0x04, 0x08, 0x04, 0x08, 0x04,
    0x08, 0x04, 0x08, 0x04, 0x08, 0x04, 0x08, 0x04, 0x08, 0x04, 0x08, 0x04, 0x08, 0x04, 0x08, 0x04,
    0x08, 0x04, 0x08, 0x04, 0x08, 0x04, 0x08, 0x04, 0x08, 0x04, 0x08, 0x04, 0x08, 0x04, 0x08, 0x04,
    0x08, 0x04, 0x08, 0x04, 0x08, 0x04, 0x08, 0x04, 0x08, 0x04, 0x08, 0x04, 0x08, 0x04, 0x08, 0x04,
    0x08, 0x04, 0x08, 0x04, 0x08, 0x04, 0x08, 0x04, 0x08, 0x04, 0x08, 0x04, 0x08, 0x04, 0x08, 0x04,
    0x08, 0x04, 0x08, 0x04, 0x08, 0x04, 0x08, 0x04, 0x08, 0x04, 0x08, 0x04, 0x08, 0x04, 0x08, 0x04,
    0x08, 0x04, 0x08, 0x04, 0x08, 0x04, 0x08, 0x04, 0x08, 0x04, 0x08, 0x04, 0x08, 0x04, 0x08, 0x04,
    0x10, 0x04, 0x10, 0x25, 0x20, 0x47, 0x30, 0x69, 0x38, 0x8B, 0x79, 0xB5, 0xFD, 0x1F, 0xFD, 0x5F,
    0xB2, 0x9D, 0x71, 0x36, 0x71, 0x35, 0x69, 0x34, 0x69, 0x14, 0x69, 0x35, 0x69, 0x36, 0xA2, 0x3C,
    0xF4, 0xDF, 0xFD, 0x7F, 0xA2, 0xBA, 0x38, 0x8D, 0x30, 0x8B, 0x20, 0x48, 0x18, 0x26, 0x10, 0x05,
    0x08, 0x04, 0x08, 0x04, 0x08, 0x04, 0x08, 0x04, 0x08, 0x04, 0x08, 0x04, 0x08, 0x04, 0x08, 0x04,
    0x08, 0x04, 0x08, 0x04, 0x08, 0x04, 0x08, 0x04, 0x08, 0x04, 0x08, 0x04, 0x08, 0x04, 0x08, 0x04,
    0x08, 0x04, 0x08, 0x04, 0x08, 0x04, 0x08, 0x04, 0x08, 0x04, 0x08, 0x04, 0x08, 0x04, 0x08, 0x04,
    0x08, 0x04, 0x08, 0x04, 0x08, 0x04, 0x08, 0x04, 0x08, 0x04, 0x08, 0x04, 0x08, 0x04, 0x08, 0x04,
    0x08, 0x04, 0x08, 0x04, 0x08, 0x04, 0x08, 0x04, 0x08, 0x04, 0x08, 0x04, 0x08, 0x04, 0x08, 0x04,
    0x08, 0x04, 0x08, 0x04, 0x08, 0x04, 0x08, 0x04, 0x08, 0x04, 0x08, 0x04, 0x08, 0x04, 0x08, 0x04,
    0x08, 0x04, 0x08, 0x04, 0x08, 0x04, 0x08, 0x04, 0x08, 0x04, 0x08, 0x04, 0x08, 0x04, 0x08, 0x04,
    0x08, 0x04, 0x08, 0x04, 0x08, 0x04, 0x08, 0x04, 0x10, 0x24, 0x18, 0x26, 0x20, 0x48, 0x30, 0x8A,
    0x40, 0xAD, 0xBB, 0x3C, 0xFD, 0xBF, 0xE3, 0xFF, 0x89, 0x99, 0x71, 0x56, 0x71, 0x35, 0x69, 0x35,
    0x71, 0x35, 0x71, 0x36, 0x89, 0xDB, 0xE4, 0x3F, 0xFD, 0xBF, 0xDC, 0x1F, 0x51, 0x12, 0x30, 0x8B,
    0x28, 0x69, 0x18, 0x47, 0x10, 0x25, 0x10, 0x04, 0x08, 0x04, 0x08, 0x04, 0x08, 0x04, 0x08, 0x04,
    0x08, 0x04, 0x08, 0x04, 0x08, 0x04, 0x08, 0x04, 0x08, 0x04, 0x08, 0x04, 0x08, 0x04, 0x08, 0x04,
    0x08, 0x04, 0x08, 0x04, 0x08, 0x04, 0x08, 0x04, 0x08, 0x04, 0x08, 0x04, 0x08, 0x04, 0x08, 0x04,
    0x08, 0x04, 0x08, 0x04, 0x08, 0x04, 0x08, 0x04, 0x08, 0x04, 0x08, 0x04, 0x08, 0x04, 0x08, 0x04,
    0x08, 0x04, 0x08, 0x04, 0x08, 0x04, 0x08, 0x04, 0x08, 0x04, 0x08, 0x04, 0x08, 0x04, 0x08, 0x04,
    0x08, 0x04, 0x08, 0x04, 0x08, 0x04, 0x08, 0x04, 0x08, 0x04, 0x08, 0x04, 0x08, 0x04, 0x08, 0x04,
    0x08, 0x04, 0x08, 0x04, 0x08, 0x04, 0x08, 0x04, 0x08, 0x04, 0x08, 0x04, 0x08, 0x04, 0x08, 0x04,
    0x08, 0x04, 0x08, 0x04, 0x08, 0x04, 0x08, 0x04, 0x08, 0x04, 0x08, 0x04, 0x08, 0x04, 0x08, 0x04,
    0x10, 0x25, 0x18, 0x26, 0x28, 0x69, 0x30, 0x8B, 0x59, 0x32, 0xEC, 0x7F, 0xFD, 0x7F, 0xBA, 0xBE,
    0x79, 0x58, 0x79, 0x57, 0x71, 0x56, 0x71, 0x56, 0x71, 0x36, 0x89, 0xBB, 0xDB, 0xDF, 0xFD, 0x9F,
    0xF4, 0xFF, 0x79, 0xD7, 0x38, 0x8D, 0x30, 0x8B, 0x20, 0x48, 0x18, 0x26, 0x10, 0x25, 0x10, 0x04,
    0x08, 0x04, 0x08, 0x04, 0x08, 0x04, 0x08, 0x04, 0x08, 0x04, 0x08, 0x04, 0x08, 0x04, 0x08, 0x04,
    0x08, 0x04, 0x08, 0x04, 0x08, 0x04, 0x08, 0x04, 0x08, 0x04, 0x08, 0x04, 0x08, 0x04, 0x08, 0x04,
    0x08, 0x04, 0x08, 0x04, 0x08, 0x04, 0x08, 0x04, 0x08, 0x04, 0x08, 0x04, 0x08, 0x04, 0x08, 0x04,
    0x08, 0x04, 0x08, 0x04, 0x08, 0x04, 0x08, 0x04, 0x08, 0x04, 0x08, 0x04, 0x08, 0x04, 0x08, 0x04,
    0x08, 0x04, 0x08, 0x04, 0x08, 0x04, 0x08, 0x04, 0x08, 0x04, 0x08, 0x04, 0x08, 0x04, 0x08, 0x04,
    0x08, 0x04, 0x08, 0x04, 0x08, 0x04, 0x08, 0x04, 0x08, 0x04, 0x08, 0x04, 0x08, 0x04, 0x10, 0x04,
    0x10, 0x04, 0x10, 0x04, 0x10, 0x05, 0x10, 0x25, 0x10, 0x25, 0x10, 0x25, 0x10, 0x25, 0x10, 0x04,
    0x10, 0x04, 0x10, 0x04, 0x10, 0x04, 0x10, 0x04, 0x10, 0x25, 0x20, 0x47, 0x28, 0x69, 0x38, 0x6B,
    0x81, 0xF6, 0xFD, 0x5F, 0xF4, 0x9F, 0x99, 0xDC, 0x81, 0x78, 0x81, 0x78, 0x79, 0x58, 0x79, 0x58,
    0x91, 0xDC, 0xDB, 0xDF, 0xFD, 0x9F, 0xFD, 0x3F, 0x9A, 0x9B, 0x40, 0xAF, 0x38, 0x8C, 0x28, 0x6A,
    0x20, 0x48, 0x18, 0x26, 0x10, 0x25, 0x10, 0x25, 0x10, 0x05, 0x10, 0x04, 0x08, 0x04, 0x08, 0x04,
    0x08, 0x04, 0x08, 0x04, 0x08, 0x04, 0x08, 0x04, 0x08, 0x04, 0x08, 0x04, 0x08, 0x04, 0x08, 0x04,
    0x08, 0x04, 0x08, 0x04, 0x08, 0x04, 0x08, 0x04, 0x08, 0x04, 0x08, 0x04, 0x08, 0x04, 0x08, 0x04,
    0x08, 0x04, 0x08, 0x04, 0x08, 0x04, 0x08, 0x04, 0x08, 0x04, 0x08, 0x04, 0x08, 0x04, 0x08, 0x04,
    0x08, 0x04, 0x08, 0x04, 0x08, 0x04, 0x08, 0x04, 0x08, 0x04, 0x08, 0x04, 0x08, 0x04, 0x08, 0x04,
    0x08, 0x04, 0x08, 0x04, 0x08, 0x04, 0x08, 0x04, 0x08, 0x04, 0x08, 0x04, 0x08, 0x04, 0x08, 0x04,
    0x10, 0x04, 0x10, 0x24, 0x10, 0x25, 0x10, 0x25, 0x18, 0x25, 0x18, 0x26, 0x18, 0x26, 0x18, 0x26,
    0x18, 0x26, 0x18, 0x26, 0x18, 0x26, 0x18, 0x26, 0x18, 0x26, 0x10, 0x25, 0x10, 0x25, 0x10, 0x25,
    0x18, 0x26, 0x20, 0x48, 0x30, 0x8A, 0x38, 0x8C, 0xA2, 0xBA, 0xFD, 0x9F, 0xDB, 0x9F, 0x91, 0x9B,
    0x89, 0x9A, 0x81, 0x79, 0x81, 0x7A, 0xAA, 0x5E, 0xEC, 0x3F, 0xFD, 0x9F, 0xFD, 0x5F, 0xAA, 0xDC,
    0x48, 0xF1, 0x40, 0xAD, 0x30, 0x8C, 0x28, 0x6A, 0x20, 0x48, 0x18, 0x47, 0x18, 0x27, 0x18, 0x26,
    0x10, 0x26, 0x10, 0x26, 0x10, 0x25, 0x10, 0x25, 0x10, 0x25, 0x10, 0x04, 0x08, 0x04, 0x08, 0x04,
    0x08, 0x04, 0x08, 0x04, 0x08, 0x04, 0x08, 0x04, 0x08, 0x04, 0x08, 0x04, 0x08, 0x04, 0x08, 0x04,
    0x08, 0x04, 0x08, 0x04, 0x08, 0x04, 0x08, 0x04, 0x08, 0x04, 0x08, 0x04, 0x08, 0x04, 0x08, 0x04,
    0x08, 0x04, 0x08, 0x04, 0x08, 0x04, 0x08, 0x04, 0x08, 0x04, 0x08, 0x04, 0x08, 0x04, 0x08, 0x04,
    0x08, 0x04, 0x08, 0x04, 0x08, 0x04, 0x08, 0x04, 0x08, 0x04, 0x08, 0x04, 0x08, 0x04, 0x08, 0x04,
    0x08, 0x04, 0x08, 0x04, 0x10, 0x04, 0x10, 0x25, 0x10, 0x25, 0x18, 0x26, 0x18, 0x26, 0x20, 0x47,
    0x20, 0x47, 0x20, 0x47, 0x28, 0x48, 0x28, 0x68, 0x28, 0x68, 0x28, 0x68, 0x28, 0x48, 0x20, 0x48,
    0x20, 0x47, 0x20, 0x47, 0x18, 0x47, 0x18, 0x47, 0x20, 0x47, 0x28, 0x69, 0x30, 0x8B, 0x40, 0xAE,
    0xBB, 0x3C, 0xFD, 0x7F, 0xC2, 0xDF, 0x89, 0x7B, 0x91, 0x9C, 0xAA, 0x1D, 0xD3, 0x5F, 0xFC, 0xFF,
    0xFD, 0xDF, 0xFC, 0xFF, 0xAA, 0xBC, 0x50, 0xF2, 0x48, 0xCF, 0x40, 0xAE, 0x30, 0x8C, 0x28, 0x6A,
    0x28, 0x6A, 0x20, 0x69, 0x20, 0x49, 0x20, 0x48, 0x20, 0x48, 0x18, 0x48, 0x18, 0x47, 0x18, 0x47,
    0x10, 0x26, 0x10, 0x25, 0x10, 0x25, 0x10, 0x24, 0x08, 0x04, 0x08, 0x04, 0x08, 0x04, 0x08, 0x04,
    0x08, 0x04, 0x08, 0x04, 0x08, 0x04, 0x08, 0x04, 0x08, 0x04, 0x08, 0x04, 0x08, 0x04, 0x08, 0x04,
    0x08, 0x04, 0x08, 0x04, 0x08, 0x04, 0x08, 0x04, 0x08, 0x04, 0x08, 0x04, 0x08, 0x04, 0x08, 0x04,
    0x08, 0x04, 0x08, 0x04, 0x08, 0x04, 0x08, 0x04, 0x08, 0x04, 0x08, 0x04, 0x08, 0x04, 0x08, 0x04,
    0x08, 0x04, 0x08, 0x04, 0x08, 0x04, 0x08, 0x04, 0x10, 0x04, 0x10, 0x25, 0x10, 0x25, 0x18, 0x26,
    0x20, 0x46, 0x20, 0x47, 0x28, 0x68, 0x30, 0x69, 0x30, 0x89, 0x30, 0x8A, 0x30, 0x6A, 0x30, 0x6A,
    0x30, 0x6A, 0x30, 0x6A, 0x30, 0x6A, 0x30, 0x6A, 0x30, 0x6A, 0x30, 0x69, 0x28, 0x69, 0x28, 0x69,
    0x28, 0x69, 0x30, 0x8A, 0x38, 0xAC, 0x48, 0xAF, 0xCB, 0x9D, 0xFD, 0x5F, 0xCA, 0xBF, 0xBA, 0x7F,
    0xDB, 0x9F, 0xFC, 0xBF, 0xFD, 0xBF, 0xFD, 0xBF, 0xE4, 0x3F, 0x92, 0x1A, 0x50, 0xF2, 0x50, 0xF1,
    0x48, 0xD0, 0x40, 0xAE, 0x38, 0xAD, 0x30, 0x8C, 0x30, 0x6B, 0x28, 0x6A, 0x28, 0x6A, 0x28, 0x6A,
    0x28, 0x6A, 0x28, 0x6A, 0x28, 0x6A, 0x20, 0x69, 0x20, 0x48, 0x18, 0x47, 0x18, 0x46, 0x10, 0x26,
    0x10, 0x25, 0x10, 0x04, 0x08, 0x04, 0x08, 0x04, 0x08, 0x04, 0x08, 0x04, 0x08, 0x04, 0x08, 0x04,
    0x08, 0x04, 0x08, 0x04, 0x08, 0x04, 0x08, 0x04, 0x08, 0x04, 0x08, 0x04, 0x08, 0x04, 0x08, 0x04,
    0x08, 0x04, 0x08, 0x04, 0x08, 0x04, 0x08, 0x04, 0x08, 0x04, 0x08, 0x04, 0x08, 0x04, 0x08, 0x04,
    0x08, 0x04, 0x08, 0x04, 0x08, 0x04, 0x08, 0x04, 0x08, 0x04, 0x08, 0x04, 0x08, 0x04, 0x10, 0x04,
    0x10, 0x25, 0x18, 0x26, 0x20, 0x47, 0x20, 0x47, 0x28, 0x69, 0x30, 0x8A, 0x38, 0x8A, 0x38, 0x8A,
    0x38, 0x8B, 0x40, 0xAD, 0x50, 0xCE, 0x59, 0x10, 0x59, 0x10, 0x59, 0x10, 0x50, 0xEF, 0x40, 0xAD,
    0x38, 0x8C, 0x38, 0x6B, 0x38, 0x8B, 0x38, 0x8B, 0x38, 0x8B, 0x38, 0xAC, 0x40, 0xAD, 0x50, 0xD0,
    0xCB, 0x9D, 0xFD, 0xBF, 0xFC, 0xFF, 0xFD, 0x5F, 0xFD, 0xDF, 0xFD, 0xBF, 0xEC, 0xBF, 0xBA, 0xFD,
    0x71, 0x77, 0x58, 0xF3, 0x58, 0xF2, 0x50, 0xD1, 0x40, 0xAF, 0x40, 0xAF, 0x40, 0xAF, 0x40, 0xD0,
    0x48, 0xF1, 0x49, 0x11, 0x49, 0x11, 0x40, 0xF0, 0x38, 0xAE, 0x30, 0x8D, 0x28, 0x8B, 0x28, 0x8B,
    0x28, 0x8A, 0x20, 0x8A, 0x20, 0x68, 0x18, 0x47, 0x10, 0x26, 0x10, 0x25, 0x10, 0x25, 0x08, 0x04,
    0x08, 0x04, 0x08, 0x04, 0x08, 0x04, 0x08, 0x04, 0x08, 0x04, 0x08, 0x04, 0x08, 0x04, 0x08, 0x04,
    0x08, 0x04, 0x08, 0x04, 0x08, 0x04, 0x08, 0x04, 0x08, 0x04, 0x08, 0x04, 0x08, 0x04, 0x08, 0x04,
    0x08, 0x04, 0x08, 0x04, 0x08, 0x04, 0x08, 0x04, 0x08, 0x04, 0x08, 0x04, 0x08, 0x04, 0x08, 0x04,
    0x08, 0x04, 0x10, 0x04, 0x10, 0x25, 0x10, 0x25, 0x18, 0x26, 0x20, 0x47, 0x28, 0x68, 0x38, 0x8A,
    0x38, 0x8B, 0x40, 0x8B, 0x50, 0xCE, 0x71, 0x93, 0x9A, 0x78, 0xC3, 0x5B, 0xDC, 0x1D, 0xEC, 0x7E,
    0xEC, 0x7F, 0xEC, 0x7F, 0xDC, 0x3E, 0xC3, 0x9C, 0xA2, 0xB9, 0x81, 0xD5, 0x59, 0x11, 0x40, 0xAE,
    0x40, 0x8D, 0x48, 0xAE, 0x50, 0xCF, 0x50, 0xF1, 0xB2, 0xFC, 0xFD, 0x3F, 0xFD, 0x3F, 0xF4, 0xBF,
    0xDB, 0xDF, 0xB2, 0xBD, 0x81, 0xB9, 0x61, 0x15, 0x58, 0xF3, 0x58, 0xF3, 0x58, 0xF3, 0x61, 0x55,
    0x81, 0xF8, 0x9A, 0xBB, 0xBB, 0x7D, 0xCB, 0xFE, 0xDC, 0x5F, 0xDC, 0x5F, 0xDC, 0x5F, 0xD4, 0x3E,
    0xBB, 0xBD, 0x92, 0xFA, 0x69, 0xF6, 0x49, 0x31, 0x30, 0xAD, 0x28, 0x8B, 0x28, 0x8B, 0x20, 0x8A,
    0x20, 0x68, 0x18, 0x47, 0x10, 0x26, 0x10, 0x25, 0x08, 0x04, 0x08, 0x04, 0x08, 0x04, 0x08, 0x04,
    0x08, 0x04, 0x08, 0x04, 0x08, 0x04, 0x08, 0x04, 0x08, 0x04, 0x08, 0x04, 0x08, 0x04, 0x08, 0x04,
    0x08, 0x04, 0x08, 0x04, 0x08, 0x04, 0x08, 0x04, 0x08, 0x04, 0x08, 0x04, 0x08, 0x04, 0x08, 0x04,
    0x08, 0x04, 0x08, 0x04, 0x08, 0x04, 0x08, 0x04, 0x10, 0x04, 0x10, 0x25, 0x18, 0x25, 0x20, 0x46,
    0x28, 0x48, 0x30, 0x69, 0x38, 0x8B, 0x40, 0x8C, 0x58, 0xF0, 0x9A, 0x37, 0xD3, 0xBD, 0xFC, 0xFF,
    0xFD, 0x9F, 0xFD, 0x9F, 0xFD, 0x1F, 0xF4, 0x9F, 0xE4, 0x3F, 0xEC, 0x7F, 0xFC, 0xFF, 0xFD, 0x5F,
    0xFD, 0x7F, 0xFD, 0x3F, 0xE4, 0x5F, 0xBB, 0x3C, 0x89, 0xF7, 0x61, 0x33, 0x50, 0xD1, 0x50, 0xD1,
    0x71, 0x55, 0x91, 0xF9, 0x89, 0xD9, 0x81, 0x98, 0x69, 0x36, 0x60, 0xF4, 0x58, 0xF3, 0x61, 0x14,
    0x69, 0x56, 0x8A, 0x1A, 0xBB, 0x3D, 0xE4, 0x7F, 0xFD, 0x3F, 0xFD, 0x5F, 0xFD, 0x3F, 0xF4, 0xDF,
    0xE4, 0x5F, 0xD4, 0x1F, 0xDC, 0x5F, 0xEC, 0xDF, 0xFD, 0x7F, 0xFD, 0xBF, 0xF5, 0x5F, 0xCC, 0x7F,
    0x92, 0xFB, 0x51, 0x94, 0x30, 0xCE, 0x28, 0xAC, 0x28, 0xAB, 0x20, 0x69, 0x18, 0x47, 0x10, 0x46,
    0x10, 0x25, 0x10, 0x24, 0x08, 0x04, 0x08, 0x04, 0x08, 0x04, 0x08, 0x04, 0x08, 0x04, 0x08, 0x04,
    0x08, 0x04, 0x08, 0x04, 0x08, 0x04, 0x08, 0x04, 0x08, 0x04, 0x08, 0x04, 0x08, 0x04, 0x08, 0x04,
    0x08, 0x04, 0x08, 0x04, 0x08, 0x04, 0x08, 0x04, 0x08, 0x04, 0x08, 0x04, 0x08, 0x04, 0x10, 0x04,
    0x10, 0x25, 0x18, 0x26, 0x20, 0x47, 0x28, 0x68, 0x38, 0x8A, 0x40, 0x8B, 0x50, 0xCE, 0x91, 0xF6,
    0xDB, 0xFE, 0xFD, 0x7F, 0xFD, 0xBF, 0xFD, 0x1F, 0xDB, 0xFE, 0xB2, 0xDB, 0x91, 0xF8, 0x79, 0x75,
    0x69, 0x33, 0x71, 0x54, 0x81, 0xB7, 0xA2, 0x7A, 0xC3, 0x5D, 0xEC, 0x7F, 0xFD, 0x5F, 0xFD, 0x9F,
    0xFD, 0x3F, 0xE4, 0x5F, 0xBB, 0x1C, 0x92, 0x19, 0x71, 0x76, 0x61, 0x15, 0x61, 0x14, 0x61, 0x15,
    0x69, 0x35, 0x71, 0x77, 0x89, 0xFA, 0xB2, 0xFD, 0xDC, 0x3F, 0xFD, 0x3F, 0xFD, 0x9F, 0xFD, 0x3F,
    0xE4, 0x5F, 0xBB, 0x3E, 0x92, 0x5B, 0x71, 0xB8, 0x61, 0x56, 0x59, 0x35, 0x59, 0x56, 0x69, 0xB8,
    0x8A, 0x7B, 0xB3, 0x9E, 0xDC, 0xDF, 0xFD, 0xDF, 0xFD, 0xFF, 0xDC, 0xFF, 0x8B, 0x1B, 0x49, 0x52,
    0x30, 0xAD, 0x28, 0xAB, 0x20, 0x8A, 0x18, 0x68, 0x10, 0x46, 0x10, 0x25, 0x08, 0x24, 0x08, 0x04,
    0x08, 0x04, 0x08, 0x04, 0x08, 0x04, 0x08, 0x04, 0x08, 0x04, 0x08, 0x04, 0x08, 0x04, 0x08, 0x04,
    0x08, 0x04, 0x08, 0x04, 0x08, 0x04, 0x08, 0x04, 0x08, 0x04, 0x08, 0x04, 0x08, 0x04, 0x08, 0x04,
    0x08, 0x04, 0x08, 0x04, 0x10, 0x04, 0x10, 0x25, 0x18, 0x26, 0x20, 0x47, 0x28, 0x68, 0x38, 0x8A,
    0x40, 0xAC, 0x61, 0x31, 0xC3, 0x1B, 0xFD, 0x1F, 0xFD, 0xDF, 0xFD, 0x1F, 0xD3, 0x7E, 0x9A, 0x18,
    0x71, 0x34, 0x58, 0xF1, 0x50, 0xCF, 0x50, 0xCF, 0x50, 0xCF, 0x50, 0xCF, 0x50, 0xCF, 0x50, 0xD0,
    0x58, 0xF2, 0x71, 0x75, 0x9A, 0x3A, 0xC3, 0x7E, 0xEC, 0x9F, 0xFD, 0x5F, 0xFD, 0x9F, 0xFD, 0x5F,
    0xF4, 0xBF, 0xDC, 0x1F, 0xD3, 0xDE, 0xD3, 0xBE, 0xD3, 0xFE, 0xEC, 0x7F, 0xFD, 0x1F, 0xFD, 0x9F,
    0xFD, 0x7F, 0xEC, 0xBF, 0xC3, 0x7F, 0x92, 0x5B, 0x69, 0x57, 0x50, 0xF3, 0x48, 0xD2, 0x48, 0xD0,
    0x40, 0xD0, 0x40, 0xD0, 0x40, 0xD0, 0x40, 0xD0, 0x48, 0xF1, 0x51, 0x14, 0x69, 0xB8, 0x9B, 0x1D,
    0xD4, 0xBF, 0xFE, 0x1F, 0xFE, 0x1F, 0xC4, 0x7F, 0x6A, 0x17, 0x30, 0xEE, 0x28, 0xCC, 0x20, 0xAA,
    0x18, 0x68, 0x10, 0x46, 0x10, 0x25, 0x08, 0x04, 0x08, 0x04, 0x08, 0x04, 0x08, 0x04, 0x08, 0x04,
    0x08, 0x04, 0x08, 0x04, 0x08, 0x04, 0x08, 0x04, 0x08, 0x04, 0x08, 0x04, 0x08, 0x04, 0x08, 0x04,
    0x08, 0x04, 0x08, 0x04, 0x08, 0x04, 0x08, 0x04, 0x08, 0x04, 0x08, 0x04, 0x10, 0x25, 0x18, 0x25,
    0x20, 0x47, 0x28, 0x68, 0x38, 0x8B, 0x40, 0xAC, 0x79, 0x93, 0xE3, 0xFE, 0xFD, 0xBF, 0xFD, 0x9F,
    0xEC, 0x1F, 0xA2, 0x39, 0x69, 0x13, 0x58, 0xD0, 0x50, 0xCF, 0x50, 0xCE, 0x48, 0xCD, 0x40, 0xAD,
    0x40, 0xAD, 0x40, 0xAD, 0x40, 0xAD, 0x48, 0xAE, 0x48, 0xCE, 0x48, 0xCF, 0x50, 0xD0, 0x58, 0xF2,
    0x79, 0x76, 0x9A, 0x5A, 0xC3, 0x5D, 0xDC, 0x1F, 0xEC, 0x9F, 0xF4, 0xBF, 0xF4, 0xBF, 0xF4, 0xBF,
    0xF4, 0xBF, 0xF4, 0xBF, 0xE4, 0x5F, 0xC3, 0x9E, 0xA2, 0x9C, 0x79, 0x98, 0x59, 0x14, 0x48, 0xD2,
    0x48, 0xD0, 0x40, 0xD0, 0x40, 0xAF, 0x38, 0xAE, 0x38, 0xAE, 0x38, 0xAE, 0x38, 0xAE, 0x38, 0xCE,
    0x40, 0xEF, 0x40, 0xF0, 0x49, 0x11, 0x49, 0x33, 0x69, 0xD9, 0xA3, 0x9E, 0xED, 0x9F, 0xFE, 0x7F,
    0xE5, 0x7F, 0x82, 0xDA, 0x39, 0x10, 0x28, 0xCC, 0x20, 0xAA, 0x18, 0x67, 0x10, 0x46, 0x10, 0x25,
    0x08, 0x04, 0x08, 0x04, 0x08, 0x04, 0x08, 0x04, 0x08, 0x04, 0x08, 0x04, 0x08, 0x04, 0x08, 0x04,
    0x08, 0x04, 0x08, 0x04, 0x08, 0x04, 0x08, 0x04, 0x08, 0x04, 0x08, 0x04, 0x08, 0x04, 0x08, 0x04,
    0x08, 0x04, 0x10, 0x04, 0x18, 0x25, 0x20, 0x47, 0x28, 0x68, 0x38, 0x8B, 0x40, 0xAC, 0x81, 0xB5,
    0xEC, 0x7F, 0xFD, 0xDF, 0xFD, 0x3F, 0xCB, 0x1D, 0x81, 0x75, 0x60, 0xF1, 0x58, 0xEF, 0x50, 0xCE,
    0x40, 0xAD, 0x38, 0x8C, 0x38, 0x8B, 0x30, 0x8A, 0x30, 0x6A, 0x30, 0x6A, 0x30, 0x6A, 0x38, 0x8B,
    0x38, 0x8C, 0x40, 0xAC, 0x40, 0xAD, 0x48, 0xCE, 0x48, 0xCF, 0x50, 0xD0, 0x58, 0xF2, 0x61, 0x34,
    0x71, 0x76, 0x79, 0x97, 0x79, 0x97, 0x79, 0x97, 0x71, 0x97, 0x71, 0x97, 0x69, 0x56, 0x58, 0xF4,
    0x50, 0xD1, 0x48, 0xD0, 0x48, 0xCF, 0x40, 0xAE, 0x38, 0xAE, 0x38, 0x8D, 0x30, 0x8C, 0x28, 0x8B,
    0x28, 0x8B, 0x28, 0x8B, 0x28, 0x8B, 0x30, 0x8C, 0x30, 0xAD, 0x38, 0xCE, 0x40, 0xEF, 0x49, 0x11,
    0x49, 0x33, 0x59, 0x76, 0x8A, 0xDD, 0xD5, 0x1F, 0xFE, 0x9F, 0xF6, 0x1F, 0x8B, 0x5B, 0x39, 0x10,
    0x28, 0xCB, 0x20, 0x89, 0x18, 0x47, 0x10, 0x25, 0x08, 0x04, 0x08, 0x04, 0x08, 0x04, 0x08, 0x04,
    0x08, 0x04, 0x08, 0x04, 0x08, 0x04, 0x08, 0x04, 0x08, 0x04, 0x08, 0x04, 0x08, 0x04, 0x08, 0x04,
    0x08, 0x04, 0x08, 0x04, 0x08, 0x04, 0x08, 0x04, 0x10, 0x04, 0x10, 0x25, 0x18, 0x46, 0x28, 0x68,
    0x38, 0x8A, 0x40, 0xAC, 0x81, 0xB4, 0xF4, 0x7F, 0xFD, 0xFF, 0xFC, 0xFF, 0xBA, 0x9B, 0x71, 0x33,
    0x58, 0xF0, 0x50, 0xCF, 0x48, 0xAD, 0x38, 0x8B, 0x30, 0x8A, 0x30, 0x69, 0x28, 0x69, 0x28, 0x48,
    0x20, 0x48, 0x20, 0x48, 0x28, 0x48, 0x28, 0x69, 0x28, 0x69, 0x30, 0x6A, 0x30, 0x8B, 0x38, 0x8C,
    0x38, 0xAC, 0x40, 0xAD, 0x40, 0xAE, 0x40, 0xAE, 0x48, 0xAF, 0x48, 0xAF, 0x48, 0xAF, 0x48, 0xAF,
    0x48, 0xAF, 0x40, 0xAF, 0x40, 0xAF, 0x40, 0xAE, 0x40, 0xAE, 0x38, 0xAD, 0x38, 0x8C, 0x30, 0x8B,
    0x28, 0x6B, 0x28, 0x6A, 0x20, 0x69, 0x20, 0x49, 0x20, 0x69, 0x20, 0x69, 0x20, 0x69, 0x20, 0x69,
    0x28, 0x8A, 0x28, 0x8B, 0x30, 0xCD, 0x38, 0xEF, 0x49, 0x32, 0x51, 0x74, 0x59, 0x97, 0x7A, 0x7D,
    0xCC, 0xDF, 0xFE, 0x9F, 0xF6, 0x3F, 0x83, 0x3B, 0x30, 0xEE, 0x20, 0xAA, 0x18, 0x67, 0x10, 0x25,
    0x08, 0x24, 0x08, 0x04, 0x08, 0x04, 0x08, 0x04, 0x08, 0x04, 0x08, 0x04, 0x08, 0x04, 0x08, 0x04,
    0x08, 0x04, 0x08, 0x04, 0x08, 0x04, 0x08, 0x04, 0x08, 0x04, 0x08, 0x04, 0x08, 0x04, 0x08, 0x04,
    0x10, 0x25, 0x18, 0x26, 0x28, 0x47, 0x38, 0x8A, 0x40, 0x8B, 0x71, 0x52, 0xEC, 0x3F, 0xFD, 0xFF,
    0xFC, 0xDF, 0xB2, 0x5B, 0x69, 0x12, 0x58, 0xF0, 0x50, 0xCE, 0x40, 0xAC, 0x38, 0x8A, 0x30, 0x69,
    0x28, 0x48, 0x20, 0x47, 0x20, 0x47, 0x18, 0x47, 0x18, 0x26, 0x18, 0x26, 0x18, 0x27, 0x18, 0x47,
    0x20, 0x47, 0x20, 0x48, 0x20, 0x48, 0x28, 0x69, 0x28, 0x6A, 0x30, 0x6A, 0x30, 0x8B, 0x38, 0x8C,
    0x38, 0x8C, 0x38, 0x8C, 0x38, 0x8C, 0x38, 0x8C, 0x38, 0x8C, 0x38, 0x8C, 0x30, 0x8C, 0x30, 0x8B,
    0x30, 0x6B, 0x28, 0x6A, 0x28, 0x69, 0x20, 0x49, 0x20, 0x48, 0x20, 0x48, 0x18, 0x47, 0x18, 0x47,
    0x18, 0x47, 0x18, 0x47, 0x18, 0x47, 0x18, 0x48, 0x20, 0x69, 0x20, 0x8A, 0x28, 0xAB, 0x30, 0xCD,
    0x41, 0x10, 0x49, 0x53, 0x59, 0xB6, 0x61, 0xD8, 0x7A, 0x9E, 0xDD, 0x5F, 0xFE, 0xDF, 0xEE, 0x1F,
    0x72, 0xD8, 0x20, 0xAA, 0x18, 0x68, 0x10, 0x46, 0x08, 0x24, 0x08, 0x04, 0x08, 0x04, 0x08, 0x04,
    0x08, 0x04, 0x08, 0x04, 0x08, 0x04, 0x08, 0x04, 0x08, 0x04, 0x08, 0x04, 0x08, 0x04, 0x08, 0x04,
    0x08, 0x04, 0x08, 0x04, 0x08, 0x04, 0x10, 0x04, 0x18, 0x25, 0x20, 0x47, 0x30, 0x69, 0x40, 0x8B,
    0x58, 0xEF, 0xD3, 0x9D, 0xFD, 0xDF, 0xFD, 0x1F, 0xB2, 0x7B, 0x69, 0x12, 0x58, 0xF0, 0x48, 0xCE,
    0x38, 0x8B, 0x30, 0x6A, 0x28, 0x68, 0x20, 0x47, 0x18, 0x47, 0x18, 0x26, 0x18, 0x26, 0x18, 0x26,
    0x18, 0x25, 0x18, 0x26, 0x18, 0x26, 0x18, 0x26, 0x18, 0x26, 0x18, 0x26, 0x18, 0x27, 0x20, 0x47,
    0x20, 0x47, 0x20, 0x48, 0x20, 0x48, 0x28, 0x69, 0x28, 0x69, 0x28, 0x69, 0x28, 0x69, 0x28, 0x69,
    0x28, 0x69, 0x28, 0x69, 0x28, 0x69, 0x20, 0x49, 0x20, 0x48, 0x20, 0x48, 0x18, 0x47, 0x18, 0x27,
    0x18, 0x27, 0x18, 0x26, 0x18, 0x26, 0x10, 0x26, 0x10, 0x26, 0x18, 0x26, 0x18, 0x47, 0x18, 0x47,
    0x18, 0x48, 0x20, 0x69, 0x28, 0x8A, 0x30, 0xCD, 0x39, 0x10, 0x49, 0x53, 0x59, 0x96, 0x61, 0xFA,
    0xA3, 0xBF, 0xEE, 0x1F, 0xFE, 0xDF, 0xE5, 0xFF, 0x7B, 0x19, 0x20, 0xAB, 0x18, 0x67, 0x10, 0x46,
    0x08, 0x24, 0x08, 0x04, 0x08, 0x04, 0x08, 0x04, 0x08, 0x04, 0x08, 0x04, 0x08, 0x04, 0x08, 0x04,
    0x08, 0x04, 0x08, 0x04, 0x08, 0x04, 0x08, 0x04, 0x08, 0x04, 0x08, 0x04, 0x08, 0x04, 0x10, 0x25,
    0x18, 0x46, 0x28, 0x68, 0x38, 0x8A, 0x48, 0xAD, 0xB2, 0xB9, 0xFD, 0x9F, 0xFD, 0x7F, 0xC2, 0xDC,
    0x69, 0x12, 0x58, 0xF0, 0x48, 0xCE, 0x38, 0x8B, 0x30, 0x69, 0x28, 0x48, 0x20, 0x47, 0x18, 0x26,
    0x18, 0x26, 0x18, 0x25, 0x10, 0x25, 0x10, 0x25, 0x10, 0x25, 0x10, 0x25, 0x10, 0x25, 0x10, 0x25,
    0x10, 0x25, 0x10, 0x25, 0x10, 0x25, 0x18, 0x26, 0x18, 0x26, 0x18, 0x26, 0x18, 0x27, 0x18, 0x47,
    0x18, 0x47, 0x20, 0x47, 0x20, 0x47, 0x20, 0x47, 0x18, 0x47, 0x18, 0x47, 0x18, 0x47, 0x18, 0x27,
    0x18, 0x26, 0x18, 0x26, 0x18, 0x26, 0x10, 0x26, 0x10, 0x26, 0x10, 0x26, 0x10, 0x26, 0x10, 0x26,
    0x10, 0x26, 0x10, 0x26, 0x18, 0x26, 0x18, 0x47, 0x18, 0x47, 0x20, 0x69, 0x28, 0x8A, 0x30, 0xCD,
    0x41, 0x10, 0x49, 0x53, 0x59, 0xD8, 0xA3, 0xBF, 0xF6, 0x5F, 0xFE, 0xDF, 0xCD, 0x3F, 0x62, 0x78,
    0x31, 0x0D, 0x20, 0xAA, 0x18, 0x67, 0x10, 0x25, 0x08, 0x24, 0x08, 0x04, 0x08, 0x04, 0x08, 0x04,
    0x08, 0x04, 0x08, 0x04, 0x08, 0x04, 0x08, 0x04, 0x08, 0x04, 0x08, 0x04, 0x08, 0x04, 0x08, 0x04,
    0x08, 0x04, 0x08, 0x04, 0x10, 0x24, 0x18, 0x25, 0x20, 0x47, 0x30, 0x89, 0x40, 0x8B, 0x79, 0x93,
    0xF4, 0xDF, 0xFD, 0xDF, 0xDB, 0x7E, 0x71, 0x34, 0x58, 0xF0, 0x48, 0xCE, 0x38, 0x8B, 0x30, 0x69,
    0x28, 0x48, 0x20, 0x47, 0x18, 0x26, 0x18, 0x26, 0x10, 0x25, 0x10, 0x25, 0x10, 0x25, 0x10, 0x25,
    0x10, 0x25, 0x10, 0x25, 0x10, 0x25, 0x10, 0x25, 0x10, 0x25, 0x10, 0x25, 0x10, 0x25, 0x10, 0x25,
    0x10, 0x25, 0x10, 0x25, 0x10, 0x25, 0x10, 0x25, 0x10, 0x26, 0x18, 0x26, 0x18, 0x26, 0x18, 0x26,
    0x18, 0x26, 0x10, 0x26, 0x10, 0x25, 0x10, 0x25, 0x10, 0x25, 0x10, 0x25, 0x10, 0x25, 0x10, 0x25,
    0x10, 0x25, 0x10, 0x25, 0x10, 0x25, 0x10, 0x25, 0x10, 0x25, 0x10, 0x26, 0x10, 0x26, 0x18, 0x47,
    0x18, 0x48, 0x20, 0x69, 0x28, 0xAB, 0x30, 0xEE, 0x41, 0x31, 0x51, 0x75, 0x93, 0x7E, 0xF6, 0x1F,
    0xFE, 0xBF, 0xB4, 0x9F, 0x51, 0xD5, 0x30, 0xED, 0x28, 0xCB, 0x18, 0x88, 0x10, 0x46, 0x10, 0x25,
    0x08, 0x04, 0x08, 0x04, 0x08, 0x04, 0x08, 0x04, 0x08, 0x04, 0x08, 0x04, 0x08, 0x04, 0x08, 0x04,
    0x08, 0x04, 0x08, 0x04, 0x08, 0x04, 0x08, 0x04, 0x08, 0x04, 0x08, 0x04, 0x10, 0x25, 0x18, 0x46,
    0x28, 0x68, 0x38, 0x8A, 0x48, 0xCE, 0xCB, 0x5C, 0xFD, 0xDF, 0xF4, 0x7F, 0x89, 0xB7, 0x60, 0xF0,
    0x50, 0xCE, 0x40, 0x8C, 0x30, 0x69, 0x28, 0x48, 0x20, 0x47, 0x18, 0x26, 0x18, 0x25, 0x10, 0x25,
    0x10, 0x25, 0x10, 0x25, 0x10, 0x25, 0x10, 0x04, 0x10, 0x04, 0x10, 0x04, 0x10, 0x04, 0x10, 0x04,
    0x10, 0x04, 0x10, 0x25, 0x10, 0x25, 0x10, 0x25, 0x10, 0x25, 0x10, 0x25, 0x10, 0x25, 0x10, 0x25,
    0x10, 0x25, 0x10, 0x25, 0x10, 0x25, 0x10, 0x25, 0x10, 0x25, 0x10, 0x25, 0x10, 0x25, 0x10, 0x25,
    0x10, 0x25, 0x10, 0x25, 0x10, 0x25, 0x10, 0x25, 0x10, 0x25, 0x10, 0x25, 0x10, 0x25, 0x10, 0x25,
    0x10, 0x25, 0x10, 0x25, 0x10, 0x26, 0x18, 0x47, 0x18, 0x68, 0x20, 0x8A, 0x30, 0xCC, 0x39, 0x0F,
    0x41, 0x32, 0x7A, 0xBB, 0xE5, 0xBF, 0xFE, 0x9F, 0xB4, 0x9E, 0x49, 0xB4, 0x30, 0xED, 0x28, 0xEC,
    0x20, 0x89, 0x18, 0x67, 0x10, 0x46, 0x10, 0x25, 0x08, 0x04, 0x08, 0x04, 0x08, 0x04, 0x08, 0x04,
    0x08, 0x04, 0x08, 0x04, 0x08, 0x04, 0x08, 0x04, 0x08, 0x04, 0x08, 0x04, 0x08, 0x04, 0x08, 0x04,
    0x08, 0x04, 0x10, 0x04, 0x10, 0x25, 0x20, 0x47, 0x30, 0x69, 0x38, 0x8B, 0x79, 0x93, 0xFC, 0xFF,
    0xFD, 0x7F, 0xB2, 0x9B, 0x60, 0xF1, 0x58, 0xEF, 0x40, 0xAC, 0x30, 0x6A, 0x28, 0x48, 0x20, 0x47,
    0x18, 0x26, 0x10, 0x25, 0x10, 0x25, 0x10, 0x25, 0x10, 0x25, 0x10, 0x04, 0x10, 0x04, 0x10, 0x04,
    0x10, 0x04, 0x08, 0x04, 0x08, 0x04, 0x08, 0x04, 0x10, 0x04, 0x10, 0x04, 0x10, 0x04, 0x10, 0x04,
    0x10, 0x04, 0x10, 0x04, 0x10, 0x04, 0x10, 0x05, 0x10, 0x05, 0x10, 0x05, 0x10, 0x05, 0x10, 0x05,
    0x10, 0x05, 0x10, 0x05, 0x10, 0x04, 0x10, 0x05, 0x10, 0x05, 0x10, 0x04, 0x10, 0x04, 0x10, 0x04,
    0x10, 0x04, 0x10, 0x04, 0x10, 0x25, 0x10, 0x25, 0x10, 0x25, 0x10, 0x25, 0x10, 0x26, 0x18, 0x47,
    0x20, 0x68, 0x28, 0x8B, 0x30, 0xED, 0x39, 0x10, 0x59, 0xD7, 0xC4, 0xDF, 0xFE, 0xBF, 0xC4, 0xFF,
    0x51, 0xD5, 0x30, 0xED, 0x28, 0xEC, 0x20, 0xA9, 0x18, 0x67, 0x10, 0x46, 0x10, 0x25, 0x08, 0x04,
    0x08, 0x04, 0x08, 0x04, 0x08, 0x04, 0x08, 0x04, 0x08, 0x04, 0x08, 0x04, 0x08, 0x04, 0x08, 0x04,
    0x08, 0x04, 0x08, 0x04, 0x08, 0x04, 0x08, 0x04, 0x08, 0x04, 0x10, 0x24, 0x18, 0x26, 0x28, 0x47,
    0x38, 0x8A, 0x40, 0xAC, 0xB2, 0xFA, 0xFD, 0xBF, 0xEC, 0x3F, 0x79, 0x55, 0x58, 0xEF, 0x48, 0xCD,
    0x38, 0x8B, 0x28, 0x69, 0x20, 0x47, 0x18, 0x26, 0x18, 0x26, 0x10, 0x25, 0x10, 0x25, 0x10, 0x25,
    0x10, 0x04, 0x10, 0x04, 0x08, 0x04, 0x08, 0x04, 0x08, 0x04, 0x08, 0x04, 0x08, 0x04, 0x08, 0x04,
    0x08, 0x04, 0x08, 0x04, 0x08, 0x04, 0x08, 0x04, 0x08, 0x04, 0x08, 0x04, 0x08, 0x04, 0x08, 0x04,
    0x10, 0x04, 0x10, 0x04, 0x10, 0x04, 0x10, 0x04, 0x10, 0x04, 0x10, 0x04, 0x08, 0x04, 0x08, 0x04,
    0x08, 0x04, 0x08, 0x04, 0x08, 0x04, 0x08, 0x04, 0x08, 0x04, 0x08, 0x04, 0x10, 0x04, 0x10, 0x25,
    0x10, 0x25, 0x10, 0x25, 0x10, 0x26, 0x18, 0x47, 0x20, 0x69, 0x28, 0xAC, 0x39, 0x0E, 0x41, 0x32,
    0x93, 0x7D, 0xFE, 0x5F, 0xDD, 0xBF, 0x62, 0x57, 0x30, 0xEE, 0x28, 0xEC, 0x20, 0xAA, 0x18, 0x67,
    0x10, 0x46, 0x10, 0x25, 0x08, 0x04, 0x08, 0x04, 0x08, 0x04, 0x08, 0x04, 0x08, 0x04, 0x08, 0x04,
    0x08, 0x04, 0x08, 0x04, 0x08, 0x04, 0x08, 0x04, 0x08, 0x04, 0x08, 0x04, 0x08, 0x04, 0x08, 0x04,
    0x08, 0x04, 0x10, 0x25, 0x18, 0x46, 0x28, 0x68, 0x38, 0x8A, 0x59, 0x10, 0xE4, 0x3E, 0xFD, 0x9F,
    0xB2, 0xBB, 0x60, 0xF1, 0x50, 0xCE, 0x40, 0x8C, 0x30, 0x69, 0x20, 0x48, 0x18, 0x26, 0x18, 0x26,
    0x10, 0x25, 0x10, 0x25, 0x10, 0x25, 0x10, 0x04, 0x08, 0x04, 0x08, 0x04, 0x08, 0x04, 0x08, 0x04,
    0x08, 0x04, 0x08, 0x04, 0x08, 0x04, 0x08, 0x04, 0x08, 0x04, 0x08, 0x04, 0x08, 0x04, 0x08, 0x04,
    0x08, 0x04, 0x08, 0x04, 0x08, 0x04, 0x08, 0x04, 0x08, 0x04, 0x08, 0x04, 0x08, 0x04, 0x08, 0x04,
    0x08, 0x04, 0x08, 0x04, 0x08, 0x04, 0x08, 0x04, 0x08, 0x04, 0x08, 0x04, 0x08, 0x04, 0x08, 0x04,
    0x08, 0x04, 0x08, 0x04, 0x08, 0x04, 0x10, 0x25, 0x10, 0x25, 0x10, 0x25, 0x10, 0x26, 0x18, 0x48,
    0x20, 0x8A, 0x30, 0xCD, 0x39, 0x0F, 0x59, 0xF7, 0xD5, 0x3F, 0xFE, 0x7F, 0x8B, 0x7C, 0x31, 0x0F,
    0x28, 0xEC, 0x20, 0xAA, 0x18, 0x68, 0x10, 0x46, 0x10, 0x25, 0x08, 0x04, 0x08, 0x04, 0x08, 0x04,
    0x08, 0x04, 0x08, 0x04, 0x08, 0x04, 0x08, 0x04, 0x08, 0x04, 0x08, 0x04, 0x08, 0x04, 0x08, 0x04,
    0x08, 0x04, 0x08, 0x04, 0x08, 0x04, 0x08, 0x04, 0x10, 0x04, 0x10, 0x25, 0x20, 0x47, 0x30, 0x69,
    0x38, 0x8A, 0x81, 0xB4, 0xFD, 0x3F, 0xF4, 0xBF, 0x81, 0x96, 0x50, 0xCF, 0x48, 0xAD, 0x38, 0x8A,
    0x28, 0x48, 0x20, 0x47, 0x18, 0x26, 0x10, 0x25, 0x10, 0x25, 0x10, 0x25, 0x10, 0x04, 0x08, 0x04,
    0x08, 0x04, 0x08, 0x04, 0x08, 0x04, 0x08, 0x04, 0x08, 0x04, 0x08, 0x04, 0x08, 0x04, 0x08, 0x04,
    0x08, 0x04, 0x08, 0x04, 0x08, 0x04, 0x08, 0x04, 0x08, 0x04, 0x08, 0x04, 0x08, 0x04, 0x08, 0x04,
    0x08, 0x04, 0x08, 0x04, 0x08, 0x04, 0x08, 0x04, 0x08, 0x04, 0x08, 0x04, 0x08, 0x04, 0x08, 0x04,
    0x08, 0x04, 0x08, 0x04, 0x08, 0x04, 0x08, 0x04, 0x08, 0x04, 0x08, 0x04, 0x08, 0x04, 0x10, 0x25,
    0x10, 0x25, 0x10, 0x25, 0x18, 0x46, 0x18, 0x68, 0x28, 0xAB, 0x30, 0xED, 0x39, 0x10, 0x8B, 0x3C,
    0xF6, 0x5F, 0xCD, 0x3F, 0x49, 0xB3, 0x28, 0xED, 0x28, 0xCB, 0x18, 0x88, 0x10, 0x46, 0x10, 0x25,
    0x08, 0x04, 0x08, 0x04, 0x08, 0x04, 0x08, 0x04, 0x08, 0x04, 0x08, 0x04, 0x08, 0x04, 0x08, 0x04,
    0x08, 0x04, 0x08, 0x04, 0x08, 0x04, 0x08, 0x04, 0x08, 0x04, 0x08, 0x04, 0x08, 0x04, 0x08, 0x04,
    0x10, 0x04, 0x18, 0x25, 0x20, 0x47, 0x30, 0x89, 0x40, 0x8B, 0xA2, 0x98, 0xFD, 0x9F, 0xD3, 0x9D,
    0x69, 0x12, 0x50, 0xCE, 0x40, 0xAC, 0x30, 0x69, 0x20, 0x47, 0x18, 0x26, 0x18, 0x25, 0x10, 0x25,
    0x10, 0x25, 0x10, 0x04, 0x08, 0x04, 0x08, 0x04, 0x08, 0x04, 0x08, 0x04, 0x08, 0x04, 0x08, 0x04,
    0x08, 0x04, 0x08, 0x04, 0x08, 0x04, 0x08, 0x04, 0x08, 0x04, 0x08, 0x04, 0x08, 0x04, 0x08, 0x04,
    0x08, 0x04, 0x08, 0x04, 0x08, 0x04, 0x08, 0x04, 0x08, 0x04, 0x08, 0x04, 0x08, 0x04, 0x08, 0x04,
    0x08, 0x04, 0x08, 0x04, 0x08, 0x04, 0x08, 0x04, 0x08, 0x04, 0x08, 0x04, 0x08, 0x04, 0x08, 0x04,
    0x08, 0x04, 0x08, 0x04, 0x08, 0x04, 0x10, 0x25, 0x10, 0x25, 0x10, 0x25, 0x18, 0x47, 0x20, 0x69,
    0x28, 0xAB, 0x30, 0xEE, 0x49, 0x73, 0xB4, 0x7F, 0xF6, 0x7F, 0x83, 0x5B, 0x30, 0xEE, 0x28, 0xCC,
    0x20, 0x89, 0x18, 0x67, 0x10, 0x25, 0x08, 0x04, 0x08, 0x04, 0x08, 0x04, 0x08, 0x04, 0x08, 0x04,
    0x08, 0x04, 0x08, 0x04, 0x08, 0x04, 0x08, 0x04, 0x08, 0x04, 0x08, 0x04, 0x08, 0x04, 0x08, 0x04,
    0x08, 0x04, 0x08, 0x04, 0x08, 0x04, 0x08, 0x04, 0x10, 0x04, 0x18, 0x26, 0x20, 0x47, 0x30, 0x8A,
    0x48, 0xAD, 0xC3, 0x7B, 0xFD, 0x7F, 0xAA, 0x9A, 0x58, 0xCF, 0x48, 0xCD, 0x38, 0x8B, 0x28, 0x68,
    0x20, 0x47, 0x18, 0x26, 0x10, 0x25, 0x10, 0x25, 0x10, 0x25, 0x10, 0x04, 0x08, 0x04, 0x08, 0x04,
    0x08, 0x04, 0x08, 0x04, 0x08, 0x04, 0x08, 0x04, 0x08, 0x04, 0x08, 0x04, 0x08, 0x04, 0x08, 0x04,
    0x08, 0x04, 0x08, 0x04, 0x08, 0x04, 0x08, 0x04, 0x08, 0x04, 0x08, 0x04, 0x08, 0x04, 0x08, 0x04,
    0x08, 0x04, 0x08, 0x04, 0x08, 0x04, 0x08, 0x04, 0x08, 0x04, 0x08, 0x04, 0x08, 0x04, 0x08, 0x04,
    0x08, 0x04, 0x08, 0x04, 0x08, 0x04, 0x08, 0x04, 0x08, 0x04, 0x08, 0x04, 0x08, 0x04, 0x10, 0x25,
    0x10, 0x25, 0x10, 0x26, 0x18, 0x47, 0x20, 0x89, 0x28, 0xCC, 0x30, 0xEE, 0x59, 0xF6, 0xD5, 0x7F,
    0xDD, 0xBF, 0x51, 0xF5, 0x28, 0xCC, 0x20, 0xCB, 0x18, 0x68, 0x10, 0x46, 0x10, 0x25, 0x08, 0x04,
    0x08, 0x04, 0x08, 0x04, 0x08, 0x04, 0x08, 0x04, 0x08, 0x04, 0x08, 0x04, 0x08, 0x04, 0x08, 0x04,
    0x08, 0x04, 0x08, 0x04, 0x08, 0x04, 0x08, 0x04, 0x08, 0x04, 0x08, 0x04, 0x08, 0x04, 0x08, 0x04,
    0x10, 0x25, 0x18, 0x26, 0x28, 0x48, 0x30, 0x8A, 0x50, 0xEF, 0xDC, 0x1E, 0xFD, 0x1F, 0x89, 0xD6,
    0x50, 0xCE, 0x40, 0xAD, 0x30, 0x6A, 0x28, 0x48, 0x18, 0x26, 0x18, 0x25, 0x10, 0x25, 0x10, 0x25,
    0x10, 0x04, 0x08, 0x04, 0x08, 0x04, 0x08, 0x04, 0x08, 0x04, 0x08, 0x04, 0x08, 0x04, 0x08, 0x04,
    0x08, 0x04, 0x08, 0x04, 0x08, 0x04, 0x08, 0x04, 0x08, 0x04, 0x08, 0x04, 0x08, 0x04, 0x08, 0x04,
    0x08, 0x04, 0x08, 0x04, 0x08, 0x04, 0x08, 0x04, 0x08, 0x04, 0x08, 0x04, 0x08, 0x04, 0x08, 0x04,
    0x08, 0x04, 0x08, 0x04, 0x08, 0x04, 0x08, 0x04, 0x08, 0x04, 0x08, 0x04, 0x08, 0x04, 0x08, 0x04,
    0x08, 0x04, 0x08, 0x04, 0x08, 0x04, 0x10, 0x25, 0x10, 0x25, 0x10, 0x26, 0x18, 0x47, 0x20, 0x89,
    0x30, 0xCC, 0x30, 0xEF, 0x6A, 0x79, 0xE6, 0x1F, 0xB4, 0x9E, 0x39, 0x30, 0x28, 0xCC, 0x20, 0xA9,
    0x18, 0x67, 0x10, 0x25, 0x08, 0x04, 0x08, 0x04, 0x08, 0x04, 0x08, 0x04, 0x08, 0x04, 0x08, 0x04,
    0x08, 0x04, 0x08, 0x04, 0x08, 0x04, 0x08, 0x04, 0x08, 0x04, 0x08, 0x04, 0x08, 0x04, 0x08, 0x04,
    0x08, 0x04, 0x08, 0x04, 0x08, 0x04, 0x08, 0x04, 0x10, 0x25, 0x18, 0x46, 0x28, 0x68, 0x30, 0x6A,
    0x61, 0x30, 0xF4, 0x9F, 0xF4, 0x7F, 0x71, 0x54, 0x48, 0xCE, 0x40, 0xAC, 0x30, 0x69, 0x20, 0x47,
    0x18, 0x26, 0x10, 0x25, 0x10, 0x25, 0x10, 0x25, 0x10, 0x04, 0x08, 0x04, 0x08, 0x04, 0x08, 0x04,
    0x08, 0x04, 0x08, 0x04, 0x08, 0x04, 0x08, 0x04, 0x08, 0x04, 0x08, 0x04, 0x08, 0x04, 0x08, 0x04,
    0x08, 0x04, 0x08, 0x04, 0x08, 0x04, 0x08, 0x04, 0x08, 0x04, 0x08, 0x04, 0x08, 0x04, 0x08, 0x04,
    0x08, 0x04, 0x08, 0x04, 0x08, 0x04, 0x08, 0x04, 0x08, 0x04, 0x08, 0x04, 0x08, 0x04, 0x08, 0x04,
    0x08, 0x04, 0x08, 0x04, 0x08, 0x04, 0x08, 0x04, 0x08, 0x04, 0x08, 0x04, 0x10, 0x04, 0x10, 0x25,
    0x10, 0x25, 0x10, 0x26, 0x18, 0x68, 0x20, 0x8A, 0x30, 0xCD, 0x30, 0xEF, 0x7B, 0x1A, 0xEE, 0x3F,
    0x8B, 0x9B, 0x28, 0xED, 0x28, 0xCB, 0x18, 0x88, 0x10, 0x46, 0x10, 0x25, 0x08, 0x04, 0x08, 0x04,
    0x08, 0x04, 0x08, 0x04, 0x08, 0x04, 0x08, 0x04, 0x08, 0x04, 0x08, 0x04, 0x08, 0x04, 0x08, 0x04,
    0x08, 0x04, 0x08, 0x04, 0x08, 0x04, 0x08, 0x04, 0x08, 0x04, 0x08, 0x04, 0x08, 0x04, 0x08, 0x04,
    0x10, 0x25, 0x18, 0x46, 0x28, 0x68, 0x30, 0x6A, 0x69, 0x72, 0xFC, 0xFF, 0xDB, 0xFE, 0x61, 0x11,
    0x48, 0xCD, 0x38, 0x8B, 0x28, 0x69, 0x20, 0x47, 0x18, 0x26, 0x10, 0x25, 0x10, 0x25, 0x10, 0x04,
    0x10, 0x04, 0x08, 0x04, 0x08, 0x04, 0x08, 0x04, 0x08, 0x04, 0x08, 0x04, 0x08, 0x04, 0x08, 0x04,
    0x08, 0x04, 0x08, 0x04, 0x08, 0x04, 0x08, 0x04, 0x08, 0x04, 0x08, 0x04, 0x08, 0x04, 0x08, 0x04,
    0x08, 0x04, 0x08, 0x04, 0x08, 0x04, 0x08, 0x04, 0x08, 0x04, 0x08, 0x04, 0x08, 0x04, 0x08, 0x04,
    0x08, 0x04, 0x08, 0x04, 0x08, 0x04, 0x08, 0x04, 0x08, 0x04, 0x08, 0x04, 0x08, 0x04, 0x08, 0x04,
    0x08, 0x04, 0x08, 0x04, 0x10, 0x04, 0x10, 0x25, 0x10, 0x25, 0x10, 0x26, 0x18, 0x68, 0x20, 0x8A,
    0x30, 0xED, 0x31, 0x0F, 0x8B, 0x7B, 0xE6, 0x1F, 0x72, 0xD8, 0x28, 0xCC, 0x20, 0xCA, 0x18, 0x68,
    0x10, 0x46, 0x10, 0x25, 0x08, 0x04, 0x08, 0x04, 0x08, 0x04, 0x08, 0x04, 0x08, 0x04, 0x08, 0x04,
    0x08, 0x04, 0x08, 0x04, 0x08, 0x04, 0x08, 0x04, 0x08, 0x04, 0x08, 0x04, 0x08, 0x04, 0x08, 0x04,
    0x08, 0x04, 0x08, 0x04, 0x08, 0x04, 0x10, 0x04, 0x10, 0x25, 0x18, 0x46, 0x28, 0x69, 0x30, 0x6A,
    0x71, 0x93, 0xFD, 0x1F, 0xCB, 0x7C, 0x58, 0xD0, 0x48, 0xAD, 0x38, 0x8B, 0x28, 0x68, 0x20, 0x47,
    0x18, 0x26, 0x10, 0x25, 0x10, 0x25, 0x10, 0x04, 0x08, 0x04, 0x08, 0x04, 0x08, 0x04, 0x08, 0x04,
    0x08, 0x04, 0x08, 0x04, 0x08, 0x04, 0x08, 0x04, 0x08, 0x04, 0x08, 0x04, 0x08, 0x04, 0x08, 0x04,
    0x08, 0x04, 0x08, 0x04, 0x08, 0x04, 0x08, 0x04, 0x08, 0x04, 0x08, 0x04, 0x08, 0x04, 0x08, 0x04,
    0x08, 0x04, 0x08, 0x04, 0x08, 0x04, 0x08, 0x04, 0x08, 0x04, 0x08, 0x04, 0x08, 0x04, 0x08, 0x04,
    0x08, 0x04, 0x08, 0x04, 0x08, 0x04, 0x08, 0x04, 0x08, 0x04, 0x08, 0x04, 0x10, 0x04, 0x10, 0x25,
    0x10, 0x25, 0x10, 0x46, 0x18, 0x68, 0x20, 0x8A, 0x30, 0xED, 0x31, 0x0F, 0x8B, 0x9B, 0xDD, 0xDF,
    0x5A, 0x55, 0x20, 0xCB, 0x20, 0xAA, 0x18, 0x67, 0x10, 0x46, 0x08, 0x24, 0x08, 0x04, 0x08, 0x04,
    0x08, 0x04, 0x08, 0x04, 0x08, 0x04, 0x08, 0x04, 0x08, 0x04, 0x08, 0x04, 0x08, 0x04, 0x08, 0x04,
    0x08, 0x04, 0x08, 0x04, 0x08, 0x04, 0x08, 0x04, 0x08, 0x04, 0x08, 0x04, 0x08, 0x04, 0x10, 0x04,
    0x10, 0x25, 0x18, 0x46, 0x28, 0x69, 0x30, 0x6A, 0x71, 0x93, 0xFC, 0xFF, 0xBB, 0x1B, 0x50, 0xCF,
    0x48, 0xAD, 0x30, 0x8A, 0x28, 0x48, 0x18, 0x47, 0x10, 0x25, 0x10, 0x25, 0x10, 0x25, 0x10, 0x04,
    0x08, 0x04, 0x08, 0x04, 0x08, 0x04, 0x08, 0x04, 0x08, 0x04, 0x08, 0x04, 0x08, 0x04, 0x08, 0x04,
    0x08, 0x04, 0x08, 0x04, 0x08, 0x04, 0x08, 0x04, 0x08, 0x04, 0x08, 0x04, 0x08, 0x04, 0x08, 0x04,
    0x08, 0x04, 0x08, 0x04, 0x08, 0x04, 0x08, 0x04, 0x08, 0x04, 0x08, 0x04, 0x08, 0x04, 0x08, 0x04,
    0x08, 0x04, 0x08, 0x04, 0x08, 0x04, 0x08, 0x04, 0x08, 0x04, 0x08, 0x04, 0x08, 0x04, 0x08, 0x04,
    0x08, 0x04, 0x08, 0x04, 0x10, 0x04, 0x10, 0x25, 0x10, 0x25, 0x10, 0x46, 0x18, 0x68, 0x20, 0x8A,
    0x30, 0xED, 0x31, 0x0F, 0x8B, 0x9B, 0xD5, 0xBF, 0x5A, 0x35, 0x20, 0xCB, 0x20, 0xAA, 0x18, 0x67,
    0x10, 0x26, 0x08, 0x24, 0x08, 0x04, 0x08, 0x04, 0x08, 0x04, 0x08, 0x04, 0x08, 0x04, 0x08, 0x04,
    0x08, 0x04, 0x08, 0x04, 0x08, 0x04, 0x08, 0x04, 0x08, 0x04, 0x08, 0x04, 0x08, 0x04, 0x08, 0x04,
    0x08, 0x04, 0x08, 0x04, 0x08, 0x04, 0x10, 0x04, 0x10, 0x25, 0x18, 0x46, 0x28, 0x69, 0x30, 0x6A,
    0x71, 0x93, 0xFC, 0xFF, 0xB2, 0xFB, 0x50, 0xAF, 0x40, 0xAD, 0x30, 0x8A, 0x28, 0x48, 0x18, 0x27,
    0x10, 0x25, 0x10, 0x25, 0x10, 0x25, 0x10, 0x04, 0x08, 0x04, 0x08, 0x04, 0x08, 0x04, 0x08, 0x04,
    0x08, 0x04, 0x08, 0x04, 0x08, 0x04, 0x08, 0x04, 0x08, 0x04, 0x08, 0x04, 0x08, 0x04, 0x08, 0x04,
    0x08, 0x04, 0x08, 0x04, 0x08, 0x04, 0x08, 0x04, 0x08, 0x04, 0x08, 0x04, 0x08, 0x04, 0x08, 0x04,
    0x08, 0x04, 0x08, 0x04, 0x08, 0x04, 0x08, 0x04, 0x08, 0x04, 0x08, 0x04, 0x08, 0x04, 0x08, 0x04,
    0x08, 0x04, 0x08, 0x04, 0x08, 0x04, 0x08, 0x04, 0x08, 0x04, 0x08, 0x04, 0x10, 0x24, 0x10, 0x25,
    0x10, 0x25, 0x10, 0x46, 0x18, 0x68, 0x20, 0xAA, 0x30, 0xED, 0x31, 0x0F, 0x8B, 0x9B, 0xD5, 0xDF,
    0x5A, 0x35, 0x20, 0xCB, 0x20, 0xAA, 0x18, 0x67, 0x10, 0x46, 0x08, 0x24, 0x08, 0x04, 0x08, 0x04,
    0x08, 0x04, 0x08, 0x04, 0x08, 0x04, 0x08, 0x04, 0x08, 0x04, 0x08, 0x04, 0x08, 0x04, 0x08, 0x04,
    0x08, 0x04, 0x08, 0x04, 0x08, 0x04, 0x08, 0x04, 0x08, 0x04, 0x08, 0x04, 0x08, 0x04, 0x10, 0x04,
    0x10, 0x25, 0x18, 0x46, 0x28, 0x69, 0x30, 0x6A, 0x71, 0x93, 0xFC, 0xFF, 0xB2, 0xFB, 0x50, 0xAF,
    0x40, 0xAD, 0x30, 0x8A, 0x28, 0x48, 0x18, 0x27, 0x10, 0x25, 0x10, 0x25, 0x10, 0x25, 0x10, 0x04,
    0x08, 0x04, 0x08, 0x04, 0x08, 0x04, 0x08, 0x04, 0x08, 0x04, 0x08, 0x04, 0x08, 0x04, 0x08, 0x04,
    0x08, 0x04, 0x08, 0x04, 0x08, 0x04, 0x08, 0x04, 0x08, 0x04, 0x08, 0x04, 0x08, 0x04, 0x08, 0x04,
    0x08, 0x04, 0x08, 0x04, 0x08, 0x04, 0x08, 0x04, 0x08, 0x04, 0x08, 0x04, 0x08, 0x04, 0x08, 0x04,
    0x08, 0x04, 0x08, 0x04, 0x08, 0x04, 0x08, 0x04, 0x08, 0x04, 0x08, 0x04, 0x08, 0x04, 0x08, 0x04,
    0x08, 0x04, 0x08, 0x04, 0x10, 0x24, 0x10, 0x25, 0x10, 0x25, 0x10, 0x46, 0x18, 0x68, 0x20, 0xAA,
    0x30, 0xED, 0x31, 0x0F, 0x8B, 0x9B, 0xDD, 0xFF, 0x5A, 0x76, 0x20, 0xCB, 0x20, 0xAA, 0x18, 0x67,
    0x10, 0x46, 0x08, 0x24, 0x08, 0x04, 0x08, 0x04, 0x08, 0x04, 0x08, 0x04, 0x08, 0x04, 0x08, 0x04,
    0x08, 0x04, 0x08, 0x04, 0x08, 0x04, 0x08, 0x04, 0x08, 0x04, 0x08, 0x04, 0x08, 0x04, 0x08, 0x04,
    0x08, 0x04, 0x08, 0x04, 0x08, 0x04, 0x10, 0x04, 0x10, 0x25, 0x18, 0x46, 0x28, 0x69, 0x30, 0x6A,
    0x71, 0x93, 0xFC, 0xFF, 0xBB, 0x1B, 0x50, 0xCF, 0x40, 0xAD, 0x30, 0x8A, 0x28, 0x48, 0x18, 0x47,
    0x10, 0x25, 0x10, 0x25, 0x10, 0x25, 0x10, 0x04, 0x08, 0x04, 0x08, 0x04, 0x08, 0x04, 0x08, 0x04,
    0x08, 0x04, 0x08, 0x04, 0x08, 0x04, 0x08, 0x04, 0x08, 0x04, 0x08, 0x04, 0x08, 0x04, 0x08, 0x04,
    0x08, 0x04, 0x08, 0x04, 0x08, 0x04, 0x08, 0x04, 0x08, 0x04, 0x08, 0x04, 0x08, 0x04, 0x08, 0x04,
    0x08, 0x04, 0x08, 0x04, 0x08, 0x04, 0x08, 0x04, 0x08, 0x04, 0x08, 0x04, 0x08, 0x04, 0x08, 0x04,
    0x08, 0x04, 0x08, 0x04, 0x08, 0x04, 0x08, 0x04, 0x08, 0x04, 0x08, 0x04, 0x10, 0x04, 0x10, 0x25,
    0x10, 0x25, 0x10, 0x46, 0x18, 0x68, 0x20, 0xAA, 0x30, 0xED, 0x31, 0x0F, 0x83, 0x9B, 0xE6, 0x3F,
    0x72, 0xF8, 0x28, 0xCC, 0x20, 0xCA, 0x18, 0x88, 0x10, 0x46, 0x10, 0x25, 0x08, 0x04, 0x08, 0x04,
    0x08, 0x04, 0x08, 0x04, 0x08, 0x04, 0x08, 0x04, 0x08, 0x04, 0x08, 0x04, 0x08, 0x04, 0x08, 0x04,
    0x08, 0x04, 0x08, 0x04, 0x08, 0x04, 0x08, 0x04, 0x08, 0x04, 0x08, 0x04, 0x08, 0x04, 0x08, 0x04,
    0x10, 0x25, 0x18, 0x46, 0x28, 0x69, 0x30, 0x6A, 0x71, 0x93, 0xFD, 0x1F, 0xC3, 0x7C, 0x50, 0xD0,
    0x48, 0xAD, 0x38, 0x8B, 0x28, 0x48, 0x18, 0x47, 0x18, 0x25, 0x10, 0x25, 0x10, 0x25, 0x10, 0x04,
    0x08, 0x04, 0x08, 0x04, 0x08, 0x04, 0x08, 0x04, 0x08, 0x04, 0x08, 0x04, 0x08, 0x04, 0x08, 0x04,
    0x08, 0x04, 0x08, 0x04, 0x08, 0x04, 0x08, 0x04, 0x08, 0x04, 0x08, 0x04, 0x08, 0x04, 0x08, 0x04,
    0x08, 0x04, 0x08, 0x04, 0x08, 0x04, 0x08, 0x04, 0x08, 0x04, 0x08, 0x04, 0x08, 0x04, 0x08, 0x04,
    0x08, 0x04, 0x08, 0x04, 0x08, 0x04, 0x08, 0x04, 0x08, 0x04, 0x08, 0x04, 0x08, 0x04, 0x08, 0x04,
    0x08, 0x04, 0x08, 0x04, 0x10, 0x04, 0x10, 0x25, 0x10, 0x25, 0x10, 0x46, 0x18, 0x68, 0x20, 0x8A,
    0x28, 0xED, 0x31, 0x0F, 0x7B, 0x3A, 0xE6, 0x7F, 0x8B, 0xBB, 0x28, 0xED, 0x20, 0xCB, 0x18, 0x88,
    0x10, 0x46, 0x10, 0x25, 0x08, 0x04, 0x08, 0x04, 0x08, 0x04, 0x08, 0x04, 0x08, 0x04, 0x08, 0x04,
    0x08, 0x04, 0x08, 0x04, 0x08, 0x04, 0x08, 0x04, 0x08, 0x04, 0x08, 0x04, 0x08, 0x04, 0x08, 0x04,
    0x08, 0x04, 0x08, 0x04, 0x08, 0x04, 0x08, 0x04, 0x10, 0x25, 0x18, 0x46, 0x28, 0x68, 0x30, 0x6A,
    0x69, 0x72, 0xFC, 0xDF, 0xDB, 0xFE, 0x58, 0xF1, 0x48, 0xAD, 0x38, 0x8B, 0x28, 0x69, 0x18, 0x47,
    0x18, 0x26, 0x10, 0x25, 0x10, 0x25, 0x10, 0x04, 0x08, 0x04, 0x08, 0x04, 0x08, 0x04, 0x08, 0x04,
    0x08, 0x04, 0x08, 0x04, 0x08, 0x04, 0x08, 0x04, 0x08, 0x04, 0x08, 0x04, 0x08, 0x04, 0x08, 0x04,
    0x08, 0x04, 0x08, 0x04, 0x08, 0x04, 0x08, 0x04, 0x08, 0x04, 0x08, 0x04, 0x08, 0x04, 0x08, 0x04,
    0x08, 0x04, 0x08, 0x04, 0x08, 0x04, 0x08, 0x04, 0x08, 0x04, 0x08, 0x04, 0x08, 0x04, 0x08, 0x04,
    0x08, 0x04, 0x08, 0x04, 0x08, 0x04, 0x08, 0x04, 0x08, 0x04, 0x08, 0x04, 0x08, 0x24, 0x10, 0x25,
    0x10, 0x25, 0x10, 0x46, 0x18, 0x67, 0x20, 0x89, 0x28, 0xEC, 0x31, 0x0E, 0x62, 0xB8, 0xDE, 0x5F,
    0xAC, 0xDE, 0x31, 0x50, 0x28, 0xEB, 0x20, 0xA9, 0x18, 0x67, 0x10, 0x25, 0x08, 0x24, 0x08, 0x04,
    0x08, 0x04, 0x08, 0x04, 0x08, 0x04, 0x08, 0x04, 0x08, 0x04, 0x08, 0x04, 0x08, 0x04, 0x08, 0x04,
    0x08, 0x04, 0x08, 0x04, 0x08, 0x04, 0x08, 0x04, 0x08, 0x04, 0x08, 0x04, 0x08, 0x04, 0x08, 0x04,
    0x10, 0x25, 0x18, 0x26, 0x28, 0x68, 0x30, 0x6A, 0x59, 0x10, 0xEC, 0x9F, 0xEC, 0x5F, 0x69, 0x33,
    0x48, 0xAD, 0x38, 0x8B, 0x28, 0x69, 0x20, 0x47, 0x18, 0x26, 0x10, 0x25, 0x10, 0x25, 0x10, 0x04,
    0x08, 0x04, 0x08, 0x04, 0x08, 0x04, 0x08, 0x04, 0x08, 0x04, 0x08, 0x04, 0x08, 0x04, 0x08, 0x04,
    0x08, 0x04, 0x08, 0x04, 0x08, 0x04, 0x08, 0x04, 0x08, 0x04, 0x08, 0x04, 0x08, 0x04, 0x08, 0x04,
    0x08, 0x04, 0x08, 0x04, 0x08, 0x04, 0x08, 0x04, 0x08, 0x04, 0x08, 0x04, 0x08, 0x04, 0x08, 0x04,
    0x08, 0x04, 0x08, 0x04, 0x08, 0x04, 0x08, 0x04, 0x08, 0x04, 0x08, 0x04, 0x08, 0x04, 0x08, 0x04,
    0x08, 0x04, 0x08, 0x04, 0x08, 0x04, 0x10, 0x25, 0x10, 0x25, 0x10, 0x26, 0x18, 0x47, 0x20, 0x89,
    0x28, 0xEC, 0x31, 0x0E, 0x52, 0x16, 0xCD, 0xDF, 0xD5, 0xFF, 0x4A, 0x14, 0x28, 0xEC, 0x20, 0xCA,
    0x18, 0x88, 0x10, 0x46, 0x10, 0x25, 0x08, 0x04, 0x08, 0x04, 0x08, 0x04, 0x08, 0x04, 0x08, 0x04,
    0x08, 0x04, 0x08, 0x04, 0x08, 0x04, 0x08, 0x04, 0x08, 0x04, 0x08, 0x04, 0x08, 0x04, 0x08, 0x04,
    0x08, 0x04, 0x08, 0x04, 0x08, 0x04, 0x08, 0x04, 0x10, 0x25, 0x18, 0x26, 0x28, 0x68, 0x30, 0x8A,
    0x50, 0xEF, 0xDC, 0x1E, 0xFC, 0xDF, 0x79, 0x95, 0x48, 0xAE, 0x40, 0xAC, 0x28, 0x69, 0x20, 0x47,
    0x18, 0x26, 0x10, 0x25, 0x10, 0x25, 0x10, 0x04, 0x10, 0x04, 0x08, 0x04, 0x08, 0x04, 0x08, 0x04,
    0x08, 0x04, 0x08, 0x04, 0x08, 0x04, 0x08, 0x04, 0x08, 0x04, 0x08, 0x04, 0x08, 0x04, 0x08, 0x04,
    0x08, 0x04, 0x08, 0x04, 0x08, 0x04, 0x08, 0x04, 0x08, 0x04, 0x08, 0x04, 0x08, 0x04, 0x08, 0x04,
    0x08, 0x04, 0x08, 0x04, 0x08, 0x04, 0x08, 0x04, 0x08, 0x04, 0x08, 0x04, 0x08, 0x04, 0x08, 0x04,
    0x08, 0x04, 0x08, 0x04, 0x08, 0x04, 0x08, 0x04, 0x08, 0x04, 0x08, 0x04, 0x08, 0x04, 0x10, 0x25,
    0x10, 0x25, 0x10, 0x25, 0x18, 0x47, 0x18, 0x88, 0x28, 0xCB, 0x31, 0x0E, 0x41, 0x93, 0xAC, 0xDF,
    0xEE, 0xDF, 0x7B, 0x9A, 0x29, 0x0E, 0x28, 0xEC, 0x18, 0xA9, 0x10, 0x67, 0x10, 0x25, 0x08, 0x04,
    0x08, 0x04, 0x08, 0x04, 0x08, 0x04, 0x08, 0x04, 0x08, 0x04, 0x08, 0x04, 0x08, 0x04, 0x08, 0x04,
    0x08, 0x04, 0x08, 0x04, 0x08, 0x04, 0x08, 0x04, 0x08, 0x04, 0x08, 0x04, 0x08, 0x04, 0x08, 0x04,
    0x10, 0x25, 0x18, 0x26, 0x20, 0x48, 0x30, 0x8A, 0x40, 0xAD, 0xC3, 0x9C, 0xFD, 0x3F, 0x92, 0x18,
    0x48, 0xAE, 0x40, 0xAD, 0x30, 0x6A, 0x20, 0x48, 0x18, 0x26, 0x10, 0x25, 0x10, 0x25, 0x10, 0x25,
    0x10, 0x04, 0x08, 0x04, 0x08, 0x04, 0x08, 0x04, 0x08, 0x04, 0x08, 0x04, 0x08, 0x04, 0x08, 0x04,
    0x08, 0x04, 0x08, 0x04, 0x08, 0x04, 0x08, 0x04, 0x08, 0x04, 0x08, 0x04, 0x08, 0x04, 0x08, 0x04,
    0x08, 0x04, 0x08, 0x04, 0x08, 0x04, 0x08, 0x04, 0x08, 0x04, 0x08, 0x04, 0x08, 0x04, 0x08, 0x04,
    0x08, 0x04, 0x08, 0x04, 0x08, 0x04, 0x08, 0x04, 0x08, 0x04, 0x08, 0x04, 0x08, 0x04, 0x08, 0x04,
    0x08, 0x04, 0x08, 0x04, 0x08, 0x04, 0x10, 0x24, 0x10, 0x25, 0x10, 0x25, 0x10, 0x46, 0x18, 0x68,
    0x20, 0xAA, 0x31, 0x0D, 0x31, 0x50, 0x7B, 0x9C, 0xE6, 0xDF, 0xB5, 0x7F, 0x41, 0xD3, 0x29, 0x0C,
    0x20, 0xCA, 0x18, 0x88, 0x10, 0x46, 0x10, 0x25, 0x08, 0x04, 0x08, 0x04, 0x08, 0x04, 0x08, 0x04,
    0x08, 0x04, 0x08, 0x04, 0x08, 0x04, 0x08, 0x04, 0x08, 0x04, 0x08, 0x04, 0x08, 0x04, 0x08, 0x04,
    0x08, 0x04, 0x08, 0x04, 0x08, 0x04, 0x08, 0x04, 0x10, 0x04, 0x18, 0x26, 0x20, 0x47, 0x30, 0x8A,
    0x38, 0x8C, 0xAA, 0xD9, 0xFD, 0x7F, 0xB2, 0xDB, 0x50, 0xD0, 0x40, 0xAD, 0x30, 0x8B, 0x28, 0x48,
    0x18, 0x47, 0x10, 0x25, 0x10, 0x25, 0x10, 0x25, 0x10, 0x04, 0x08, 0x04, 0x08, 0x04, 0x08, 0x04,
    0x08, 0x04, 0x08, 0x04, 0x08, 0x04, 0x08, 0x04, 0x08, 0x04, 0x08, 0x04, 0x08, 0x04, 0x08, 0x04,
    0x08, 0x04, 0x08, 0x04, 0x08, 0x04, 0x08, 0x04, 0x08, 0x04, 0x08, 0x04, 0x08, 0x04, 0x08, 0x04,
    0x08, 0x04, 0x08, 0x04, 0x08, 0x04, 0x08, 0x04, 0x08, 0x04, 0x08, 0x04, 0x08, 0x04, 0x08, 0x04,
    0x08, 0x04, 0x08, 0x04, 0x08, 0x04, 0x08, 0x04, 0x08, 0x04, 0x08, 0x04, 0x08, 0x04, 0x08, 0x04,
    0x10, 0x25, 0x10, 0x25, 0x10, 0x46, 0x18, 0x67, 0x20, 0xA9, 0x28, 0xEC, 0x31, 0x2F, 0x52, 0x57,
    0xC5, 0xDF, 0xE6, 0xFF, 0x73, 0x9A, 0x29, 0x2E, 0x29, 0x0C, 0x20, 0xCA, 0x18, 0x87, 0x10, 0x46,
    0x10, 0x25, 0x08, 0x24, 0x08, 0x04, 0x08, 0x04, 0x08, 0x04, 0x08, 0x04, 0x08, 0x04, 0x08, 0x04,
    0x08, 0x04, 0x08, 0x04, 0x08, 0x04, 0x08, 0x04, 0x08, 0x04, 0x08, 0x04, 0x08, 0x04, 0x08, 0x04,
    0x10, 0x04, 0x10, 0x25, 0x20, 0x47, 0x30, 0x69, 0x38, 0x6B, 0x8A, 0x37, 0xFD, 0x5F, 0xCB, 0xBE,
    0x58, 0xF2, 0x48, 0xAE, 0x38, 0x8B, 0x28, 0x69, 0x20, 0x47, 0x18, 0x26, 0x10, 0x25, 0x10, 0x25,
    0x10, 0x04, 0x08, 0x04, 0x08, 0x04, 0x08, 0x04, 0x08, 0x04, 0x08, 0x04, 0x08, 0x04, 0x08, 0x04,
    0x08, 0x04, 0x08, 0x04, 0x08, 0x04, 0x08, 0x04, 0x08, 0x04, 0x08, 0x04, 0x08, 0x04, 0x08, 0x04,
    0x08, 0x04, 0x08, 0x04, 0x08, 0x04, 0x08, 0x04, 0x08, 0x04, 0x08, 0x04, 0x08, 0x04, 0x08, 0x04,
    0x08, 0x04, 0x08, 0x04, 0x08, 0x04, 0x08, 0x04, 0x08, 0x04, 0x08, 0x04, 0x08, 0x04, 0x08, 0x04,
    0x08, 0x04, 0x08, 0x04, 0x08, 0x04, 0x08, 0x04, 0x10, 0x25, 0x10, 0x25, 0x10, 0x26, 0x18, 0x67,
    0x18, 0x89, 0x28, 0xCB, 0x31, 0x2E, 0x39, 0x92, 0x8C, 0x3D, 0xEF, 0x3F, 0xC5, 0xFF, 0x4A, 0x55,
    0x29, 0x2D, 0x21, 0x0C, 0x18, 0xA9, 0x18, 0x67, 0x10, 0x46, 0x10, 0x25, 0x08, 0x24, 0x08, 0x04,
    0x08, 0x04, 0x08, 0x04, 0x08, 0x04, 0x08, 0x04, 0x08, 0x04, 0x08, 0x04, 0x08, 0x04, 0x08, 0x04,
    0x08, 0x04, 0x08, 0x04, 0x08, 0x04, 0x08, 0x04, 0x10, 0x04, 0x10, 0x25, 0x18, 0x47, 0x28, 0x69,
    0x30, 0x8B, 0x69, 0x73, 0xFC, 0xFF, 0xEC, 0x9F, 0x71, 0x55, 0x48, 0xAE, 0x38, 0xAC, 0x28, 0x6A,
    0x20, 0x48, 0x18, 0x26, 0x10, 0x25, 0x10, 0x25, 0x10, 0x25, 0x10, 0x04, 0x08, 0x04, 0x08, 0x04,
    0x08, 0x04, 0x08, 0x04, 0x08, 0x04, 0x08, 0x04, 0x08, 0x04, 0x08, 0x04, 0x08, 0x04, 0x08, 0x04,
    0x08, 0x04, 0x08, 0x04, 0x08, 0x04, 0x08, 0x04, 0x08, 0x04, 0x08, 0x04, 0x08, 0x04, 0x08, 0x04,
    0x08, 0x04, 0x08, 0x04, 0x08, 0x04, 0x08, 0x04, 0x08, 0x04, 0x08, 0x04, 0x08, 0x04, 0x08, 0x04,
    0x08, 0x04, 0x08, 0x04, 0x08, 0x04, 0x08, 0x04, 0x08, 0x04, 0x08, 0x04, 0x08, 0x04, 0x08, 0x04,
    0x10, 0x24, 0x10, 0x25, 0x10, 0x25, 0x10, 0x46, 0x18, 0x68, 0x20, 0xAA, 0x29, 0x0D, 0x31, 0x4F,
    0x52, 0x77, 0xBD, 0xDF, 0xEF, 0x7F, 0x9C, 0xFE, 0x39, 0xD2, 0x29, 0x2D, 0x21, 0x0B, 0x18, 0xA9,
    0x10, 0x87, 0x10, 0x46, 0x10, 0x25, 0x08, 0x24, 0x08, 0x04, 0x08, 0x04, 0x08, 0x04, 0x08, 0x04,
    0x08, 0x04, 0x08, 0x04, 0x08, 0x04, 0x08, 0x04, 0x08, 0x04, 0x08, 0x04, 0x08, 0x04, 0x08, 0x04,
    0x08, 0x04, 0x10, 0x25, 0x18, 0x26, 0x28, 0x68, 0x30, 0x8A, 0x50, 0xF0, 0xDC, 0x3E, 0xFD, 0x3F,
    0x92, 0x19, 0x48, 0xCF, 0x40, 0xAD, 0x30, 0x8A, 0x20, 0x48, 0x18, 0x26, 0x10, 0x25, 0x10, 0x25,
    0x10, 0x25, 0x10, 0x04, 0x08, 0x04, 0x08, 0x04, 0x08, 0x04, 0x08, 0x04, 0x08, 0x04, 0x08, 0x04,
    0x08, 0x04, 0x08, 0x04, 0x08, 0x04, 0x08, 0x04, 0x08, 0x04, 0x08, 0x04, 0x08, 0x04, 0x08, 0x04,
    0x08, 0x04, 0x08, 0x04, 0x08, 0x04, 0x08, 0x04, 0x08, 0x04, 0x08, 0x04, 0x08, 0x04, 0x08, 0x04,
    0x08, 0x04, 0x08, 0x04, 0x08, 0x04, 0x08, 0x04, 0x08, 0x04, 0x08, 0x04, 0x08, 0x04, 0x08, 0x04,
    0x08, 0x04, 0x08, 0x04, 0x08, 0x04, 0x08, 0x04, 0x08, 0x24, 0x10, 0x25, 0x10, 0x25, 0x10, 0x46,
    0x18, 0x67, 0x18, 0xA9, 0x20, 0xEB, 0x31, 0x4E, 0x39, 0x91, 0x73, 0x9C, 0xD6, 0xDF, 0xE7, 0x3F,
    0x84, 0x5D, 0x31, 0x91, 0x29, 0x4D, 0x21, 0x0C, 0x18, 0xC9, 0x18, 0x88, 0x10, 0x66, 0x10, 0x45,
    0x08, 0x25, 0x08, 0x04, 0x08, 0x04, 0x08, 0x04, 0x08, 0x04, 0x08, 0x04, 0x08, 0x04, 0x08, 0x04,
    0x08, 0x04, 0x08, 0x04, 0x08, 0x04, 0x08, 0x04, 0x08, 0x04, 0x10, 0x25, 0x18, 0x26, 0x20, 0x48,
    0x30, 0x8A, 0x40, 0xAD, 0xB3, 0x3B, 0xFD, 0x9F, 0xBB, 0x1C, 0x50, 0xD1, 0x48, 0xCE, 0x38, 0x8B,
    0x28, 0x69, 0x18, 0x47, 0x18, 0x26, 0x10, 0x25, 0x10, 0x25, 0x10, 0x04, 0x08, 0x04, 0x08, 0x04,
    0x08, 0x04, 0x08, 0x04, 0x08, 0x04, 0x08, 0x04, 0x08, 0x04, 0x08, 0x04, 0x08, 0x04, 0x08, 0x04,
    0x08, 0x04, 0x08, 0x04, 0x08, 0x04, 0x08, 0x04, 0x08, 0x04, 0x08, 0x04, 0x08, 0x04, 0x08, 0x04,
    0x08, 0x04, 0x08, 0x04, 0x08, 0x04, 0x08, 0x04, 0x08, 0x04, 0x08, 0x04, 0x08, 0x04, 0x08, 0x04,
    0x08, 0x04, 0x08, 0x04, 0x08, 0x04, 0x08, 0x04, 0x08, 0x04, 0x08, 0x04, 0x08, 0x04, 0x08, 0x04,
    0x08, 0x24, 0x10, 0x25, 0x10, 0x25, 0x10, 0x25, 0x10, 0x46, 0x18, 0x68, 0x20, 0xCA, 0x29, 0x0D,
    0x31, 0x6F, 0x41, 0xF4, 0x8C, 0x7E, 0xE7, 0x5F, 0xDF, 0x3F, 0x84, 0x5C, 0x39, 0xD2, 0x29, 0x4D,
    0x21, 0x2C, 0x18, 0xEA, 0x18, 0xA8, 0x10, 0x66, 0x10, 0x45, 0x08, 0x24, 0x08, 0x04, 0x08, 0x04,
    0x08, 0x04, 0x08, 0x04, 0x08, 0x04, 0x08, 0x04, 0x08, 0x04, 0x08, 0x04, 0x08, 0x04, 0x08, 0x04,
    0x08, 0x04, 0x10, 0x04, 0x10, 0x25, 0x20, 0x47, 0x30, 0x6A, 0x38, 0x8B, 0x8A, 0x17, 0xFD, 0x5F,
    0xE4, 0x3F, 0x69, 0x34, 0x48, 0xCF, 0x38, 0xAC, 0x28, 0x6A, 0x20, 0x48, 0x18, 0x26, 0x10, 0x25,
    0x10, 0x25, 0x10, 0x05, 0x10, 0x04, 0x08, 0x04, 0x08, 0x04, 0x08, 0x04, 0x08, 0x04, 0x08, 0x04,
    0x08, 0x04, 0x08, 0x04, 0x08, 0x04, 0x08, 0x04, 0x08, 0x04, 0x08, 0x04, 0x08, 0x04, 0x08, 0x04,
    0x08, 0x04, 0x08, 0x04, 0x08, 0x04, 0x08, 0x04, 0x08, 0x04, 0x08, 0x04, 0x08, 0x04, 0x08, 0x04,
    0x08, 0x04, 0x08, 0x04, 0x08, 0x04, 0x08, 0x04, 0x08, 0x04, 0x08, 0x04, 0x08, 0x04, 0x08, 0x04,
    0x08, 0x04, 0x08, 0x04, 0x08, 0x04, 0x08, 0x04, 0x08, 0x04, 0x08, 0x24, 0x10, 0x25, 0x10, 0x25,
    0x10, 0x46, 0x18, 0x67, 0x18, 0x89, 0x20, 0xEB, 0x29, 0x2E, 0x31, 0x90, 0x4A, 0x36, 0x9C, 0xFF,
    0xDF, 0x7F, 0xDF, 0x7F, 0x95, 0x1E, 0x42, 0x55, 0x29, 0x4E, 0x21, 0x2C, 0x20, 0xEA, 0x18, 0xA8,
    0x10, 0x66, 0x10, 0x45, 0x08, 0x24, 0x08, 0x04, 0x08, 0x04, 0x08, 0x04, 0x08, 0x04, 0x08, 0x04,
    0x08, 0x04, 0x08, 0x04, 0x08, 0x04, 0x08, 0x04, 0x08, 0x04, 0x08, 0x04, 0x10, 0x25, 0x18, 0x47,
    0x28, 0x69, 0x30, 0x8B, 0x61, 0x32, 0xEC, 0x9F, 0xFD, 0x3F, 0x92, 0x19, 0x48, 0xD0, 0x40, 0xAE,
    0x30, 0x8B, 0x20, 0x48, 0x18, 0x47, 0x10, 0x26, 0x10, 0x25, 0x10, 0x25, 0x10, 0x04, 0x08, 0x04,
    0x08, 0x04, 0x08, 0x04, 0x08, 0x04, 0x08, 0x04, 0x08, 0x04, 0x08, 0x04, 0x08, 0x04, 0x08, 0x04,
    0x08, 0x04, 0x08, 0x04, 0x08, 0x04, 0x08, 0x04, 0x08, 0x04, 0x08, 0x04, 0x08, 0x04, 0x08, 0x04,
    0x08, 0x04, 0x08, 0x04, 0x08, 0x04, 0x08, 0x04, 0x08, 0x04, 0x08, 0x04, 0x08, 0x04, 0x08, 0x04,
    0x08, 0x04, 0x08, 0x04, 0x08, 0x04, 0x08, 0x04, 0x08, 0x04, 0x08, 0x04, 0x08, 0x04, 0x08, 0x04,
    0x08, 0x04, 0x08, 0x24, 0x10, 0x25, 0x10, 0x25, 0x10, 0x25, 0x10, 0x46, 0x18, 0x88, 0x18, 0xA9,
    0x20, 0xEC, 0x29, 0x4E, 0x31, 0x91, 0x4A, 0x56, 0x94, 0xDF, 0xD7, 0x5F, 0xE7, 0xDF, 0xB6, 0x3F,
    0x63, 0x9A, 0x31, 0xB1, 0x21, 0x0C, 0x18, 0xC9, 0x10, 0x87, 0x10, 0x46, 0x08, 0x25, 0x08, 0x04,
    0x08, 0x04, 0x08, 0x04, 0x08, 0x04, 0x08, 0x04, 0x08, 0x04, 0x08, 0x04, 0x08, 0x04, 0x08, 0x04,
    0x08, 0x04, 0x08, 0x04, 0x10, 0x25, 0x18, 0x26, 0x20, 0x48, 0x30, 0x8A, 0x40, 0xAE, 0xBB, 0x5C,
    0xFD, 0x9F, 0xC3, 0x5D, 0x58, 0xF2, 0x48, 0xCF, 0x38, 0x8C, 0x28, 0x69, 0x20, 0x47, 0x18, 0x26,
    0x10, 0x25, 0x10, 0x25, 0x10, 0x05, 0x10, 0x04, 0x08, 0x04, 0x08, 0x04, 0x08, 0x04, 0x08, 0x04,
    0x08, 0x04, 0x08, 0x04, 0x08, 0x04, 0x08, 0x04, 0x08, 0x04, 0x08, 0x04, 0x08, 0x04, 0x08, 0x04,
    0x08, 0x04, 0x08, 0x04, 0x08, 0x04, 0x08, 0x04, 0x08, 0x04, 0x08, 0x04, 0x08, 0x04, 0x08, 0x04,
    0x08, 0x04, 0x08, 0x04, 0x08, 0x04, 0x08, 0x04, 0x08, 0x04, 0x08, 0x04, 0x08, 0x04, 0x08, 0x04,
    0x08, 0x04, 0x08, 0x04, 0x08, 0x04, 0x08, 0x04, 0x08, 0x04, 0x08, 0x04, 0x10, 0x24, 0x10, 0x25,
    0x10, 0x25, 0x10, 0x46, 0x10, 0x67, 0x18, 0x88, 0x20, 0xCA, 0x29, 0x0C, 0x31, 0x6F, 0x31, 0xB1,
    0x42, 0x56, 0x7C, 0x5E, 0xC6, 0xDF, 0xE7, 0xFF, 0xD7, 0x9F, 0x9D, 0x9E, 0x5B, 0x37, 0x21, 0x4C,
    0x18, 0xA8, 0x10, 0x66, 0x10, 0x25, 0x08, 0x24, 0x08, 0x04, 0x08, 0x04, 0x08, 0x04, 0x08, 0x04,
    0x08, 0x04, 0x08, 0x04, 0x08, 0x04, 0x08, 0x04, 0x08, 0x04, 0x08, 0x04, 0x10, 0x04, 0x10, 0x25,
    0x20, 0x47, 0x30, 0x8A, 0x38, 0x8C, 0x82, 0x17, 0xFD, 0x5F, 0xEC, 0x9F, 0x79, 0x97, 0x48, 0xCF,
    0x40, 0xAD, 0x30, 0x8A, 0x20, 0x48, 0x18, 0x27, 0x10, 0x26, 0x10, 0x25, 0x10, 0x25, 0x10, 0x04,
    0x08, 0x04, 0x08, 0x04, 0x08, 0x04, 0x08, 0x04, 0x08, 0x04, 0x08, 0x04, 0x08, 0x04, 0x08, 0x04,
    0x08, 0x04, 0x08, 0x04, 0x08, 0x04, 0x08, 0x04, 0x08, 0x04, 0x08, 0x04, 0x08, 0x04, 0x08, 0x04,
    0x08, 0x04, 0x08, 0x04, 0x08, 0x04, 0x08, 0x04, 0x08, 0x04, 0x08, 0x04, 0x08, 0x04, 0x08, 0x04,
    0x08, 0x04, 0x08, 0x04, 0x08, 0x04, 0x08, 0x04, 0x08, 0x04, 0x08, 0x04, 0x08, 0x04, 0x08, 0x04,
    0x08, 0x04, 0x08, 0x04, 0x08, 0x24, 0x10, 0x25, 0x10, 0x25, 0x10, 0x46, 0x10, 0x46, 0x18, 0x67,
    0x18, 0xA9, 0x20, 0xEB, 0x29, 0x2D, 0x31, 0x90, 0x39, 0xF2, 0x42, 0x56, 0x63, 0x9C, 0x9D, 0x9F,
    0xCF, 0x9F, 0xE7, 0xFF, 0x9D, 0xDF, 0x29, 0x8F, 0x18, 0xA8, 0x10, 0x87, 0x10, 0x45, 0x08, 0x24,
    0x08, 0x04, 0x08, 0x04, 0x08, 0x04, 0x08, 0x04, 0x08, 0x04, 0x08, 0x04, 0x08, 0x04, 0x08, 0x04,
    0x08, 0x04, 0x08, 0x04, 0x08, 0x04, 0x10, 0x25, 0x18, 0x47, 0x28, 0x69, 0x38, 0x8B, 0x59, 0x11,
    0xDC, 0x3F, 0xFD, 0x7F, 0xAA, 0xBC, 0x50, 0xD1, 0x48, 0xCE, 0x38, 0x8C, 0x28, 0x69, 0x20, 0x47,
    0x18, 0x26, 0x10, 0x25, 0x10, 0x25, 0x10, 0x05, 0x10, 0x04, 0x08, 0x04, 0x08, 0x04, 0x08, 0x04,
    0x08, 0x04, 0x08, 0x04, 0x08, 0x04, 0x08, 0x04, 0x08, 0x04, 0x08, 0x04, 0x08, 0x04, 0x08, 0x04,
    0x08, 0x04, 0x08, 0x04, 0x08, 0x04, 0x08, 0x04, 0x08, 0x04, 0x08, 0x04, 0x08, 0x04, 0x08, 0x04,
    0x08, 0x04, 0x08, 0x04, 0x08, 0x04, 0x08, 0x04, 0x08, 0x04, 0x08, 0x04, 0x08, 0x04, 0x08, 0x04,
    0x08, 0x04, 0x08, 0x04, 0x08, 0x04, 0x08, 0x04, 0x08, 0x04, 0x08, 0x04, 0x08, 0x24, 0x10, 0x25,
    0x10, 0x25, 0x10, 0x45, 0x10, 0x46, 0x10, 0x67, 0x18, 0x88, 0x18, 0xA9, 0x21, 0x0B, 0x29, 0x6E,
    0x31, 0xD1, 0x42, 0x55, 0x42, 0x77, 0x5B, 0x7C, 0xBE, 0xDF, 0xDF, 0xFF, 0x74, 0x3A, 0x21, 0x2C,
    0x18, 0xC9, 0x10, 0x87, 0x10, 0x45, 0x08, 0x04, 0x08, 0x04, 0x08, 0x04, 0x08, 0x04, 0x08, 0x04,
    0x08, 0x04, 0x08, 0x04, 0x08, 0x04, 0x08, 0x04, 0x08, 0x04, 0x08, 0x04, 0x08, 0x04, 0x10, 0x25,
    0x18, 0x26, 0x20, 0x48, 0x30, 0x8A, 0x38, 0x8D, 0xA2, 0xBA, 0xFD, 0x9F, 0xE4, 0x3F, 0x69, 0x56,
    0x48, 0xCF, 0x40, 0xAD, 0x30, 0x6A, 0x20, 0x48, 0x18, 0x27, 0x10, 0x26, 0x10, 0x25, 0x10, 0x25,
    0x10, 0x04, 0x08, 0x04, 0x08, 0x04, 0x08, 0x04, 0x08, 0x04, 0x08, 0x04, 0x08, 0x04, 0x08, 0x04,
    0x08, 0x04, 0x08, 0x04, 0x08, 0x04, 0x08, 0x04, 0x08, 0x04, 0x08, 0x04, 0x08, 0x04, 0x08, 0x04,
    0x08, 0x04, 0x08, 0x04, 0x08, 0x04, 0x08, 0x04, 0x08, 0x04, 0x08, 0x04, 0x08, 0x04, 0x08, 0x04,
    0x08, 0x04, 0x08, 0x04, 0x08, 0x04, 0x08, 0x04, 0x08, 0x04, 0x08, 0x04, 0x08, 0x04, 0x08, 0x04,
    0x08, 0x04, 0x08, 0x04, 0x08, 0x04, 0x08, 0x24, 0x10, 0x25, 0x10, 0x45, 0x10, 0x46, 0x10, 0x46,
    0x18, 0x67, 0x18, 0xA9, 0x20, 0xEB, 0x29, 0x4D, 0x31, 0xB0, 0x3A, 0x34, 0x42, 0x97, 0x7C, 0x9E,
    0xD7, 0xDF, 0xB6, 0xDF, 0x42, 0x74, 0x21, 0x2B, 0x18, 0xC9, 0x10, 0x66, 0x10, 0x25, 0x08, 0x04,
    0x08, 0x04, 0x08, 0x04, 0x08, 0x04, 0x08, 0x04, 0x08, 0x04, 0x08, 0x04, 0x08, 0x04, 0x08, 0x04,
    0x08, 0x04, 0x08, 0x04, 0x08, 0x04, 0x10, 0x04, 0x10, 0x25, 0x20, 0x47, 0x28, 0x6A, 0x38, 0x8B,
    0x69, 0x73, 0xEC, 0x9F, 0xFD, 0x5F, 0xA2, 0x9C, 0x50, 0xD1, 0x40, 0xCF, 0x30, 0x8C, 0x28, 0x69,
    0x20, 0x47, 0x18, 0x26, 0x10, 0x25, 0x10, 0x25, 0x10, 0x25, 0x10, 0x04, 0x08, 0x04, 0x08, 0x04,
    0x08, 0x04, 0x08, 0x04, 0x08, 0x04, 0x08, 0x04, 0x08, 0x04, 0x08, 0x04, 0x08, 0x04, 0x08, 0x04,
    0x08, 0x04, 0x08, 0x04, 0x08, 0x04, 0x08, 0x04, 0x08, 0x04, 0x08, 0x04, 0x08, 0x04, 0x08, 0x04,
    0x08, 0x04, 0x08, 0x04, 0x08, 0x04, 0x08, 0x04, 0x08, 0x04, 0x08, 0x04, 0x08, 0x04, 0x08, 0x04,
    0x08, 0x04, 0x08, 0x04, 0x08, 0x04, 0x08, 0x04, 0x08, 0x04, 0x08, 0x04, 0x08, 0x04, 0x08, 0x24,
    0x10, 0x25, 0x10, 0x25, 0x10, 0x46, 0x10, 0x46, 0x10, 0x67, 0x18, 0xA9, 0x20, 0xEB, 0x29, 0x4D,
    0x31, 0xB1, 0x3A, 0x13, 0x4A, 0xF9, 0xAE, 0x7F, 0xDF, 0xFF, 0x7C, 0xBC, 0x29, 0x8F, 0x21, 0x2B,
    0x18, 0xA8, 0x10, 0x66, 0x08, 0x25, 0x08, 0x04, 0x08, 0x04, 0x08, 0x04, 0x08, 0x04, 0x08, 0x04,
    0x08, 0x04, 0x08, 0x04, 0x08, 0x04, 0x08, 0x04, 0x08, 0x04, 0x08, 0x04, 0x08, 0x04, 0x08, 0x04,
    0x10, 0x25, 0x18, 0x26, 0x28, 0x48, 0x30, 0x8B, 0x40, 0xAE, 0xB3, 0x1C, 0xFD, 0x9F, 0xDC, 0x1F,
    0x69, 0x56, 0x48, 0xD0, 0x40, 0xAD, 0x30, 0x6B, 0x20, 0x48, 0x18, 0x27, 0x18, 0x26, 0x10, 0x25,
    0x10, 0x25, 0x10, 0x05, 0x10, 0x04, 0x08, 0x04, 0x08, 0x04, 0x08, 0x04, 0x08, 0x04, 0x08, 0x04,
    0x08, 0x04, 0x08, 0x04, 0x08, 0x04, 0x08, 0x04, 0x08, 0x04, 0x08, 0x04, 0x08, 0x04, 0x08, 0x04,
    0x08, 0x04, 0x08, 0x04, 0x08, 0x04, 0x08, 0x04, 0x08, 0x04, 0x08, 0x04, 0x08, 0x04, 0x08, 0x04,
    0x08, 0x04, 0x08, 0x04, 0x08, 0x04, 0x08, 0x04, 0x08, 0x04, 0x08, 0x04, 0x08, 0x04, 0x08, 0x04,
    0x08, 0x04, 0x08, 0x04, 0x08, 0x24, 0x08, 0x25, 0x10, 0x25, 0x10, 0x45, 0x10, 0x46, 0x10, 0x46,
    0x18, 0x87, 0x18, 0xA9, 0x21, 0x0B, 0x29, 0x6E, 0x31, 0xD1, 0x3A, 0x34, 0x7C, 0x7E, 0xD7, 0xDF,
    0xBE, 0xFF, 0x42, 0xB5, 0x21, 0x4C, 0x19, 0x0A, 0x10, 0x87, 0x10, 0x46, 0x08, 0x24, 0x08, 0x04,
    0x08, 0x04, 0x08, 0x04, 0x08, 0x04, 0x08, 0x04, 0x08, 0x04, 0x08, 0x04, 0x08, 0x04, 0x08, 0x04,
    0x08, 0x04, 0x08, 0x04, 0x08, 0x04, 0x08, 0x04, 0x10, 0x04, 0x10, 0x26, 0x20, 0x47, 0x28, 0x6A,
    0x38, 0x8C, 0x69, 0x74, 0xEC, 0xBF, 0xFD, 0x5F, 0xA2, 0x9C, 0x50, 0xF2, 0x48, 0xCF, 0x38, 0x8C,
    0x28, 0x6A, 0x20, 0x48, 0x18, 0x26, 0x10, 0x25, 0x10, 0x25, 0x10, 0x25, 0x10, 0x05, 0x08, 0x04,
    0x08, 0x04, 0x08, 0x04, 0x08, 0x04, 0x08, 0x04, 0x08, 0x04, 0x08, 0x04, 0x08, 0x04, 0x08, 0x04,
    0x08, 0x04, 0x08, 0x04, 0x08, 0x04, 0x08, 0x04, 0x08, 0x04, 0x08, 0x04, 0x08, 0x04, 0x08, 0x04,
    0x08, 0x04, 0x08, 0x04, 0x08, 0x04, 0x08, 0x04, 0x08, 0x04, 0x08, 0x04, 0x08, 0x04, 0x08, 0x04,
    0x08, 0x04, 0x08, 0x04, 0x08, 0x04, 0x08, 0x04, 0x08, 0x04, 0x08, 0x04, 0x08, 0x24, 0x10, 0x25,
    0x10, 0x25, 0x10, 0x45, 0x10, 0x46, 0x10, 0x67, 0x18, 0x88, 0x18, 0xCA, 0x21, 0x2C, 0x29, 0x8F,
    0x31, 0xF2, 0x53, 0x19, 0xB6, 0x9F, 0xD7, 0xFF, 0x7C, 0x9C, 0x29, 0x8F, 0x21, 0x2B, 0x18, 0xC9,
    0x10, 0x66, 0x10, 0x45, 0x08, 0x24, 0x08, 0x04, 0x08, 0x04, 0x08, 0x04, 0x08, 0x04, 0x08, 0x04,
    0x08, 0x04, 0x08, 0x04, 0x08, 0x04, 0x08, 0x04, 0x08, 0x04, 0x08, 0x04, 0x08, 0x04, 0x08, 0x04,
    0x08, 0x04, 0x10, 0x25, 0x18, 0x26, 0x28, 0x69, 0x30, 0x8B, 0x40, 0xAE, 0xAA, 0xFC, 0xFD, 0x9F,
    0xE4, 0x7F, 0x71, 0x97, 0x48, 0xD0, 0x40, 0xAE, 0x30, 0x8B, 0x20, 0x49, 0x18, 0x47, 0x18, 0x26,
    0x10, 0x26, 0x10, 0x25, 0x10, 0x25, 0x10, 0x05, 0x08, 0x04, 0x08, 0x04, 0x08, 0x04, 0x08, 0x04,
    0x08, 0x04, 0x08, 0x04, 0x08, 0x04, 0x08, 0x04, 0x08, 0x04, 0x08, 0x04, 0x08, 0x04, 0x08, 0x04,
    0x08, 0x04, 0x08, 0x04, 0x08, 0x04, 0x08, 0x04, 0x08, 0x04, 0x08, 0x04, 0x08, 0x04, 0x08, 0x04,
    0x08, 0x04, 0x08, 0x04, 0x08, 0x04, 0x08, 0x04, 0x08, 0x04, 0x08, 0x04, 0x08, 0x04, 0x08, 0x04,
    0x08, 0x04, 0x08, 0x04, 0x08, 0x25, 0x10, 0x25, 0x10, 0x25, 0x10, 0x46, 0x10, 0x46, 0x10, 0x87,
    0x18, 0xA9, 0x20, 0xEB, 0x29, 0x6E, 0x31, 0xD0, 0x3A, 0x35, 0x85, 0x1E, 0xD7, 0xFF, 0xAE, 0x9F,
    0x3A, 0x74, 0x21, 0x4C, 0x18, 0xEA, 0x10, 0x88, 0x10, 0x46, 0x08, 0x25, 0x08, 0x04, 0x08, 0x04,
    0x08, 0x04, 0x08, 0x04, 0x08, 0x04, 0x08, 0x04, 0x08, 0x04, 0x08, 0x04, 0x08, 0x04, 0x08, 0x04,
    0x08, 0x04, 0x08, 0x04, 0x08, 0x04, 0x08, 0x04, 0x08, 0x04, 0x10, 0x04, 0x10, 0x26, 0x20, 0x47,
    0x28, 0x6A, 0x38, 0x8C, 0x61, 0x54, 0xEC, 0x7F, 0xFD, 0x9F, 0xBB, 0x1E, 0x58, 0xF3, 0x48, 0xD0,
    0x38, 0x8D, 0x28, 0x6A, 0x20, 0x48, 0x18, 0x27, 0x18, 0x26, 0x10, 0x25, 0x10, 0x25, 0x10, 0x25,
    0x10, 0x05, 0x10, 0x04, 0x08, 0x04, 0x08, 0x04, 0x08, 0x04, 0x08, 0x04, 0x08, 0x04, 0x08, 0x04,
    0x08, 0x04, 0x08, 0x04, 0x08, 0x04, 0x08, 0x04, 0x08, 0x04, 0x08, 0x04, 0x08, 0x04, 0x08, 0x04,
    0x08, 0x04, 0x08, 0x04, 0x08, 0x04, 0x08, 0x04, 0x08, 0x04, 0x08, 0x04, 0x08, 0x04, 0x08, 0x04,
    0x08, 0x04, 0x08, 0x04, 0x08, 0x04, 0x08, 0x04, 0x08, 0x24, 0x08, 0x25, 0x10, 0x25, 0x10, 0x25,
    0x10, 0x45, 0x10, 0x46, 0x10, 0x67, 0x18, 0x88, 0x18, 0xCA, 0x21, 0x2D, 0x31, 0xB0, 0x31, 0xF2,
    0x63, 0xBB, 0xC7, 0x3F, 0xCF, 0xBF, 0x6B, 0xFA, 0x21, 0x6E, 0x21, 0x2B, 0x18, 0xC9, 0x10, 0x66,
    0x10, 0x45, 0x08, 0x24, 0x08, 0x04, 0x08, 0x04, 0x08, 0x04, 0x08, 0x04, 0x08, 0x04, 0x08, 0x04,
    0x08, 0x04, 0x08, 0x04, 0x08, 0x04, 0x08, 0x04, 0x08, 0x04, 0x08, 0x04, 0x08, 0x04, 0x08, 0x04,
    0x08, 0x04, 0x08, 0x04, 0x10, 0x25, 0x18, 0x46, 0x20, 0x68, 0x30, 0x8B, 0x38, 0x8D, 0x9A, 0x9A,
    0xFD, 0x7F, 0xF4, 0xDF, 0x8A, 0x1A, 0x50, 0xD1, 0x40, 0xCF, 0x30, 0x8C, 0x28, 0x6A, 0x20, 0x48,
    0x18, 0x27, 0x10, 0x26, 0x10, 0x25, 0x10, 0x25, 0x10, 0x25, 0x10, 0x25, 0x10, 0x25, 0x10, 0x04,
    0x10, 0x04, 0x08, 0x04, 0x08, 0x04, 0x10, 0x04, 0x10, 0x24, 0x10, 0x24, 0x10, 0x24, 0x10, 0x25,
    0x10, 0x25, 0x10, 0x25, 0x10, 0x25, 0x10, 0x25, 0x10, 0x25, 0x10, 0x25, 0x10, 0x25, 0x10, 0x25,
    0x10, 0x24, 0x08, 0x24, 0x08, 0x24, 0x08, 0x24, 0x08, 0x24, 0x08, 0x24, 0x08, 0x24, 0x08, 0x24,
    0x10, 0x25, 0x10, 0x25, 0x10, 0x25, 0x10, 0x45, 0x10, 0x46, 0x10, 0x67, 0x18, 0x88, 0x18, 0xC9,
    0x21, 0x0C, 0x29, 0x6E, 0x31, 0xD1, 0x42, 0xB7, 0xA6, 0x1F, 0xDF, 0xFF, 0x95, 0xBE, 0x31, 0xF2,
    0x21, 0x4C, 0x18, 0xEA, 0x10, 0x87, 0x10, 0x46, 0x08, 0x25, 0x08, 0x04, 0x08, 0x04, 0x08, 0x04,
    0x08, 0x04, 0x08, 0x04, 0x08, 0x04, 0x08, 0x04, 0x08, 0x04, 0x08, 0x04, 0x08, 0x04, 0x08, 0x04,
    0x08, 0x04, 0x08, 0x04, 0x08, 0x04, 0x08, 0x04, 0x08, 0x04, 0x08, 0x04, 0x10, 0x24, 0x10, 0x25,
    0x20, 0x47, 0x28, 0x6A, 0x30, 0x8C, 0x51, 0x11, 0xD3, 0xDE, 0xFD, 0xBF, 0xD3, 0xFF, 0x69, 0x57,
    0x48, 0xD0, 0x40, 0xAE, 0x30, 0x8C, 0x20, 0x69, 0x18, 0x48, 0x18, 0x27, 0x10, 0x26, 0x10, 0x26,
    0x10, 0x25, 0x10, 0x25, 0x10, 0x25, 0x10, 0x25, 0x10, 0x25, 0x10, 0x25, 0x10, 0x25, 0x10, 0x25,
    0x10, 0x25, 0x10, 0x25, 0x10, 0x25, 0x10, 0x25, 0x10, 0x25, 0x10, 0x25, 0x10, 0x25, 0x10, 0x25,
    0x10, 0x25, 0x10, 0x25, 0x10, 0x25, 0x10, 0x25, 0x10, 0x25, 0x10, 0x25, 0x10, 0x25, 0x10, 0x25,
    0x10, 0x25, 0x10, 0x25, 0x10, 0x25, 0x10, 0x25, 0x10, 0x25, 0x10, 0x25, 0x10, 0x45, 0x10, 0x46,
    0x10, 0x66, 0x18, 0x87, 0x18, 0xA9, 0x20, 0xEB, 0x29, 0x4E, 0x31, 0xD0, 0x3A, 0x34, 0x7C, 0xDE,
    0xD7, 0xDF, 0xBF, 0x1F, 0x4B, 0x17, 0x21, 0x4D, 0x21, 0x0B, 0x18, 0xA8, 0x10, 0x66, 0x10, 0x25,
    0x08, 0x24, 0x08, 0x04, 0x08, 0x04, 0x08, 0x04, 0x08, 0x04, 0x08, 0x04, 0x08, 0x04, 0x08, 0x04,
    0x08, 0x04, 0x08, 0x04, 0x08, 0x04, 0x08, 0x04, 0x08, 0x04, 0x08, 0x04, 0x08, 0x04, 0x08, 0x04,
    0x08, 0x04, 0x08, 0x04, 0x08, 0x04, 0x10, 0x25, 0x18, 0x26, 0x20, 0x48, 0x30, 0x8B, 0x38, 0x8D,
    0x79, 0xD7, 0xF4, 0xFF, 0xFD, 0x7F, 0xB2, 0xFE, 0x58, 0xF4, 0x48, 0xD0, 0x38, 0xAE, 0x28, 0x8B,
    0x20, 0x69, 0x18, 0x48, 0x18, 0x27, 0x10, 0x26, 0x10, 0x26, 0x10, 0x25, 0x10, 0x25, 0x10, 0x25,
    0x10, 0x25, 0x10, 0x25, 0x10, 0x25, 0x10, 0x25, 0x10, 0x25, 0x10, 0x25, 0x10, 0x25, 0x10, 0x25,
    0x10, 0x25, 0x10, 0x26, 0x10, 0x26, 0x10, 0x26, 0x10, 0x26, 0x10, 0x25, 0x10, 0x25, 0x10, 0x25,
    0x10, 0x25, 0x10, 0x25, 0x10, 0x25, 0x10, 0x25, 0x10, 0x25, 0x10, 0x25, 0x10, 0x25, 0x10, 0x25,
    0x10, 0x45, 0x10, 0x46, 0x10, 0x46, 0x10, 0x46, 0x10, 0x87, 0x18, 0xA9, 0x20, 0xEA, 0x21, 0x2D,
    0x31, 0xB0, 0x31, 0xF2, 0x63, 0xBB, 0xC7, 0x3F, 0xD7, 0xDF, 0x74, 0x7C, 0x29, 0x8F, 0x21, 0x2C,
    0x18, 0xC9, 0x10, 0x87, 0x10, 0x45, 0x08, 0x24, 0x08, 0x04, 0x08, 0x04, 0x08, 0x04, 0x08, 0x04,
    0x08, 0x04, 0x08, 0x04, 0x08, 0x04, 0x08, 0x04, 0x08, 0x04, 0x08, 0x04, 0x08, 0x04, 0x08, 0x04,
    0x08, 0x04, 0x08, 0x04, 0x08, 0x04, 0x08, 0x04, 0x08, 0x04, 0x08, 0x04, 0x08, 0x04, 0x10, 0x04,
    0x10, 0x25, 0x18, 0x47, 0x28, 0x69, 0x30, 0x8B, 0x40, 0xAF, 0xA2, 0xDC, 0xFD, 0x7F, 0xF4, 0xFF,
    0x8A, 0x3B, 0x50, 0xD2, 0x40, 0xD0, 0x38, 0xAD, 0x28, 0x8B, 0x20, 0x69, 0x18, 0x48, 0x18, 0x47,
    0x10, 0x26, 0x10, 0x26, 0x10, 0x26, 0x10, 0x26, 0x10, 0x26, 0x10, 0x25, 0x10, 0x26, 0x10, 0x26,
    0x10, 0x26, 0x10, 0x46, 0x10, 0x46, 0x18, 0x47, 0x18, 0x47, 0x18, 0x47, 0x18, 0x47, 0x18, 0x47,
    0x18, 0x47, 0x18, 0x47, 0x10, 0x47, 0x10, 0x47, 0x10, 0x46, 0x10, 0x46, 0x10, 0x46, 0x10, 0x46,
    0x10, 0x46, 0x10, 0x46, 0x10, 0x46, 0x10, 0x46, 0x10, 0x46, 0x10, 0x46, 0x10, 0x46, 0x10, 0x87,
    0x18, 0xA9, 0x20, 0xEA, 0x21, 0x2C, 0x29, 0x8F, 0x31, 0xD1, 0x4A, 0xF8, 0xAE, 0x5F, 0xDF, 0xFF,
    0x9D, 0xFF, 0x32, 0x12, 0x21, 0x4C, 0x19, 0x0A, 0x10, 0xA8, 0x10, 0x66, 0x08, 0x25, 0x08, 0x24,
    0x08, 0x04, 0x08, 0x04, 0x08, 0x04, 0x08, 0x04, 0x08, 0x04, 0x08, 0x04, 0x08, 0x04, 0x08, 0x04,
    0x08, 0x04, 0x08, 0x04, 0x08, 0x04, 0x08, 0x04, 0x08, 0x04, 0x08, 0x04, 0x08, 0x04, 0x08, 0x04,
    0x08, 0x04, 0x08, 0x04, 0x08, 0x04, 0x08, 0x04, 0x10, 0x25, 0x18, 0x26, 0x20, 0x48, 0x28, 0x6A,
    0x30, 0x8C, 0x51, 0x12, 0xCB, 0xDF, 0xFD, 0xBF, 0xE4, 0x5F, 0x71, 0xB9, 0x48, 0xF2, 0x40, 0xD0,
    0x30, 0xAD, 0x28, 0x8B, 0x20, 0x69, 0x18, 0x48, 0x18, 0x47, 0x18, 0x47, 0x10, 0x26, 0x10, 0x26,
    0x10, 0x46, 0x18, 0x46, 0x18, 0x47, 0x18, 0x47, 0x18, 0x47, 0x18, 0x68, 0x18, 0x68, 0x18, 0x68,
    0x18, 0x68, 0x18, 0x89, 0x18, 0x89, 0x18, 0x89, 0x18, 0x89, 0x18, 0x89, 0x18, 0x88, 0x18, 0x88,
    0x18, 0x88, 0x18, 0x68, 0x18, 0x67, 0x10, 0x67, 0x10, 0x67, 0x10, 0x46, 0x10, 0x46, 0x10, 0x46,
    0x10, 0x66, 0x10, 0x67, 0x18, 0x88, 0x18, 0xA9, 0x20, 0xCA, 0x21, 0x2C, 0x29, 0x8F, 0x31, 0xD1,
    0x42, 0x76, 0x95, 0x7F, 0xDF, 0xFF, 0xBE, 0xFF, 0x4B, 0x17, 0x21, 0x4D, 0x21, 0x2B, 0x18, 0xA8,
    0x10, 0x66, 0x10, 0x45, 0x08, 0x24, 0x08, 0x04, 0x08, 0x04, 0x08, 0x04, 0x08, 0x04, 0x08, 0x04,
    0x08, 0x04, 0x08, 0x04, 0x08, 0x04, 0x08, 0x04, 0x08, 0x04, 0x08, 0x04, 0x08, 0x04, 0x08, 0x04,
    0x08, 0x04, 0x08, 0x04, 0x08, 0x04, 0x08, 0x04, 0x08, 0x04, 0x08, 0x04, 0x08, 0x04, 0x08, 0x04,
    0x08, 0x04, 0x10, 0x25, 0x18, 0x26, 0x20, 0x48, 0x30, 0x8B, 0x38, 0x8D, 0x69, 0xB6, 0xEC, 0x9F,
    0xFD, 0x9F, 0xCB, 0xDF, 0x61, 0x77, 0x48, 0xF1, 0x40, 0xD0, 0x30, 0xAD, 0x28, 0x8B, 0x20, 0x69,
    0x20, 0x68, 0x18, 0x48, 0x18, 0x47, 0x18, 0x47, 0x18, 0x48, 0x18, 0x68, 0x18, 0x68, 0x20, 0x69,
    0x20, 0x89, 0x20, 0x8A, 0x20, 0xAA, 0x20, 0xAB, 0x28, 0xCB, 0x28, 0xCB, 0x28, 0xCB, 0x28, 0xCB,
    0x28, 0xCB, 0x28, 0xCB, 0x20, 0xCB, 0x20, 0xCB, 0x20, 0xCA, 0x20, 0xAA, 0x18, 0xA9, 0x18, 0xA9,
    0x18, 0x88, 0x18, 0x88, 0x18, 0x88, 0x18, 0x87, 0x18, 0x88, 0x18, 0x88, 0x18, 0xA9, 0x20, 0xEA,
    0x21, 0x2C, 0x29, 0x8F, 0x31, 0xD1, 0x3A, 0x35, 0x7C, 0xBE, 0xCF, 0xBF, 0xCF, 0x9F, 0x6C, 0x1A,
    0x21, 0x6E, 0x21, 0x2C, 0x18, 0xC9, 0x10, 0x87, 0x10, 0x45, 0x08, 0x24, 0x08, 0x04, 0x08, 0x04,
    0x08, 0x04, 0x08, 0x04, 0x08, 0x04, 0x08, 0x04, 0x08, 0x04, 0x08, 0x04, 0x08, 0x04, 0x08, 0x04,
    0x08, 0x04, 0x08, 0x04, 0x08, 0x04, 0x08, 0x04, 0x08, 0x04, 0x08, 0x04, 0x08, 0x04, 0x08, 0x04,
    0x08, 0x04, 0x08, 0x04, 0x08, 0x04, 0x08, 0x04, 0x08, 0x04, 0x10, 0x04, 0x10, 0x25, 0x18, 0x47,
    0x20, 0x69, 0x30, 0x8B, 0x38, 0x8E, 0x8A, 0x5A, 0xF5, 0x3F, 0xFD, 0x9F, 0xBB, 0x7F, 0x61, 0x56,
    0x48, 0xF1, 0x40, 0xF0, 0x38, 0xCD, 0x30, 0xAC, 0x28, 0x8A, 0x20, 0x8A, 0x20, 0x69, 0x20, 0x69,
    0x20, 0x89, 0x20, 0x8A, 0x28, 0xAB, 0x28, 0xAB, 0x28, 0xCC, 0x30, 0xED, 0x30, 0xED, 0x30, 0xED,
    0x30, 0xED, 0x30, 0xED, 0x31, 0x0D, 0x31, 0x0D, 0x31, 0x0D, 0x31, 0x0D, 0x29, 0x0D, 0x29, 0x0D,
    0x29, 0x0D, 0x29, 0x0D, 0x29, 0x0C, 0x20, 0xEB, 0x20, 0xCA, 0x20, 0xCA, 0x18, 0xA9, 0x18, 0xA9,
    0x18, 0xCA, 0x20, 0xCA, 0x21, 0x0B, 0x29, 0x2D, 0x29, 0x8F, 0x31, 0xD1, 0x3A, 0x34, 0x74, 0x5D,
    0xC7, 0x5F, 0xD7, 0xFF, 0x84, 0xFD, 0x29, 0xD0, 0x21, 0x4C, 0x18, 0xEA, 0x10, 0x87, 0x10, 0x66,
    0x08, 0x25, 0x08, 0x24, 0x08, 0x04, 0x08, 0x04, 0x08, 0x04, 0x08, 0x04, 0x08, 0x04, 0x08, 0x04,
    0x08, 0x04, 0x08, 0x04, 0x08, 0x04, 0x08, 0x04, 0x08, 0x04, 0x08, 0x04, 0x08, 0x04, 0x08, 0x04,
    0x08, 0x04, 0x08, 0x04, 0x08, 0x04, 0x08, 0x04, 0x08, 0x04, 0x08, 0x04, 0x08, 0x04, 0x08, 0x04,
    0x08, 0x04, 0x08, 0x04, 0x10, 0x25, 0x10, 0x26, 0x18, 0x47, 0x28, 0x6A, 0x30, 0x8C, 0x40, 0xCF,
    0xA2, 0xFC, 0xFD, 0x7F, 0xFD, 0x9F, 0xB3, 0x7E, 0x61, 0x77, 0x49, 0x12, 0x41, 0x10, 0x38, 0xCE,
    0x30, 0xCD, 0x30, 0xAC, 0x28, 0xAC, 0x28, 0xAC, 0x28, 0xCC, 0x30, 0xCD, 0x30, 0xEE, 0x30, 0xEE,
    0x31, 0x0F, 0x39, 0x0F, 0x39, 0x31, 0x41, 0x52, 0x41, 0x93, 0x41, 0x93, 0x41, 0x93, 0x41, 0x93,
    0x41, 0xB3, 0x41, 0xB3, 0x41, 0x93, 0x39, 0x72, 0x31, 0x50, 0x31, 0x4F, 0x31, 0x4E, 0x31, 0x4E,
    0x29, 0x2D, 0x29, 0x0C, 0x21, 0x0C, 0x21, 0x0C, 0x21, 0x0C, 0x29, 0x2D, 0x29, 0x6E, 0x31, 0xB0,
    0x31, 0xF1, 0x3A, 0x35, 0x74, 0x3D, 0xC7, 0x3F, 0xDF, 0xFF, 0x95, 0x9E, 0x32, 0x12, 0x21, 0x4C,
    0x19, 0x0A, 0x10, 0xA8, 0x10, 0x66, 0x10, 0x45, 0x08, 0x24, 0x08, 0x04, 0x08, 0x04, 0x08, 0x04,
    0x08, 0x04, 0x08, 0x04, 0x08, 0x04, 0x08, 0x04, 0x08, 0x04, 0x08, 0x04, 0x08, 0x04, 0x08, 0x04,
    0x08, 0x04, 0x08, 0x04, 0x08, 0x04, 0x08, 0x04, 0x08, 0x04, 0x08, 0x04, 0x08, 0x04, 0x08, 0x04,
    0x08, 0x04, 0x08, 0x04, 0x08, 0x04, 0x08, 0x04, 0x08, 0x04, 0x08, 0x04, 0x10, 0x04, 0x10, 0x25,
    0x18, 0x26, 0x20, 0x48, 0x28, 0x6A, 0x30, 0x8C, 0x40, 0xF1, 0xAB, 0x5D, 0xFD, 0xBF, 0xFD, 0xBF,
    0xBB, 0xBF, 0x69, 0xB8, 0x49, 0x12, 0x41, 0x11, 0x41, 0x10, 0x38, 0xEF, 0x38, 0xEE, 0x38, 0xEF,
    0x39, 0x0F, 0x39, 0x0F, 0x39, 0x10, 0x41, 0x52, 0x59, 0xF6, 0x7A, 0xDA, 0x93, 0xDD, 0xAC, 0x7E,
    0xBC, 0xFF, 0xBD, 0x3F, 0xBD, 0x3F, 0xBD, 0x3F, 0xBD, 0x3F, 0xB5, 0x5F, 0xB5, 0x3F, 0xA4, 0xBE,
    0x83, 0xFC, 0x62, 0xF9, 0x42, 0x15, 0x31, 0x91, 0x31, 0x70, 0x31, 0x6F, 0x31, 0x6F, 0x29, 0x6F,
    0x29, 0x6F, 0x31, 0x90, 0x31, 0xD1, 0x31, 0xF2, 0x42, 0x76, 0x7C, 0x9E, 0xC7, 0x5F, 0xDF, 0xFF,
    0x9D, 0xDF, 0x3A, 0x54, 0x21, 0x4C, 0x21, 0x0B, 0x18, 0xC8, 0x10, 0x67, 0x10, 0x45, 0x08, 0x24,
    0x08, 0x04, 0x08, 0x04, 0x08, 0x04, 0x08, 0x04, 0x08, 0x04, 0x08, 0x04, 0x08, 0x04, 0x08, 0x04,
    0x08, 0x04, 0x08, 0x04, 0x08, 0x04, 0x08, 0x04, 0x08, 0x04, 0x08, 0x04, 0x08, 0x04, 0x08, 0x04,
    0x08, 0x04, 0x08, 0x04, 0x08, 0x04, 0x08, 0x04, 0x08, 0x04, 0x08, 0x04, 0x08, 0x04, 0x08, 0x04,
    0x08, 0x04, 0x08, 0x04, 0x08, 0x04, 0x10, 0x04, 0x10, 0x25, 0x18, 0x26, 0x20, 0x48, 0x28, 0x8A,
    0x30, 0x8C, 0x41, 0x11, 0xA3, 0x5C, 0xFD, 0x9F, 0xFD, 0xFF, 0xCC, 0x7F, 0x82, 0x7B, 0x51, 0x55,
    0x49, 0x32, 0x41, 0x31, 0x41, 0x31, 0x41, 0x31, 0x41, 0x32, 0x49, 0x94, 0x6A, 0x79, 0xA3, 0xFE,
    0xD5, 0x7F, 0xEE, 0x3F, 0xEE, 0x7F, 0xE6, 0x1F, 0xCD, 0x9F, 0xBD, 0x3F, 0xAC, 0xFE, 0xAC, 0xFE,
    0xAD, 0x1E, 0xBD, 0x7F, 0xCD, 0xFF, 0xDE, 0x9F, 0xE6, 0xFF, 0xD6, 0xBF, 0xB5, 0x9F, 0x84, 0x1C,
    0x52, 0x97, 0x39, 0xD3, 0x31, 0xB1, 0x31, 0xB1, 0x31, 0xD1, 0x31, 0xD2, 0x3A, 0x14, 0x53, 0x19,
    0x95, 0x5F, 0xCF, 0x9F, 0xD7, 0xFF, 0x9D, 0xBF, 0x3A, 0x74, 0x21, 0x4C, 0x21, 0x2B, 0x18, 0xC9,
    0x10, 0x87, 0x10, 0x45, 0x08, 0x25, 0x08, 0x04, 0x08, 0x04, 0x08, 0x04, 0x08, 0x04, 0x08, 0x04,
    0x08, 0x04, 0x08, 0x04, 0x08, 0x04, 0x08, 0x04, 0x08, 0x04, 0x08, 0x04, 0x08, 0x04, 0x08, 0x04,
    0x08, 0x04, 0x08, 0x04, 0x08, 0x04, 0x08, 0x04, 0x08, 0x04, 0x08, 0x04, 0x08, 0x04, 0x08, 0x04,
    0x08, 0x04, 0x08, 0x04, 0x08, 0x04, 0x08, 0x04, 0x08, 0x04, 0x08, 0x04, 0x08, 0x04, 0x08, 0x04,
    0x10, 0x04, 0x10, 0x25, 0x18, 0x27, 0x20, 0x48, 0x28, 0x8A, 0x30, 0xAC, 0x40, 0xF0, 0x92, 0xDB,
    0xED, 0x3F, 0xFE, 0x1F, 0xED, 0x7F, 0xB3, 0xFE, 0x7A, 0x7B, 0x59, 0xB7, 0x51, 0x96, 0x61, 0xF8,
    0x82, 0xFB, 0xB4, 0x7F, 0xE5, 0xDF, 0xFE, 0x9F, 0xEE, 0x3F, 0xBC, 0xFF, 0x8B, 0x7B, 0x62, 0x76,
    0x49, 0xB3, 0x39, 0x70, 0x31, 0x2F, 0x31, 0x2F, 0x31, 0x4F, 0x39, 0x91, 0x4A, 0x13, 0x62, 0xF7,
    0x8C, 0x5C, 0xBD, 0xFF, 0xE7, 0x1F, 0xDF, 0x3F, 0xBE, 0x3F, 0x8C, 0x9E, 0x63, 0x3A, 0x4A, 0x77,
    0x42, 0x76, 0x53, 0x19, 0x7C, 0x9D, 0xB6, 0x9F, 0xDF, 0xFF, 0xCF, 0x9F, 0x85, 0x1D, 0x3A, 0x33,
    0x21, 0x4C, 0x21, 0x0B, 0x18, 0xC9, 0x10, 0x87, 0x10, 0x46, 0x08, 0x25, 0x08, 0x24, 0x08, 0x04,
    0x08, 0x04, 0x08, 0x04, 0x08, 0x04, 0x08, 0x04, 0x08, 0x04, 0x08, 0x04, 0x08, 0x04, 0x08, 0x04,
    0x08, 0x04, 0x08, 0x04, 0x08, 0x04, 0x08, 0x04, 0x08, 0x04, 0x08, 0x04, 0x08, 0x04, 0x08, 0x04,
    0x08, 0x04, 0x08, 0x04, 0x08, 0x04, 0x08, 0x04, 0x08, 0x04, 0x08, 0x04, 0x08, 0x04, 0x08, 0x04,
    0x08, 0x04, 0x08, 0x04, 0x08, 0x04, 0x08, 0x04, 0x08, 0x04, 0x10, 0x05, 0x10, 0x25, 0x18, 0x27,
    0x20, 0x48, 0x28, 0x8A, 0x30, 0xAC, 0x38, 0xCE, 0x6A, 0x16, 0xBC, 0x1E, 0xF5, 0xBF, 0xFE, 0x3F,
    0xF5, 0xBF, 0xD4, 0xFF, 0xC4, 0xBF, 0xDD, 0x5F, 0xF6, 0x1F, 0xFE, 0x5F, 0xDD, 0xDF, 0xAC, 0x5D,
    0x6A, 0x98, 0x41, 0x71, 0x28, 0xEE, 0x28, 0xCC, 0x28, 0xCB, 0x20, 0xCB, 0x20, 0xCB, 0x20, 0xCB,
    0x20, 0xCB, 0x20, 0xEB, 0x20, 0xEB, 0x28, 0xEC, 0x29, 0x2E, 0x42, 0x13, 0x73, 0xBA, 0xAD, 0x9F,
    0xD7, 0x1F, 0xDF, 0x7F, 0xCE, 0xFF, 0xB6, 0x1F, 0xAD, 0xFF, 0xC6, 0xDF, 0xD7, 0xBF, 0xD7, 0xBF,
    0xAE, 0x3F, 0x63, 0xB9, 0x29, 0xB0, 0x21, 0x2C, 0x19, 0x0B, 0x18, 0xC9, 0x10, 0x87, 0x10, 0x46,
    0x08, 0x25, 0x08, 0x24, 0x08, 0x04, 0x08, 0x04, 0x08, 0x04, 0x08, 0x04, 0x08, 0x04, 0x08, 0x04,
    0x08, 0x04, 0x08, 0x04, 0x08, 0x04, 0x08, 0x04, 0x08, 0x04, 0x08, 0x04, 0x08, 0x04, 0x08, 0x04,
    0x08, 0x04, 0x08, 0x04, 0x08, 0x04, 0x08, 0x04, 0x08, 0x04, 0x08, 0x04, 0x08, 0x04, 0x08, 0x04,
    0x08, 0x04, 0x08, 0x04, 0x08, 0x04, 0x08, 0x04, 0x08, 0x04, 0x08, 0x04, 0x08, 0x04, 0x08, 0x04,
    0x08, 0x04, 0x08, 0x04, 0x10, 0x25, 0x10, 0x25, 0x18, 0x46, 0x18, 0x48, 0x20, 0x6A, 0x28, 0x8B,
    0x30, 0xAC, 0x41, 0x10, 0x6A, 0x57, 0xA3, 0xBC, 0xCC, 0xBF, 0xDD, 0x5F, 0xDD, 0x7F, 0xD5, 0x3F,
    0xB4, 0x9E, 0x8B, 0x7B, 0x5A, 0x15, 0x39, 0x30, 0x28, 0xCC, 0x28, 0xCC, 0x28, 0xCB, 0x20, 0xCA,
    0x20, 0xAA, 0x20, 0xA9, 0x18, 0x89, 0x18, 0x89, 0x18, 0xA9, 0x20, 0xA9, 0x20, 0xCA, 0x20, 0xEB,
    0x20, 0xEB, 0x21, 0x0C, 0x29, 0x2D, 0x39, 0xD2, 0x63, 0x38, 0x8C, 0xBC, 0xAD, 0xDF, 0xBE, 0x7F,
    0xC6, 0xBF, 0xB6, 0x5F, 0x95, 0x5D, 0x6B, 0xD9, 0x3A, 0x32, 0x21, 0x4D, 0x21, 0x2B, 0x18, 0xEA,
    0x18, 0xA8, 0x10, 0x87, 0x10, 0x46, 0x08, 0x25, 0x08, 0x24, 0x08, 0x04, 0x08, 0x04, 0x08, 0x04,
    0x08, 0x04, 0x08, 0x04, 0x08, 0x04, 0x08, 0x04, 0x08, 0x04, 0x08, 0x04, 0x08, 0x04, 0x08, 0x04,
    0x08, 0x04, 0x08, 0x04, 0x08, 0x04, 0x08, 0x04, 0x08, 0x04, 0x08, 0x04, 0x08, 0x04, 0x08, 0x04,
    0x08, 0x04, 0x08, 0x04, 0x08, 0x04, 0x08, 0x04, 0x08, 0x04, 0x08, 0x04, 0x08, 0x04, 0x08, 0x04,
    0x08, 0x04, 0x08, 0x04, 0x08, 0x04, 0x08, 0x04, 0x08, 0x04, 0x08, 0x04, 0x08, 0x04, 0x10, 0x04,
    0x10, 0x25, 0x10, 0x26, 0x18, 0x47, 0x20, 0x69, 0x28, 0x8A, 0x28, 0xAB, 0x28, 0xAC, 0x30, 0xCE,
    0x41, 0x31, 0x49, 0x93, 0x51, 0xB3, 0x49, 0x72, 0x39, 0x0F, 0x28, 0xCD, 0x28, 0xCB, 0x28, 0xCB,
    0x20, 0xCB, 0x20, 0xAA, 0x18, 0x89, 0x18, 0x68, 0x18, 0x67, 0x18, 0x67, 0x10, 0x47, 0x10, 0x67,
    0x10, 0x67, 0x10, 0x67, 0x18, 0x67, 0x18, 0x88, 0x18, 0xA9, 0x20, 0xCA, 0x20, 0xEB, 0x20, 0xEB,
    0x21, 0x0C, 0x29, 0x4E, 0x31, 0xB1, 0x3A, 0x13, 0x42, 0x33, 0x39, 0xF2, 0x29, 0x6F, 0x21, 0x2C,
    0x21, 0x0B, 0x21, 0x0A, 0x18, 0xC9, 0x10, 0xA8, 0x10, 0x66, 0x10, 0x45, 0x08, 0x25, 0x08, 0x24,
    0x08, 0x04, 0x08, 0x04, 0x08, 0x04, 0x08, 0x04, 0x08, 0x04, 0x08, 0x04, 0x08, 0x04, 0x08, 0x04,
    0x08, 0x04, 0x08, 0x04, 0x08, 0x04, 0x08, 0x04, 0x08, 0x04, 0x08, 0x04, 0x08, 0x04, 0x08, 0x04,
    0x08, 0x04, 0x08, 0x04, 0x08, 0x04, 0x08, 0x04, 0x08, 0x04, 0x08, 0x04, 0x08, 0x04, 0x08, 0x04,
    0x08, 0x04, 0x08, 0x04, 0x08, 0x04, 0x08, 0x04, 0x08, 0x04, 0x08, 0x04, 0x08, 0x04, 0x08, 0x04,
    0x08, 0x04, 0x08, 0x04, 0x08, 0x04, 0x08, 0x04, 0x10, 0x04, 0x10, 0x25, 0x10, 0x26, 0x18, 0x47,
    0x18, 0x68, 0x20, 0x69, 0x20, 0x8A, 0x28, 0xAA, 0x28, 0xAA, 0x28, 0xAA, 0x20, 0x8A, 0x20, 0xAA,
    0x20, 0xAA, 0x20, 0xAA, 0x20, 0xAA, 0x20, 0x89, 0x18, 0x68, 0x18, 0x67, 0x10, 0x46, 0x10, 0x46,
    0x10, 0x45, 0x10, 0x25, 0x10, 0x25, 0x10, 0x25, 0x10, 0x25, 0x10, 0x25, 0x10, 0x46, 0x10, 0x46,
    0x10, 0x67, 0x18, 0x87, 0x18, 0x88, 0x18, 0xA9, 0x20, 0xCA, 0x20, 0xEA, 0x20, 0xEA, 0x18, 0xEA,
    0x18, 0xEA, 0x18, 0xEA, 0x20, 0xEA, 0x18, 0xEA, 0x18, 0xC9, 0x18, 0xA8, 0x10, 0x87, 0x10, 0x66,
    0x10, 0x45, 0x08, 0x25, 0x08, 0x24, 0x08, 0x04, 0x08, 0x04, 0x08, 0x04, 0x08, 0x04, 0x08, 0x04,
    0x08, 0x04, 0x08, 0x04, 0x08, 0x04, 0x08, 0x04, 0x08, 0x04, 0x08, 0x04, 0x08, 0x04, 0x08, 0x04,
    0x08, 0x04, 0x08, 0x04, 0x08, 0x04, 0x08, 0x04, 0x08, 0x04, 0x08, 0x04, 0x08, 0x04, 0x08, 0x04,
    0x08, 0x04, 0x08, 0x04, 0x08, 0x04, 0x08, 0x04, 0x08, 0x04, 0x08, 0x04, 0x08, 0x04, 0x08, 0x04,
    0x08, 0x04, 0x08, 0x04, 0x08, 0x04, 0x08, 0x04, 0x08, 0x04, 0x08, 0x04, 0x08, 0x04, 0x08, 0x04,
    0x08, 0x04, 0x08, 0x04, 0x10, 0x25, 0x10, 0x25, 0x10, 0x26, 0x18, 0x46, 0x18, 0x47, 0x18, 0x68,
    0x20, 0x68, 0x20, 0x89, 0x20, 0x89, 0x20, 0x89, 0x18, 0x68, 0x18, 0x68, 0x18, 0x67, 0x10, 0x46,
    0x10, 0x46, 0x10, 0x25, 0x10, 0x25, 0x10, 0x25, 0x08, 0x24, 0x08, 0x04, 0x08, 0x04, 0x08, 0x04,
    0x08, 0x04, 0x08, 0x04, 0x08, 0x24, 0x10, 0x25, 0x10, 0x25, 0x10, 0x46, 0x10, 0x46, 0x10, 0x67,
    0x10, 0x87, 0x18, 0x88, 0x18, 0xA8, 0x18, 0xA9, 0x18, 0xA9, 0x18, 0xA8, 0x18, 0xA8, 0x10, 0x87,
    0x10, 0x67, 0x10, 0x66, 0x10, 0x45, 0x08, 0x25, 0x08, 0x24, 0x08, 0x04, 0x08, 0x04, 0x08, 0x04,
    0x08, 0x04, 0x08, 0x04, 0x08, 0x04, 0x08, 0x04, 0x08, 0x04, 0x08, 0x04, 0x08, 0x04, 0x08, 0x04,
    0x08, 0x04, 0x08, 0x04, 0x08, 0x04, 0x08, 0x04, 0x08, 0x04, 0x08, 0x04, 0x08, 0x04, 0x08, 0x04,
    0x08, 0x04, 0x08, 0x04, 0x08, 0x04, 0x08, 0x04, 0x08, 0x04, 0x08, 0x04, 0x08, 0x04, 0x08, 0x04,
    0x08, 0x04, 0x08, 0x04, 0x08, 0x04, 0x08, 0x04, 0x08, 0x04, 0x08, 0x04, 0x08, 0x04, 0x08, 0x04,
    0x08, 0x04, 0x08, 0x04, 0x08, 0x04, 0x08, 0x04, 0x08, 0x04, 0x08, 0x04, 0x08, 0x04, 0x08, 0x04,
    0x10, 0x25, 0x10, 0x25, 0x10, 0x25, 0x10, 0x26, 0x10, 0x46, 0x10, 0x46, 0x10, 0x46, 0x10, 0x46,
    0x10, 0x46, 0x10, 0x46, 0x10, 0x25, 0x10, 0x25, 0x10, 0x25, 0x08, 0x04, 0x08, 0x04, 0x08, 0x04,
    0x08, 0x04, 0x08, 0x04, 0x08, 0x04, 0x08, 0x04, 0x08, 0x04, 0x08, 0x04, 0x08, 0x04, 0x08, 0x04,
    0x08, 0x04, 0x08, 0x24, 0x10, 0x25, 0x10, 0x45, 0x10, 0x45, 0x10, 0x46, 0x10, 0x66, 0x10, 0x66,
    0x10, 0x66, 0x10, 0x66, 0x10, 0x46, 0x10, 0x46, 0x10, 0x45, 0x08, 0x25, 0x08, 0x24, 0x08, 0x04,
    0x08, 0x04, 0x08, 0x04, 0x08, 0x04, 0x08, 0x04, 0x08, 0x04, 0x08, 0x04, 0x08, 0x04, 0x08, 0x04,
    0x08, 0x04, 0x08, 0x04, 0x08, 0x04, 0x08, 0x04, 0x08, 0x04, 0x08, 0x04, 0x08, 0x04, 0x08, 0x04,
    0x08, 0x04, 0x08, 0x04, 0x08, 0x04, 0x08, 0x04, 0x08, 0x04, 0x08, 0x04, 0x08, 0x04, 0x08, 0x04,
    0x08, 0x04, 0x08, 0x04, 0x08, 0x04, 0x08, 0x04, 0x08, 0x04, 0x08, 0x04, 0x08, 0x04, 0x08, 0x04,
    0x08, 0x04, 0x08, 0x04, 0x08, 0x04, 0x08, 0x04, 0x08, 0x04, 0x08, 0x04, 0x08, 0x04, 0x08, 0x04,
    0x08, 0x04, 0x08, 0x04, 0x08, 0x04, 0x08, 0x04, 0x08, 0x04, 0x08, 0x04, 0x10, 0x04, 0x10, 0x25,
    0x10, 0x25, 0x10, 0x25, 0x10, 0x25, 0x10, 0x25, 0x10, 0x25, 0x08, 0x24, 0x08, 0x04, 0x08, 0x04,
    0x08, 0x04, 0x08, 0x04, 0x08, 0x04, 0x08, 0x04, 0x08, 0x04, 0x08, 0x04, 0x08, 0x04, 0x08, 0x04,
    0x08, 0x04, 0x08, 0x04, 0x08, 0x04, 0x08, 0x04, 0x08, 0x04, 0x08, 0x04, 0x08, 0x04, 0x08, 0x24,
    0x08, 0x24, 0x08, 0x25, 0x08, 0x25, 0x10, 0x25, 0x10, 0x25, 0x08, 0x25, 0x08, 0x25, 0x08, 0x24,
    0x08, 0x24, 0x08, 0x04, 0x08, 0x04, 0x08, 0x04, 0x08, 0x04, 0x08, 0x04, 0x08, 0x04, 0x08, 0x04,
    0x08, 0x04, 0x08, 0x04, 0x08, 0x04, 0x08, 0x04, 0x08, 0x04, 0x08, 0x04, 0x08, 0x04, 0x08, 0x04,
    0x08, 0x04, 0x08, 0x04, 0x08, 0x04, 0x08, 0x04, 0x08, 0x04, 0x08, 0x04, 0x08, 0x04, 0x08, 0x04,
    0x08, 0x04, 0x08, 0x04, 0x08, 0x04, 0x08, 0x04, 0x08, 0x04, 0x08, 0x04, 0x08, 0x04, 0x08, 0x04,
    0x08, 0x04, 0x08, 0x04, 0x08, 0x04, 0x08, 0x04, 0x08, 0x04, 0x08, 0x04, 0x08, 0x04, 0x08, 0x04,
    0x08, 0x04, 0x08, 0x04, 0x08, 0x04, 0x08, 0x04, 0x08, 0x04, 0x08, 0x04, 0x08, 0x04, 0x08, 0x04,
    0x08, 0x04, 0x08, 0x04, 0x08, 0x04, 0x08, 0x04, 0x08, 0x04, 0x08, 0x04, 0x08, 0x04, 0x08, 0x04,
    0x08, 0x04, 0x08, 0x04, 0x08, 0x04, 0x08, 0x04, 0x08, 0x04, 0x08, 0x04, 0x08, 0x04, 0x08, 0x04,
    0x08, 0x04, 0x08, 0x04, 0x08, 0x04, 0x08, 0x04, 0x08, 0x04, 0x08, 0x04, 0x08, 0x04, 0x08, 0x04,
    0x08, 0x04, 0x08, 0x04, 0x08, 0x04, 0x08, 0x04, 0x08, 0x04, 0x08, 0x04, 0x08, 0x04, 0x08, 0x04,
    0x08, 0x04, 0x08, 0x04, 0x08, 0x04, 0x08, 0x04, 0x08, 0x04, 0x08, 0x04, 0x08, 0x04, 0x08, 0x04,
    0x08, 0x04, 0x08, 0x04, 0x08, 0x04, 0x08, 0x04, 0x08, 0x04, 0x08, 0x04, 0x08, 0x04, 0x08, 0x04,
    0x08, 0x04, 0x08, 0x04, 0x08, 0x04, 0x08, 0x04, 0x08, 0x04, 0x08, 0x04, 0x08, 0x04, 0x08, 0x04,
    0x08, 0x04, 0x08, 0x04, 0x08, 0x04, 0x08, 0x04, 0x08, 0x04, 0x08, 0x04, 0x08, 0x04, 0x08, 0x04,
    0x08, 0x04, 0x08, 0x04, 0x08, 0x04, 0x08, 0x04, 0x08, 0x04, 0x08, 0x04, 0x08, 0x04, 0x08, 0x04,
    0x08, 0x04, 0x08, 0x04, 0x08, 0x04, 0x08, 0x04, 0x08, 0x04, 0x08, 0x04, 0x08, 0x04, 0x08, 0x04,
    0x08, 0x04, 0x08, 0x04, 0x08, 0x04, 0x08, 0x04, 0x08, 0x04, 0x08, 0x04, 0x08, 0x04, 0x08, 0x04,
    0x08, 0x04, 0x08, 0x04, 0x08, 0x04, 0x08, 0x04, 0x08, 0x04, 0x08, 0x04, 0x08, 0x04, 0x08, 0x04,
    0x08, 0x04, 0x08, 0x04, 0x08, 0x04, 0x08, 0x04, 0x08, 0x04, 0x08, 0x04, 0x08, 0x04, 0x08, 0x04,
    0x08, 0x04, 0x08, 0x04, 0x08, 0x04, 0x08, 0x04, 0x08, 0x04, 0x08, 0x04, 0x08, 0x04, 0x08, 0x04,
    0x08, 0x04, 0x08, 0x04, 0x08, 0x04, 0x08, 0x04, 0x08, 0x04, 0x08, 0x04, 0x08, 0x04, 0x08, 0x04,
    0x08, 0x04, 0x08, 0x04, 0x08, 0x04, 0x08, 0x04, 0x08, 0x04, 0x08, 0x04, 0x08, 0x04, 0x08, 0x04,
    0x08, 0x04, 0x08, 0x04, 0x08, 0x04, 0x08, 0x04, 0x08, 0x04, 0x08, 0x04, 0x08, 0x04, 0x08, 0x04,
    0x08, 0x04, 0x08, 0x04, 0x08, 0x04, 0x08, 0x04, 0x08, 0x04, 0x08, 0x04, 0x08, 0x04, 0x08, 0x04,
    0x08, 0x04, 0x08, 0x04, 0x08, 0x04, 0x08, 0x04, 0x08, 0x04, 0x08, 0x04, 0x08, 0x04, 0x08, 0x04,
    0x08, 0x04, 0x08, 0x04, 0x08, 0x04, 0x08, 0x04, 0x08, 0x04, 0x08, 0x04, 0x08, 0x04, 0x08, 0x04,
    0x08, 0x04, 0x08, 0x04, 0x08, 0x04, 0x08, 0x04, 0x08, 0x04, 0x08, 0x04, 0x08, 0x04, 0x08, 0x04,
    0x08, 0x04, 0x08, 0x04, 0x08, 0x04, 0x08, 0x04, 0x08, 0x04, 0x08, 0x04, 0x08, 0x04, 0x08, 0x04,
    0x08, 0x04, 0x08, 0x04, 0x08, 0x04, 0x08, 0x04, 0x08, 0x04, 0x08, 0x04, 0x08, 0x04, 0x08, 0x04,
    0x08, 0x04, 0x08, 0x04, 0x08, 0x04, 0x08, 0x04, 0x08, 0x04, 0x08, 0x04, 0x08, 0x04, 0x08, 0x04,
    0x08, 0x04, 0x08, 0x04, 0x08, 0x04, 0x08, 0x04, 0x08, 0x04, 0x08, 0x04, 0x08, 0x04, 0x08, 0x04,
    0x08, 0x04, 0x08, 0x04, 0x08, 0x04, 0x08, 0x04, 0x08, 0x04, 0x08, 0x04, 0x08, 0x04, 0x08, 0x04,
    0x08, 0x04, 0x08, 0x04, 0x08, 0x04, 0x08, 0x04, 0x08, 0x04, 0x08, 0x04, 0x08, 0x04, 0x08, 0x04,
    0x08, 0x04, 0x08, 0x04, 0x08, 0x04, 0x08, 0x04, 0x08, 0x04, 0x08, 0x04, 0x08, 0x04, 0x08, 0x04,
    0x08, 0x04, 0x08, 0x04, 0x08, 0x04, 0x08, 0x04, 0x08, 0x04, 0x08, 0x04, 0x08, 0x04, 0x08, 0x04,
    0x08, 0x04, 0x08, 0x04, 0x08, 0x04, 0x08, 0x04, 0x08, 0x04, 0x08, 0x04, 0x08, 0x04, 0x08, 0x04,
    0x08, 0x04, 0x08, 0x04, 0x08, 0x04, 0x08, 0x04, 0x08, 0x04, 0x08, 0x04, 0x08, 0x04, 0x08, 0x04,
    0x08, 0x04, 0x08, 0x04, 0x08, 0x04, 0x08, 0x04, 0x08, 0x04, 0x08, 0x04, 0x08, 0x04, 0x08, 0x04,
    0x08, 0x04, 0x08, 0x04, 0x08, 0x04, 0x08, 0x04, 0x08, 0x04, 0x08, 0x04, 0x08, 0x04, 0x08, 0x04,
    0x08, 0x04, 0x08, 0x04, 0x08, 0x04, 0x08, 0x04, 0x08, 0x04, 0x08, 0x04, 0x08, 0x04, 0x08, 0x04,
    0x08, 0x04, 0x08, 0x04, 0x08, 0x04, 0x08, 0x04, 0x08, 0x04, 0x08, 0x04, 0x08, 0x04, 0x08, 0x04,
    0x08, 0x04, 0x08, 0x04, 0x08, 0x04, 0x08, 0x04, 0x08, 0x04, 0x08, 0x04, 0x08, 0x04, 0x08, 0x04,
    0x08, 0x04, 0x08, 0x04, 0x08, 0x04, 0x08, 0x04, 0x08, 0x04, 0x08, 0x04, 0x08, 0x04, 0x08, 0x04,
    0x08, 0x04, 0x08, 0x04, 0x08, 0x04, 0x08, 0x04, 0x08, 0x04, 0x08, 0x04, 0x08, 0x04, 0x08, 0x04,
    0x08, 0x04, 0x08, 0x04, 0x08, 0x04, 0x08, 0x04, 0x08, 0x04, 0x08, 0x04, 0x08, 0x04, 0x08, 0x04,
};
// clang-format on
