// Copyright 2026 QMK -- generated source code only, image retains original copyright
// SPDX-License-Identifier: GPL-2.0-or-later

// This file was auto-generated by `painter_convert_graphics` with arguments:
//    format | rgb565
//    output | graphics
//    input  | logo_windows.png

// Image's metadata
// ----------------
// Width: 88
// Height: 96
// Single frame

#include <qp.h>

const uint32_t gfx_logo_windows_length = 16944;

// clang-format off
const uint8_t gfx_logo_windows[16944] = {
    0x00, 0xFF, 0x12, 0x00, 0x00, 0x51, 0x47, 0x46, 0x01, 0x30, 0x42, 0x00, 0x00, 0xCF, 0xBD, 0xFF,
    0xFF, 0x58, 0x00, 0x60, 0x00, 0x01, 0x00, 0x01, 0xFE, 0x04, 0x00, 0x00, 0x20, 0x00, 0x00, 0x00,
    0x02, 0xFD, 0x06, 0x00, 0x00, 0x08, 0x00, 0x00, 0xFF, 0xE8, 0x03, 0x05, 0xFA, 0x00, 0x42, 0x00,
    0x08, 0x04, 0x08, 0x04, 0x08, 0x04, 0x08, 0x04, 0x08, 0x04, 0x08, 0x04, 0x08, 0x04, 0x08, 0x04,
    0x08, 0x04, 0x08, 0x04, 0x08, 0x04, 0x08, 0x04, 0x08, 0x04, 0x08, 0x04, 0x08, 0x04, 0x08, 0x04,
    0x08, 0x04, 0x08, 0x04, 0x08, 0x04, 0x08, 0x04, 0x08, 0x04, 0x08, 0x04, 0x08, 0x04, 0x08, 0x04,
    0x08, 0x04, 0x08, 0x04, 0x08, 0x04, 0x08, 0x04, 0x08, 0x04, 0x08, 0x04, 0x08, 0x04, 0x08, 0x04,
    0x08, 0x04, 0x08, 0x04, 0x08, 0x04, 0x08, 0x04, 0x08, 0x04, 0x08, 0x04, 0x08, 0x04, 0x08, 0x04,
    0x08, 0x04, 0x08, 0x04, 0x08, 0x04, 0x08, 0x04, 0x08, 0x04, 0x08, 0x04, 0x08, 0x04, 0x08, 0x04,
    0x08, 0x04, 0x08, 0x04, 0x08, 0x04, 0x08, 0x04, 0x08, 0x04, 0x08, 0x04, 0x08, 0x04, 0x08, 0x04,
    0x08, 0x04, 0x08, 0x04, 0x08, 0x04, 0x08, 0x04, 0x08, 0x04, 0x08, 0x04, 0x08, 0x04, 0x08, 0x04,
    0x08, 0x04, 0x08, 0x04, 0x08, 0x04, 0x08, 0x04, 0x08, 0x04, 0x08, 0x04, 0x08, 0x04, 0x08, 0x04,
    0x08, 0x04, 0x08, 0x04, 0x08, 0x04, 0x08, 0x04, 0x08, 0x04, 0x08, 0x04, 0x08, 0x04, 0x08, 0x04,
    0x08, 0x04, 0x08, 0x04, 0x08, 0x04, 0x08, 0x04, 0x08, 0x04, 0x08, 0x04, 0x08, 0x04, 0x08, 0x04,
    0x08, 0x04, 0x08, 0x04, 0x08, 0x04, 0x08, 0x04, 0x08, 0x04, 0x08, 0x04, 0x08, 0x04, 0x08, 0x04,
    0x08, 0x04, 0x08, 0x04, 0x08, 0x04, 0x08, 0x04, 0x08, 0x04, 0x08, 0x04, 0x08, 0x04, 0x08, 0x04,
    0x08, 0x04, 0x08, 0x04, 0x08, 0x04, 0x08, 0x04, 0x08, 0x04, 0x08, 0x04, 0x08, 0x04, 0x08, 0x04,
    0x08, 0x04, 0x08, 0x04, 0x08, 0x04, 0x08, 0x04, 0x08, 0x04, 0x08, 0x04, 0x08, 0x04, 0x08, 0x04,
    0x08, 0x04, 0x08, 0x04, 0x08, 0x04, 0x08, 0x04, 0x08, 0x04, 0x08, 0x04, 0x08, 0x04, 0x08, 0x04,
    0x08, 0x04, 0x08, 0x04, 0x08, 0x04, 0x08, 0x04, 0x08, 0x04, 0x08, 0x04, 0x08, 0x04, 0x08, 0x04,
    0x08, 0x04, 0x08, 0x04, 0x08, 0x04, 0x08, 0x04, 0x08, 0x04, 0x08, 0x04, 0x08, 0x04, 0x08, 0x04,
    0x08, 0x04, 0x08, 0x04, 0x08, 0x04, 0x08, 0x04, 0x08, 0x04, 0x08, 0x04, 0x08, 0x04, 0x08, 0x04,
    0x08, 0x04, 0x08, 0x04, 0x08, 0x04, 0x08, 0x04, 0x08, 0x04, 0x08, 0x04, 0x08, 0x04, 0x08, 0x04,
    0x08, 0x04, 0x08, 0x04, 0x08, 0x04, 0x08, 0x04, 0x08, 0x04, 0x08, 0x04, 0x08, 0x04, 0x08, 0x04,
    0x08, 0x04, 0x08, 0x04, 0x08, 0x04, 0x08, 0x04, 0x08, 0x04, 0x08, 0x04, 0x08, 0x04, 0x08, 0x04,
    0x08, 0x04, 0x08, 0x04, 0x08, 0x04, 0x08, 0x04, 0x08, 0x04, 0x08, 0x04, 0x08, 0x04, 0x08, 0x04,
    0x08, 0x04, 0x08, 0x04, 0x08, 0x04, 0x08, 0x04, 0x08, 0x04, 0x08, 0x04, 0x08, 0x04, 0x08, 0x04,
    0x08, 0x04, 0x08, 0x04, 0x08, 0x04, 0x08, 0x04, 0x08, 0x04, 0x08, 0x04, 0x08, 0x04, 0x08, 0x04,
    0x08, 0x04, 0x08, 0x04, 0x08, 0x04, 0x08, 0x04, 0x08, 0x04, 0x08, 0x04, 0x08, 0x04, 0x08, 0x04,
    0x08, 0x04, 0x08, 0x04, 0x08, 0x04, 0x08, 0x04, 0x08, 0x04, 0x08, 0x04, 0x08, 0x04, 0x08, 0x04,
    0x08, 0x04, 0x08, 0x04, 0x08, 0x04, 0x08, 0x04, 0x08, 0x04, 0x08, 0x04, 0x08, 0x04, 0x08, 0x04,
    0x08, 0x04, 0x08, 0x04, 0x08, 0x04, 0x08, 0x04, 0x08, 0x04, 0x08, 0x04, 0x08, 0x04, 0x08, 0x04,
    0x08, 0x04, 0x08, 0x04, 0x08, 0x04, 0x08, 0x04, 0x08, 0x04, 0x08, 0x04, 0x08, 0x04, 0x08, 0x04,
    0x08, 0x04, 0x08, 0x04, 0x08, 0x04, 0x08, 0x04, 0x08, 0x04, 0x08, 0x04, 0x08, 0x04, 0x08, 0x04,
    0x08, 0x04, 0x08, 0x04, 0x08, 0x04, 0x08, 0x04, 0x08, 0x04, 0x08, 0x04, 0x08, 0x04, 0x08, 0x04,
    0x08, 0x04, 0x08, 0x04, 0x08, 0x04, 0x08, 0x04, 0x08, 0x04, 0x08, 0x04, 0x08, 0x04, 0x08, 0x04,
    0x08, 0x04, 0x08, 0x04, 0x08, 0x04, 0x08, 0x04, 0x08, 0x04, 0x08, 0x04, 0x08, 0x04, 0x08, 0x04,
    0x08, 0x04, 0x08, 0x04, 0x08, 0x04, 0x08, 0x04, 0x08, 0x04, 0x08, 0x04, 0x08, 0x04, 0x08, 0x04,
    0x08, 0x04, 0x08, 0x04, 0x08, 0x04, 0x08, 0x04, 0x08, 0x04, 0x08, 0x04, 0x08, 0x04, 0x08, 0x04,
    0x08, 0x04, 0x08, 0x04, 0x08, 0x04, 0x08, 0x04, 0x08, 0x04, 0x08, 0x04, 0x08, 0x04, 0x08, 0x04,
    0x08, 0x04, 0x08, 0x04, 0x08, 0x04, 0x08, 0x04, 0x08, 0x04, 0x08, 0x04, 0x08, 0x04, 0x08, 0x04,
    0x08, 0x04, 0x08, 0x04, 0x08, 0x04, 0x08, 0x04, 0x08, 0x04, 0x08, 0x04, 0x08, 0x04, 0x08, 0x04,
    0x08, 0x04, 0x08, 0x04, 0x08, 0x04, 0x08, 0x04, 0x08, 0x04, 0x08, 0x04, 0x08, 0x04, 0x08, 0x04,
    0x08, 0x04, 0x08, 0x04, 0x08, 0x04, 0x08, 0x04, 0x08, 0x04, 0x08, 0x04, 0x08, 0x04, 0x08, 0x04,
    0x08, 0x04, 0x08, 0x04, 0x08, 0x04, 0x08, 0x04, 0x08, 0x04, 0x08, 0x04, 0x08, 0x04, 0x08, 0x04,
    0x08, 0x04, 0x08, 0x04, 0x08, 0x04, 0x08, 0x04, 0x08, 0x04, 0x08, 0x04, 0x08, 0x04, 0x08, 0x04,
    0x08, 0x04, 0x08, 0x04, 0x08, 0x04, 0x08, 0x04, 0x08, 0x04, 0x08, 0x04, 0x08, 0x04, 0x08, 0x04,
    0x08, 0x04, 0x08, 0x04, 0x08, 0x04, 0x08, 0x04, 0x08, 0x04, 0x08, 0x04, 0x08, 0x04, 0x08, 0x04,
    0x08, 0x04, 0x08, 0x04, 0x08, 0x04, 0x08, 0x04, 0x08, 0x04, 0x08, 0x04, 0x08, 0x04, 0x08, 0x04,
    0x08, 0x04, 0x08, 0x04, 0x08, 0x04, 0x08, 0x04, 0x08, 0x04, 0x08, 0x04, 0x08, 0x04, 0x08, 0x04,
    0x08, 0x04, 0x08, 0x04, 0x08, 0x04, 0x08, 0x04, 0x08, 0x04, 0x08, 0x04, 0x08, 0x04, 0x08, 0x04,
    0x08, 0x04, 0x08, 0x04, 0x08, 0x04, 0x08, 0x04, 0x08, 0x04, 0x08, 0x04, 0x08, 0x04, 0x08, 0x04,
    0x08, 0x04, 0x08, 0x04, 0x08, 0x04, 0x08, 0x04, 0x08, 0x04, 0x08, 0x04, 0x08, 0x04, 0x08, 0x04,
    0x08, 0x04, 0x08, 0x04, 0x08, 0x04, 0x08, 0x04, 0x08, 0x04, 0x08, 0x04, 0x08, 0x04, 0x08, 0x04,
    0x08, 0x04, 0x08, 0x04, 0x08, 0x04, 0x08, 0x04, 0x08, 0x04, 0x08, 0x04, 0x08, 0x04, 0x08, 0x04,
    0x08, 0x04, 0x08, 0x04, 0x08, 0x04, 0x08, 0x04, 0x08, 0x04, 0x08, 0x04, 0x08, 0x04, 0x08, 0x04,
    0x08, 0x04, 0x08, 0x24, 0x08, 0x24, 0x08, 0x24, 0x08, 0x24, 0x08, 0x24, 0x08, 0x24, 0x08, 0x24,
    0x08, 0x04, 0x08, 0x04, 0x08, 0x04, 0x08, 0x04, 0x08, 0x04, 0x08, 0x04, 0x08, 0x04, 0x08, 0x04,
    0x08, 0x04, 0x08, 0x04, 0x08, 0x04, 0x08, 0x04, 0x08, 0x04, 0x08, 0x04, 0x08, 0x04, 0x08, 0x04,
    0x08, 0x04, 0x08, 0x04, 0x08, 0x04, 0x08, 0x04, 0x08, 0x04, 0x08, 0x04, 0x08, 0x04, 0x08, 0x04,
    0x08, 0x04, 0x08, 0x04, 0x08, 0x04, 0x08, 0x04, 0x08, 0x04, 0x08, 0x04, 0x08, 0x04, 0x08, 0x04,
    0x08, 0x04, 0x08, 0x04, 0x08, 0x04, 0x08, 0x04, 0x08, 0x04, 0x08, 0x04, 0x08, 0x04, 0x08, 0x04,
    0x08, 0x04, 0x08, 0x04, 0x08, 0x04, 0x08, 0x04, 0x08, 0x04, 0x08, 0x04, 0x08, 0x04, 0x08, 0x04,
    0x08, 0x04, 0x08, 0x04, 0x08, 0x04, 0x08, 0x04, 0x08, 0x04, 0x08, 0x04, 0x08, 0x04, 0x08, 0x04,
    0x08, 0x04, 0x08, 0x04, 0x08, 0x04, 0x08, 0x04, 0x08, 0x04, 0x08, 0x04, 0x08, 0x04, 0x08, 0x04,
    0x08, 0x04, 0x08, 0x04, 0x08, 0x04, 0x08, 0x04, 0x08, 0x04, 0x08, 0x04, 0x08, 0x04, 0x08, 0x04,
    0x08, 0x04, 0x08, 0x04, 0x08, 0x04, 0x08, 0x04, 0x08, 0x24, 0x08, 0x24, 0x08, 0x24, 0x08, 0x25,
    0x08, 0x25, 0x08, 0x45, 0x10, 0x45, 0x10, 0x45, 0x10, 0x46, 0x10, 0x45, 0x08, 0x45, 0x08, 0x25,
    0x08, 0x25, 0x08, 0x24, 0x08, 0x04, 0x08, 0x04, 0x08, 0x04, 0x08, 0x04, 0x08, 0x04, 0x08, 0x04,
    0x08, 0x04, 0x08, 0x04, 0x08, 0x04, 0x08, 0x04, 0x08, 0x04, 0x08, 0x04, 0x08, 0x04, 0x08, 0x04,
    0x08, 0x04, 0x08, 0x04, 0x08, 0x04, 0x08, 0x04, 0x08, 0x04, 0x08, 0x04, 0x08, 0x04, 0x08, 0x04,
    0x08, 0x04, 0x08, 0x04, 0x08, 0x04, 0x08, 0x04, 0x08, 0x04, 0x08, 0x04, 0x08, 0x04, 0x08, 0x04,
    0x08, 0x04, 0x08, 0x04, 0x08, 0x04, 0x08, 0x04, 0x08, 0x04, 0x08, 0x04, 0x08, 0x04, 0x08, 0x04,
    0x08, 0x04, 0x08, 0x04, 0x08, 0x04, 0x08, 0x04, 0x08, 0x04, 0x08, 0x04, 0x08, 0x04, 0x08, 0x04,
    0x08, 0x04, 0x08, 0x04, 0x08, 0x04, 0x08, 0x04, 0x08, 0x04, 0x08, 0x04, 0x08, 0x04, 0x08, 0x04,
    0x08, 0x04, 0x08, 0x04, 0x08, 0x04, 0x08, 0x04, 0x08, 0x04, 0x08, 0x04, 0x08, 0x04, 0x08, 0x04,
    0x08, 0x04, 0x08, 0x04, 0x08, 0x04, 0x08, 0x04, 0x08, 0x04, 0x08, 0x04, 0x08, 0x04, 0x08, 0x24,
    0x08, 0x24, 0x08, 0x24, 0x08, 0x25, 0x08, 0x25, 0x08, 0x45, 0x10, 0x45, 0x10, 0x46, 0x10, 0x66,
    0x10, 0x66, 0x10, 0x67, 0x10, 0x87, 0x10, 0x87, 0x10, 0x87, 0x10, 0x87, 0x10, 0x67, 0x10, 0x66,
    0x10, 0x45, 0x08, 0x25, 0x08, 0x24, 0x08, 0x04, 0x08, 0x04, 0x08, 0x04, 0x08, 0x04, 0x08, 0x04,
    0x08, 0x04, 0x08, 0x04, 0x08, 0x04, 0x08, 0x04, 0x08, 0x04, 0x08, 0x04, 0x08, 0x04, 0x08, 0x04,
    0x08, 0x04, 0x08, 0x04, 0x08, 0x04, 0x08, 0x04, 0x08, 0x04, 0x08, 0x04, 0x08, 0x04, 0x08, 0x04,
    0x08, 0x04, 0x08, 0x04, 0x08, 0x04, 0x08, 0x04, 0x08, 0x04, 0x08, 0x04, 0x08, 0x04, 0x08, 0x04,
    0x08, 0x04, 0x08, 0x04, 0x08, 0x04, 0x08, 0x04, 0x08, 0x04, 0x08, 0x04, 0x08, 0x04, 0x08, 0x04,
    0x08, 0x04, 0x08, 0x04, 0x08, 0x04, 0x08, 0x04, 0x08, 0x04, 0x08, 0x04, 0x08, 0x04, 0x08, 0x04,
    0x08, 0x04, 0x08, 0x04, 0x08, 0x04, 0x08, 0x04, 0x08, 0x04, 0x08, 0x04, 0x08, 0x04, 0x08, 0x04,
    0x08, 0x04, 0x08, 0x04, 0x08, 0x04, 0x08, 0x04, 0x08, 0x04, 0x08, 0x04, 0x08, 0x04, 0x08, 0x04,
    0x08, 0x04, 0x08, 0x04, 0x08, 0x24, 0x08, 0x24, 0x08, 0x24, 0x08, 0x25, 0x08, 0x25, 0x08, 0x45,
    0x10, 0x45, 0x10, 0x46, 0x10, 0x66, 0x10, 0x66, 0x10, 0x87, 0x10, 0x87, 0x10, 0x88, 0x10, 0xA8,
    0x10, 0xC9, 0x18, 0xC9, 0x18, 0xEA, 0x18, 0xEA, 0x18, 0xEA, 0x10, 0xC9, 0x10, 0xA8, 0x10, 0x87,
    0x10, 0x67, 0x10, 0x45, 0x08, 0x25, 0x08, 0x04, 0x08, 0x04, 0x08, 0x04, 0x08, 0x04, 0x08, 0x04,
    0x08, 0x04, 0x08, 0x04, 0x08, 0x04, 0x08, 0x04, 0x08, 0x04, 0x08, 0x04, 0x08, 0x04, 0x08, 0x04,
    0x08, 0x04, 0x08, 0x04, 0x08, 0x04, 0x08, 0x04, 0x08, 0x04, 0x08, 0x04, 0x08, 0x04, 0x08, 0x04,
    0x08, 0x04, 0x08, 0x04, 0x08, 0x04, 0x08, 0x04, 0x08, 0x04, 0x08, 0x04, 0x08, 0x04, 0x08, 0x04,
    0x08, 0x04, 0x08, 0x04, 0x08, 0x04, 0x08, 0x04, 0x08, 0x04, 0x08, 0x04, 0x08, 0x04, 0x08, 0x04,
    0x08, 0x04, 0x08, 0x04, 0x08, 0x04, 0x08, 0x04, 0x08, 0x04, 0x08, 0x04, 0x08, 0x04, 0x08, 0x04,
    0x08, 0x04, 0x08, 0x04, 0x08, 0x04, 0x08, 0x04, 0x08, 0x04, 0x08, 0x04, 0x08, 0x04, 0x08, 0x04,
    0x08, 0x04, 0x08, 0x04, 0x08, 0x04, 0x08, 0x04, 0x08, 0x04, 0x08, 0x24, 0x08, 0x24, 0x08, 0x24,
    0x08, 0x25, 0x08, 0x25, 0x10, 0x45, 0x10, 0x45, 0x10, 0x46, 0x10, 0x66, 0x10, 0x66, 0x10, 0x87,
    0x10, 0x87, 0x10, 0x87, 0x10, 0xA8, 0x10, 0xC8, 0x18, 0xC9, 0x18, 0xE9, 0x19, 0x0A, 0x19, 0x0A,
    0x19, 0x0B, 0x19, 0x0B, 0x19, 0x2C, 0x19, 0x2C, 0x19, 0x2D, 0x21, 0x6E, 0x21, 0x8F, 0x19, 0x0A,
    0x10, 0x88, 0x10, 0x66, 0x08, 0x25, 0x08, 0x24, 0x08, 0x04, 0x08, 0x04, 0x08, 0x04, 0x08, 0x04,
    0x08, 0x04, 0x08, 0x04, 0x08, 0x04, 0x08, 0x04, 0x08, 0x04, 0x08, 0x04, 0x08, 0x04, 0x08, 0x04,
    0x08, 0x04, 0x08, 0x04, 0x08, 0x04, 0x08, 0x04, 0x08, 0x04, 0x08, 0x04, 0x08, 0x04, 0x08, 0x04,
    0x08, 0x04, 0x08, 0x04, 0x08, 0x04, 0x08, 0x04, 0x08, 0x04, 0x08, 0x04, 0x08, 0x04, 0x08, 0x04,
    0x08, 0x04, 0x08, 0x04, 0x08, 0x04, 0x08, 0x04, 0x08, 0x04, 0x08, 0x04, 0x08, 0x04, 0x08, 0x04,
    0x08, 0x04, 0x08, 0x04, 0x08, 0x04, 0x08, 0x04, 0x08, 0x04, 0x08, 0x04, 0x08, 0x04, 0x08, 0x04,
    0x08, 0x04, 0x08, 0x04, 0x08, 0x04, 0x08, 0x04, 0x08, 0x04, 0x08, 0x04, 0x08, 0x04, 0x08, 0x04,
    0x08, 0x24, 0x08, 0x24, 0x08, 0x24, 0x08, 0x25, 0x08, 0x25, 0x10, 0x45, 0x10, 0x45, 0x10, 0x46,
    0x10, 0x66, 0x10, 0x66, 0x10, 0x67, 0x10, 0x87, 0x10, 0x87, 0x10, 0xA8, 0x10, 0xC8, 0x18, 0xC9,
    0x18, 0xE9, 0x19, 0x0A, 0x19, 0x0A, 0x19, 0x0B, 0x19, 0x0B, 0x19, 0x0B, 0x19, 0x2C, 0x19, 0x4D,
    0x21, 0x8F, 0x2A, 0x12, 0x3A, 0xD5, 0x53, 0xB9, 0x6C, 0x9B, 0x85, 0x9E, 0x85, 0x7E, 0x32, 0x11,
    0x10, 0xA8, 0x10, 0x87, 0x10, 0x46, 0x08, 0x25, 0x08, 0x04, 0x08, 0x04, 0x08, 0x04, 0x08, 0x04,
    0x08, 0x04, 0x08, 0x04, 0x08, 0x04, 0x08, 0x04, 0x08, 0x04, 0x08, 0x04, 0x08, 0x04, 0x08, 0x04,
    0x08, 0x04, 0x08, 0x04, 0x08, 0x04, 0x08, 0x04, 0x08, 0x04, 0x08, 0x04, 0x08, 0x04, 0x08, 0x04,
    0x08, 0x04, 0x08, 0x04, 0x08, 0x04, 0x08, 0x04, 0x08, 0x04, 0x08, 0x04, 0x08, 0x04, 0x08, 0x04,
    0x08, 0x04, 0x08, 0x04, 0x08, 0x04, 0x08, 0x04, 0x08, 0x04, 0x08, 0x04, 0x08, 0x04, 0x08, 0x04,
    0x08, 0x04, 0x08, 0x04, 0x08, 0x04, 0x08, 0x04, 0x08, 0x04, 0x08, 0x04, 0x08, 0x04, 0x08, 0x04,
    0x08, 0x04, 0x08, 0x04, 0x08, 0x04, 0x08, 0x24, 0x08, 0x24, 0x08, 0x24, 0x08, 0x25, 0x08, 0x25,
    0x10, 0x45, 0x10, 0x45, 0x10, 0x46, 0x10, 0x66, 0x10, 0x66, 0x10, 0x87, 0x10, 0x87, 0x10, 0xA7,
    0x10, 0xA8, 0x10, 0xC8, 0x18, 0xC9, 0x18, 0xE9, 0x19, 0x0A, 0x19, 0x0A, 0x19, 0x0B, 0x19, 0x0B,
    0x19, 0x2B, 0x19, 0x2C, 0x19, 0x4D, 0x21, 0x8F, 0x29, 0xF1, 0x3A, 0xB5, 0x53, 0x98, 0x64, 0x7B,
    0x85, 0x7D, 0x9E, 0x7F, 0xAF, 0x3F, 0xB7, 0x9F, 0xB7, 0x9F, 0xBF, 0xBF, 0xA7, 0x1F, 0x3A, 0x73,
    0x10, 0xC9, 0x10, 0xA8, 0x10, 0x66, 0x08, 0x25, 0x08, 0x04, 0x08, 0x04, 0x08, 0x04, 0x08, 0x04,
    0x08, 0x04, 0x08, 0x04, 0x08, 0x04, 0x08, 0x04, 0x08, 0x04, 0x08, 0x04, 0x08, 0x04, 0x08, 0x04,
    0x08, 0x04, 0x08, 0x04, 0x08, 0x04, 0x08, 0x04, 0x08, 0x04, 0x08, 0x04, 0x08, 0x04, 0x08, 0x04,
    0x08, 0x04, 0x08, 0x04, 0x08, 0x04, 0x08, 0x04, 0x08, 0x04, 0x08, 0x04, 0x08, 0x04, 0x08, 0x04,
    0x08, 0x04, 0x08, 0x04, 0x08, 0x04, 0x08, 0x04, 0x08, 0x04, 0x08, 0x04, 0x08, 0x04, 0x08, 0x04,
    0x08, 0x04, 0x08, 0x04, 0x08, 0x04, 0x08, 0x04, 0x08, 0x04, 0x08, 0x04, 0x08, 0x04, 0x08, 0x24,
    0x08, 0x24, 0x08, 0x25, 0x08, 0x25, 0x10, 0x45, 0x10, 0x45, 0x10, 0x66, 0x10, 0x66, 0x10, 0x66,
    0x10, 0x87, 0x10, 0x87, 0x10, 0xA8, 0x10, 0xA8, 0x10, 0xC8, 0x18, 0xE9, 0x18, 0xE9, 0x19, 0x0A,
    0x19, 0x0A, 0x19, 0x2B, 0x19, 0x2B, 0x19, 0x2B, 0x19, 0x2C, 0x19, 0x4D, 0x21, 0x8E, 0x29, 0xF1,
    0x3A, 0x94, 0x4B, 0x57, 0x6C, 0x9B, 0x7D, 0x7D, 0x96, 0x5F, 0xAF, 0x1F, 0xB7, 0x9F, 0xB7, 0x7F,
    0xAF, 0x5F, 0xA6, 0xFF, 0x8E, 0x5F, 0x7D, 0xBF, 0x64, 0xDF, 0x85, 0xFF, 0xA6, 0xFF, 0x3A, 0x94,
    0x10, 0xEA, 0x10, 0xA9, 0x10, 0x66, 0x08, 0x25, 0x08, 0x24, 0x08, 0x04, 0x08, 0x04, 0x08, 0x04,
    0x08, 0x04, 0x08, 0x04, 0x08, 0x04, 0x08, 0x04, 0x08, 0x04, 0x08, 0x04, 0x08, 0x04, 0x08, 0x04,
    0x08, 0x04, 0x08, 0x04, 0x08, 0x04, 0x08, 0x04, 0x08, 0x04, 0x08, 0x04, 0x08, 0x04, 0x08, 0x04,
    0x08, 0x04, 0x08, 0x04, 0x08, 0x04, 0x08, 0x04, 0x08, 0x04, 0x08, 0x04, 0x08, 0x04, 0x08, 0x04,
    0x08, 0x04, 0x08, 0x04, 0x08, 0x04, 0x08, 0x04, 0x08, 0x04, 0x08, 0x04, 0x08, 0x04, 0x08, 0x04,
    0x08, 0x04, 0x08, 0x04, 0x08, 0x04, 0x08, 0x04, 0x08, 0x24, 0x08, 0x24, 0x08, 0x25, 0x10, 0x45,
    0x10, 0x45, 0x10, 0x66, 0x10, 0x66, 0x10, 0x87, 0x10, 0x87, 0x10, 0xA7, 0x10, 0xC8, 0x10, 0xC8,
    0x18, 0xE9, 0x19, 0x0A, 0x19, 0x0A, 0x19, 0x2A, 0x19, 0x2B, 0x19, 0x2B, 0x19, 0x2B, 0x19, 0x2C,
    0x19, 0x4D, 0x21, 0x8E, 0x29, 0xF1, 0x3A, 0x93, 0x4B, 0x77, 0x64, 0x5A, 0x7D, 0x5D, 0x96, 0x7F,
    0xA7, 0x1F, 0xB7, 0x7F, 0xB7, 0xBF, 0xAF, 0x7F, 0xA6, 0xFF, 0x8E, 0x5F, 0x75, 0x7F, 0x5C, 0x7E,
    0x4B, 0xFD, 0x3B, 0x7C, 0x33, 0x1B, 0x2A, 0xFB, 0x22, 0xDB, 0x6D, 0x1F, 0xA6, 0xFF, 0x3A, 0x94,
    0x10, 0xEB, 0x10, 0xC9, 0x10, 0x67, 0x08, 0x25, 0x08, 0x24, 0x08, 0x04, 0x08, 0x04, 0x08, 0x04,
    0x08, 0x04, 0x08, 0x04, 0x08, 0x04, 0x08, 0x04, 0x08, 0x04, 0x08, 0x04, 0x08, 0x04, 0x08, 0x04,
    0x08, 0x04, 0x08, 0x04, 0x08, 0x04, 0x08, 0x04, 0x08, 0x04, 0x08, 0x04, 0x08, 0x04, 0x08, 0x04,
    0x08, 0x04, 0x08, 0x04, 0x08, 0x04, 0x08, 0x04, 0x08, 0x04, 0x08, 0x04, 0x08, 0x04, 0x08, 0x04,
    0x08, 0x04, 0x08, 0x04, 0x08, 0x04, 0x08, 0x04, 0x08, 0x24, 0x08, 0x24, 0x08, 0x24, 0x08, 0x24,
    0x08, 0x24, 0x08, 0x24, 0x08, 0x24, 0x08, 0x25, 0x10, 0x45, 0x10, 0x45, 0x10, 0x66, 0x10, 0x86,
    0x10, 0xA7, 0x10, 0xA8, 0x18, 0xC8, 0x18, 0xE9, 0x19, 0x0A, 0x19, 0x0A, 0x19, 0x2A, 0x19, 0x2B,
    0x19, 0x2B, 0x19, 0x2B, 0x19, 0x4C, 0x19, 0x6D, 0x21, 0xAF, 0x2A, 0x11, 0x3A, 0xB4, 0x4B, 0x77,
    0x64, 0x5A, 0x7D, 0x7D, 0x96, 0x5E, 0xA6, 0xFF, 0xB7, 0x9F, 0xB7, 0xBF, 0xB7, 0x9F, 0xA7, 0x3F,
    0x96, 0x7F, 0x7D, 0x9F, 0x64, 0xDE, 0x4B, 0xFD, 0x3B, 0x3B, 0x2A, 0xD9, 0x22, 0x77, 0x22, 0x56,
    0x22, 0x56, 0x22, 0x56, 0x22, 0x77, 0x2A, 0xB8, 0x2A, 0xBA, 0x6D, 0x1F, 0xA6, 0xDF, 0x3A, 0x94,
    0x10, 0xEB, 0x10, 0xC9, 0x10, 0x67, 0x08, 0x45, 0x08, 0x24, 0x08, 0x04, 0x08, 0x04, 0x08, 0x04,
    0x08, 0x04, 0x08, 0x04, 0x08, 0x04, 0x08, 0x04, 0x08, 0x04, 0x08, 0x04, 0x08, 0x04, 0x08, 0x04,
    0x08, 0x04, 0x08, 0x04, 0x08, 0x04, 0x08, 0x04, 0x08, 0x04, 0x08, 0x04, 0x08, 0x04, 0x08, 0x04,
    0x08, 0x04, 0x08, 0x04, 0x08, 0x04, 0x08, 0x04, 0x08, 0x04, 0x08, 0x04, 0x08, 0x04, 0x08, 0x24,
    0x08, 0x24, 0x08, 0x24, 0x08, 0x25, 0x10, 0x45, 0x10, 0x45, 0x10, 0x45, 0x10, 0x66, 0x10, 0x66,
    0x10, 0x66, 0x10, 0x46, 0x10, 0x46, 0x10, 0x66, 0x10, 0x66, 0x10, 0x87, 0x10, 0xA8, 0x18, 0xE9,
    0x19, 0x0A, 0x19, 0x2A, 0x19, 0x2B, 0x19, 0x2B, 0x19, 0x4B, 0x19, 0x4C, 0x19, 0x6D, 0x21, 0xAF,
    0x2A, 0x31, 0x3A, 0xD5, 0x53, 0xD8, 0x6C, 0xBB, 0x85, 0xBD, 0x9E, 0x9F, 0xAF, 0x5F, 0xB7, 0xBF,
    0xBF, 0xDF, 0xB7, 0xBF, 0xAF, 0x3F, 0x96, 0x9F, 0x85, 0xDF, 0x6C, 0xFE, 0x54, 0x1C, 0x3B, 0x7B,
    0x2A, 0xD9, 0x22, 0x77, 0x22, 0x56, 0x22, 0x35, 0x22, 0x14, 0x22, 0x13, 0x22, 0x13, 0x22, 0x13,
    0x22, 0x13, 0x22, 0x14, 0x22, 0x35, 0x22, 0x76, 0x22, 0x78, 0x64, 0xDE, 0xA6, 0xBF, 0x3A, 0x94,
    0x10, 0xEB, 0x10, 0xC9, 0x10, 0x67, 0x08, 0x45, 0x08, 0x24, 0x08, 0x04, 0x08, 0x04, 0x08, 0x04,
    0x08, 0x04, 0x08, 0x04, 0x08, 0x04, 0x08, 0x04, 0x08, 0x04, 0x08, 0x04, 0x08, 0x04, 0x08, 0x04,
    0x08, 0x04, 0x08, 0x04, 0x08, 0x04, 0x08, 0x04, 0x08, 0x04, 0x08, 0x04, 0x08, 0x04, 0x08, 0x04,
    0x08, 0x04, 0x08, 0x04, 0x08, 0x24, 0x08, 0x24, 0x08, 0x24, 0x08, 0x25, 0x08, 0x45, 0x10, 0x45,
    0x10, 0x45, 0x10, 0x66, 0x10, 0x66, 0x10, 0x86, 0x10, 0x87, 0x10, 0xA7, 0x10, 0xA7, 0x10, 0xA7,
    0x10, 0xA7, 0x10, 0xA7, 0x10, 0xA7, 0x10, 0xA7, 0x10, 0xC8, 0x18, 0xE9, 0x19, 0x09, 0x19, 0x0A,
    0x19, 0x2B, 0x19, 0x6D, 0x21, 0xCF, 0x2A, 0x31, 0x3A, 0xD4, 0x53, 0xD8, 0x6C, 0xDB, 0x85, 0xBD,
    0x9E, 0xBF, 0xAF, 0x7F, 0xBF, 0xFF, 0xBF, 0xFF, 0xB7, 0xBF, 0xA7, 0x3F, 0x96, 0x9F, 0x7D, 0xBF,
    0x64, 0xFE, 0x54, 0x3C, 0x43, 0x7B, 0x32, 0xF9, 0x2A, 0x97, 0x22, 0x56, 0x22, 0x34, 0x1A, 0x14,
    0x22, 0x13, 0x21, 0xF3, 0x21, 0xF2, 0x19, 0xD2, 0x19, 0xD2, 0x19, 0xB1, 0x19, 0xB1, 0x19, 0x91,
    0x19, 0xB1, 0x19, 0xD2, 0x19, 0xF3, 0x22, 0x35, 0x22, 0x57, 0x64, 0xBE, 0xA6, 0xBF, 0x3A, 0x74,
    0x10, 0xEA, 0x10, 0xC9, 0x10, 0x67, 0x08, 0x45, 0x08, 0x24, 0x08, 0x04, 0x08, 0x04, 0x08, 0x04,
    0x08, 0x04, 0x08, 0x04, 0x08, 0x04, 0x08, 0x04, 0x08, 0x04, 0x08, 0x04, 0x08, 0x04, 0x08, 0x04,
    0x08, 0x04, 0x08, 0x04, 0x08, 0x04, 0x08, 0x04, 0x08, 0x04, 0x08, 0x24, 0x08, 0x24, 0x08, 0x24,
    0x08, 0x25, 0x08, 0x45, 0x10, 0x45, 0x10, 0x45, 0x10, 0x66, 0x10, 0x66, 0x10, 0x86, 0x10, 0x87,
    0x10, 0xA7, 0x10, 0xA7, 0x10, 0xC8, 0x18, 0xE9, 0x19, 0x09, 0x19, 0x0A, 0x19, 0x2A, 0x19, 0x2A,
    0x19, 0x09, 0x18, 0xE9, 0x18, 0xE9, 0x19, 0x09, 0x19, 0x0A, 0x19, 0x2B, 0x29, 0xCF, 0x3A, 0xD3,
    0x53, 0xB7, 0x6C, 0xBA, 0x85, 0xFD, 0x9E, 0xBF, 0xAF, 0x7F, 0xBF, 0xFF, 0xBF, 0xFF, 0xB7, 0xBF,
    0xAF, 0x5F, 0x96, 0x9F, 0x7D, 0xBF, 0x64, 0xDE, 0x4B, 0xFC, 0x3B, 0x7A, 0x32, 0xF8, 0x22, 0x97,
    0x22, 0x55, 0x22, 0x34, 0x22, 0x14, 0x22, 0x13, 0x21, 0xF3, 0x21, 0xF2, 0x19, 0xD2, 0x19, 0xD1,
    0x19, 0xB1, 0x19, 0x90, 0x19, 0x90, 0x19, 0x6F, 0x11, 0x6F, 0x11, 0x4F, 0x11, 0x4E, 0x11, 0x4E,
    0x11, 0x4F, 0x19, 0x70, 0x19, 0xB1, 0x21, 0xF3, 0x1A, 0x16, 0x64, 0x9E, 0xA6, 0x9F, 0x3A, 0x73,
    0x10, 0xEA, 0x10, 0xC9, 0x10, 0x67, 0x08, 0x45, 0x08, 0x24, 0x08, 0x04, 0x08, 0x04, 0x08, 0x04,
    0x08, 0x04, 0x08, 0x04, 0x08, 0x04, 0x08, 0x04, 0x08, 0x04, 0x08, 0x04, 0x08, 0x04, 0x08, 0x04,
    0x08, 0x04, 0x08, 0x24, 0x08, 0x24, 0x08, 0x25, 0x08, 0x45, 0x10, 0x45, 0x10, 0x45, 0x10, 0x66,
    0x10, 0x66, 0x10, 0x86, 0x10, 0x87, 0x10, 0xA7, 0x10, 0xA7, 0x10, 0xC8, 0x18, 0xE8, 0x19, 0x09,
    0x19, 0x0A, 0x19, 0x2A, 0x19, 0x4A, 0x19, 0x4B, 0x19, 0x4B, 0x19, 0x6B, 0x19, 0x6C, 0x19, 0x6D,
    0x21, 0xAE, 0x32, 0x30, 0x29, 0xCE, 0x19, 0x6C, 0x19, 0x6C, 0x29, 0xEF, 0x7D, 0x7D, 0xAF, 0x7F,
    0xBF, 0xFF, 0xBF, 0xFF, 0xBF, 0xFF, 0xAF, 0x7F, 0x96, 0xBF, 0x85, 0xFF, 0x64, 0xFE, 0x4C, 0x1C,
    0x3B, 0x9B, 0x32, 0xF9, 0x22, 0x97, 0x22, 0x55, 0x22, 0x34, 0x22, 0x33, 0x22, 0x13, 0x22, 0x13,
    0x21, 0xF2, 0x19, 0xF2, 0x19, 0xD1, 0x19, 0xB1, 0x19, 0xB0, 0x19, 0x90, 0x19, 0x6F, 0x11, 0x4E,
    0x11, 0x4E, 0x11, 0x2E, 0x11, 0x2D, 0x11, 0x2D, 0x11, 0x0D, 0x11, 0x0D, 0x11, 0x0D, 0x11, 0x0D,
    0x11, 0x2D, 0x11, 0x4F, 0x19, 0x90, 0x19, 0xD2, 0x1A, 0x15, 0x64, 0x9E, 0xA6, 0x9F, 0x3A, 0x73,
    0x10, 0xCA, 0x10, 0xC9, 0x10, 0x67, 0x08, 0x45, 0x08, 0x24, 0x08, 0x04, 0x08, 0x04, 0x08, 0x04,
    0x08, 0x04, 0x08, 0x04, 0x08, 0x04, 0x08, 0x04, 0x08, 0x04, 0x08, 0x04, 0x08, 0x04, 0x08, 0x24,
    0x08, 0x25, 0x10, 0x45, 0x10, 0x45, 0x10, 0x66, 0x10, 0x86, 0x10, 0x87, 0x10, 0xA7, 0x10, 0xA7,
    0x10, 0xC8, 0x18, 0xE8, 0x19, 0x09, 0x19, 0x09, 0x19, 0x2A, 0x19, 0x4A, 0x19, 0x4B, 0x19, 0x4B,
    0x19, 0x4B, 0x19, 0x6C, 0x21, 0x8D, 0x29, 0xEF, 0x32, 0x72, 0x43, 0x35, 0x5C, 0x38, 0x75, 0x1B,
    0x8D, 0xFD, 0x9E, 0xDF, 0x5B, 0xF8, 0x21, 0xAD, 0x21, 0xAD, 0x32, 0x93, 0xA7, 0x1F, 0xB7, 0xDF,
    0x86, 0x5F, 0x6D, 0x7F, 0x5C, 0xBE, 0x43, 0xDC, 0x33, 0x39, 0x2A, 0xB8, 0x22, 0x76, 0x22, 0x55,
    0x22, 0x34, 0x22, 0x33, 0x22, 0x13, 0x22, 0x12, 0x21, 0xF2, 0x19, 0xD1, 0x19, 0xB1, 0x19, 0xB0,
    0x19, 0x8F, 0x19, 0x6F, 0x11, 0x4E, 0x11, 0x4E, 0x11, 0x2E, 0x11, 0x2D, 0x11, 0x0D, 0x11, 0x0C,
    0x10, 0xEC, 0x10, 0xEC, 0x10, 0xEC, 0x10, 0xEB, 0x10, 0xEB, 0x10, 0xEB, 0x10, 0xEB, 0x10, 0xEC,
    0x11, 0x0D, 0x11, 0x2E, 0x19, 0x70, 0x19, 0xD2, 0x19, 0xF4, 0x64, 0x7D, 0x9E, 0x7F, 0x3A, 0x73,
    0x10, 0xCA, 0x10, 0xA9, 0x10, 0x67, 0x08, 0x45, 0x08, 0x24, 0x08, 0x04, 0x08, 0x04, 0x08, 0x04,
    0x08, 0x04, 0x08, 0x04, 0x08, 0x04, 0x08, 0x04, 0x08, 0x04, 0x08, 0x04, 0x08, 0x24, 0x10, 0x45,
    0x10, 0x65, 0x10, 0x86, 0x10, 0xA7, 0x10, 0xC8, 0x18, 0xE8, 0x19, 0x09, 0x19, 0x09, 0x19, 0x2A,
    0x19, 0x4A, 0x19, 0x4B, 0x19, 0x4B, 0x19, 0x6B, 0x19, 0x6C, 0x21, 0x8D, 0x21, 0xCF, 0x32, 0x51,
    0x43, 0x14, 0x53, 0xF8, 0x75, 0x1B, 0x8E, 0x1D, 0xA6, 0xFF, 0xB7, 0xBF, 0xC7, 0xFF, 0xC7, 0xFF,
    0xC7, 0xFF, 0xC7, 0xFF, 0x6C, 0xDB, 0x21, 0xEF, 0x21, 0xEF, 0x32, 0xB4, 0xA7, 0x1F, 0x8E, 0xBF,
    0x33, 0x9C, 0x2B, 0x1A, 0x2A, 0xD8, 0x2A, 0x96, 0x22, 0x75, 0x22, 0x33, 0x22, 0x13, 0x22, 0x12,
    0x19, 0xF1, 0x19, 0xD1, 0x19, 0xB0, 0x19, 0x8F, 0x19, 0x6F, 0x19, 0x6E, 0x11, 0x4E, 0x11, 0x2D,
    0x11, 0x2D, 0x11, 0x0D, 0x11, 0x0C, 0x11, 0x0C, 0x10, 0xEC, 0x10, 0xEB, 0x10, 0xEB, 0x10, 0xCB,
    0x08, 0xCB, 0x08, 0xCB, 0x08, 0xCA, 0x08, 0xCB, 0x10, 0xCB, 0x10, 0xCB, 0x10, 0xCB, 0x10, 0xCB,
    0x10, 0xEC, 0x11, 0x2D, 0x19, 0x6F, 0x19, 0xB2, 0x19, 0xF4, 0x64, 0x7D, 0x9E, 0x7F, 0x3A, 0x73,
    0x10, 0xCA, 0x10, 0xA9, 0x10, 0x67, 0x08, 0x45, 0x08, 0x24, 0x08, 0x04, 0x08, 0x04, 0x08, 0x04,
    0x08, 0x04, 0x08, 0x04, 0x08, 0x04, 0x08, 0x04, 0x08, 0x04, 0x08, 0x24, 0x10, 0x45, 0x10, 0x66,
    0x10, 0xA7, 0x18, 0xE8, 0x19, 0x09, 0x19, 0x4A, 0x19, 0x4A, 0x19, 0x6B, 0x19, 0x6B, 0x19, 0x6C,
    0x21, 0x8D, 0x21, 0xCE, 0x32, 0x71, 0x3A, 0xF4, 0x53, 0xF7, 0x75, 0x1B, 0x8E, 0x1D, 0xA6, 0xFF,
    0xB7, 0xBF, 0xC7, 0xFF, 0xC7, 0xFF, 0xBF, 0xFF, 0xAF, 0x9F, 0x9F, 0x1F, 0x8E, 0x9F, 0x6D, 0xBF,
    0x76, 0x3F, 0xBF, 0xFF, 0x6C, 0xFB, 0x22, 0x10, 0x2A, 0x10, 0x3A, 0xD4, 0xA7, 0x3F, 0x8E, 0x7F,
    0x33, 0x5B, 0x2A, 0xF7, 0x2A, 0xB6, 0x22, 0x54, 0x22, 0x12, 0x19, 0xD1, 0x19, 0xB0, 0x19, 0x8F,
    0x19, 0x6F, 0x11, 0x4E, 0x11, 0x4E, 0x11, 0x2D, 0x11, 0x0D, 0x11, 0x0C, 0x11, 0x0C, 0x10, 0xEC,
    0x10, 0xEB, 0x10, 0xEB, 0x10, 0xCB, 0x10, 0xCB, 0x08, 0xCA, 0x08, 0xCA, 0x08, 0xAA, 0x08, 0xAA,
    0x08, 0xAA, 0x08, 0xAA, 0x08, 0xAA, 0x08, 0xAA, 0x08, 0xAA, 0x08, 0xCA, 0x10, 0xCA, 0x10, 0xCB,
    0x10, 0xEC, 0x11, 0x2D, 0x19, 0x6F, 0x19, 0xB2, 0x19, 0xF4, 0x64, 0x7D, 0x9E, 0x7F, 0x3A, 0x73,
    0x10, 0xCA, 0x10, 0xA9, 0x10, 0x67, 0x08, 0x45, 0x08, 0x24, 0x08, 0x04, 0x08, 0x04, 0x08, 0x04,
    0x08, 0x04, 0x08, 0x04, 0x08, 0x04, 0x08, 0x04, 0x08, 0x24, 0x08, 0x45, 0x10, 0x66, 0x10, 0xA7,
    0x18, 0xE8, 0x19, 0x09, 0x19, 0x4B, 0x21, 0x8C, 0x21, 0xEF, 0x32, 0x51, 0x3B, 0x14, 0x53, 0xF7,
    0x6C, 0xDA, 0x85, 0xDD, 0xA6, 0xFF, 0xB7, 0x9F, 0xBF, 0xFF, 0xC7, 0xFF, 0xBF, 0xFF, 0xAF, 0x9F,
    0x9E, 0xFF, 0x86, 0x3F, 0x6D, 0x5E, 0x54, 0x9D, 0x44, 0x1C, 0x3B, 0xDC, 0x3B, 0xBC, 0x33, 0x9C,
    0x5C, 0xFF, 0xB7, 0xFF, 0x6D, 0x1B, 0x2A, 0x11, 0x2A, 0x30, 0x3A, 0xD5, 0xA7, 0x3F, 0x8E, 0x5F,
    0x33, 0x3A, 0x2A, 0xB6, 0x22, 0x54, 0x21, 0xF2, 0x19, 0xB0, 0x19, 0x6F, 0x11, 0x4E, 0x11, 0x2D,
    0x11, 0x2D, 0x11, 0x0C, 0x11, 0x0C, 0x10, 0xEB, 0x10, 0xEB, 0x10, 0xCB, 0x10, 0xCB, 0x08, 0xCA,
    0x08, 0xCA, 0x08, 0xAA, 0x08, 0xAA, 0x08, 0xAA, 0x08, 0xAA, 0x08, 0xAA, 0x08, 0xAA, 0x08, 0xAA,
    0x08, 0xA9, 0x08, 0xAA, 0x08, 0xAA, 0x08, 0xAA, 0x08, 0xAA, 0x08, 0xAA, 0x08, 0xAA, 0x10, 0xCB,
    0x10, 0xEC, 0x11, 0x0D, 0x11, 0x4F, 0x19, 0xB1, 0x19, 0xF4, 0x64, 0x7D, 0x9E, 0x7F, 0x3A, 0x53,
    0x10, 0xCA, 0x10, 0xA9, 0x10, 0x67, 0x08, 0x45, 0x08, 0x04, 0x08, 0x04, 0x08, 0x04, 0x08, 0x04,
    0x08, 0x04, 0x08, 0x04, 0x08, 0x04, 0x08, 0x04, 0x08, 0x24, 0x10, 0x45, 0x10, 0x87, 0x18, 0xE8,
    0x21, 0x6B, 0x3A, 0xB2, 0x53, 0xD6, 0x6C, 0xFA, 0x8E, 0x1D, 0x9E, 0xDF, 0xB7, 0x9F, 0xC7, 0xFF,
    0xC7, 0xFF, 0xC7, 0xFF, 0xB7, 0xDF, 0x9F, 0x1F, 0x86, 0x5F, 0x75, 0x7E, 0x54, 0x9C, 0x43, 0xDA,
    0x33, 0x59, 0x2A, 0xF7, 0x2A, 0xB6, 0x2A, 0xB6, 0x2A, 0xD6, 0x2B, 0x17, 0x33, 0x59, 0x33, 0x5A,
    0x5C, 0xFE, 0xB7, 0xFF, 0x6C, 0xFB, 0x2A, 0x11, 0x2A, 0x30, 0x3A, 0xD4, 0xA7, 0x1F, 0x86, 0x3F,
    0x2A, 0xF9, 0x22, 0x75, 0x22, 0x12, 0x19, 0xB0, 0x19, 0x6E, 0x11, 0x2D, 0x11, 0x0C, 0x10, 0xEC,
    0x10, 0xEB, 0x10, 0xEB, 0x10, 0xCB, 0x08, 0xCA, 0x08, 0xAA, 0x08, 0xAA, 0x08, 0xAA, 0x08, 0xAA,
    0x08, 0xAA, 0x08, 0xAA, 0x08, 0xAA, 0x08, 0xA9, 0x08, 0xA9, 0x08, 0xA9, 0x08, 0x89, 0x08, 0x89,
    0x08, 0x89, 0x08, 0x89, 0x08, 0x89, 0x08, 0xA9, 0x08, 0xAA, 0x08, 0xAA, 0x08, 0xAA, 0x08, 0xCA,
    0x10, 0xEB, 0x11, 0x0D, 0x11, 0x4F, 0x19, 0xB1, 0x19, 0xD4, 0x64, 0x7D, 0xA6, 0x7F, 0x3A, 0x53,
    0x10, 0xCA, 0x10, 0xA9, 0x10, 0x67, 0x08, 0x25, 0x08, 0x04, 0x08, 0x04, 0x08, 0x04, 0x08, 0x04,
    0x08, 0x04, 0x08, 0x04, 0x08, 0x04, 0x08, 0x04, 0x08, 0x25, 0x10, 0x66, 0x10, 0xC7, 0x18, 0xE9,
    0x3A, 0xB1, 0xA6, 0xFF, 0xC7, 0xFF, 0xC7, 0xFF, 0xC7, 0xFF, 0xB7, 0xDF, 0xA7, 0x3F, 0x8E, 0x7F,
    0x75, 0x9E, 0x5C, 0xBD, 0x4C, 0x1B, 0x33, 0x79, 0x2A, 0xF7, 0x2A, 0xB6, 0x22, 0x75, 0x22, 0x74,
    0x22, 0x73, 0x22, 0x53, 0x22, 0x73, 0x22, 0x73, 0x2A, 0x74, 0x2A, 0xB5, 0x2A, 0xF7, 0x2B, 0x19,
    0x54, 0xBE, 0xB7, 0xDF, 0x6C, 0xFB, 0x22, 0x11, 0x2A, 0x30, 0x3A, 0xB4, 0xA6, 0xFF, 0x86, 0x3F,
    0x2A, 0xD8, 0x22, 0x54, 0x19, 0xF1, 0x19, 0x8F, 0x11, 0x2D, 0x11, 0x0C, 0x10, 0xEB, 0x10, 0xCB,
    0x10, 0xCA, 0x08, 0xCA, 0x08, 0xAA, 0x08, 0xAA, 0x08, 0xAA, 0x08, 0xAA, 0x08, 0xA9, 0x08, 0xA9,
    0x08, 0xA9, 0x08, 0xA9, 0x08, 0x89, 0x08, 0x89, 0x08, 0x89, 0x08, 0x89, 0x08, 0x89, 0x08, 0x89,
    0x08, 0x89, 0x08, 0x89, 0x08, 0x89, 0x08, 0x89, 0x08, 0x89, 0x08, 0xAA, 0x08, 0xAA, 0x08, 0xAA,
    0x10, 0xCB, 0x11, 0x0D, 0x11, 0x4F, 0x19, 0xB1, 0x19, 0xD4, 0x64, 0x7D, 0x9E, 0x7F, 0x3A, 0x53,
    0x10, 0xCA, 0x10, 0xA9, 0x10, 0x67, 0x08, 0x25, 0x08, 0x04, 0x08, 0x04, 0x08, 0x04, 0x08, 0x04,
    0x08, 0x04, 0x08, 0x04, 0x08, 0x04, 0x08, 0x04, 0x10, 0x45, 0x10, 0x86, 0x18, 0xE8, 0x19, 0x09,
    0x43, 0x33, 0xBF, 0xDF, 0xAF, 0x7F, 0x75, 0xFF, 0x65, 0x5E, 0x4C, 0x7C, 0x3B, 0xBA, 0x33, 0x38,
    0x2A, 0xD6, 0x22, 0x95, 0x22, 0x74, 0x22, 0x73, 0x22, 0x53, 0x22, 0x32, 0x22, 0x32, 0x22, 0x12,
    0x21, 0xF1, 0x19, 0xF1, 0x19, 0xD1, 0x21, 0xF1, 0x22, 0x12, 0x22, 0x53, 0x2A, 0xB5, 0x2A, 0xD7,
    0x54, 0x7D, 0xB7, 0xDF, 0x6C, 0xDB, 0x22, 0x11, 0x2A, 0x10, 0x3A, 0xB4, 0xA6, 0xFF, 0x86, 0x1F,
    0x2A, 0xD8, 0x22, 0x33, 0x19, 0xD1, 0x19, 0x6E, 0x11, 0x2D, 0x10, 0xEB, 0x10, 0xCB, 0x10, 0xCA,
    0x08, 0xAA, 0x08, 0xAA, 0x08, 0xAA, 0x08, 0xA9, 0x08, 0xA9, 0x08, 0x89, 0x08, 0x89, 0x08, 0x89,
    0x08, 0x89, 0x08, 0x89, 0x08, 0x89, 0x08, 0x89, 0x08, 0x89, 0x08, 0x89, 0x08, 0x89, 0x08, 0x89,
    0x08, 0x89, 0x08, 0x89, 0x08, 0x89, 0x08, 0x89, 0x08, 0x89, 0x08, 0xA9, 0x08, 0xAA, 0x08, 0xAA,
    0x10, 0xCB, 0x11, 0x0D, 0x11, 0x4F, 0x19, 0x91, 0x19, 0xD4, 0x64, 0x5D, 0x9E, 0x7F, 0x3A, 0x53,
    0x10, 0xCA, 0x10, 0xA9, 0x10, 0x67, 0x08, 0x25, 0x08, 0x04, 0x08, 0x04, 0x08, 0x04, 0x08, 0x04,
    0x08, 0x04, 0x08, 0x04, 0x08, 0x04, 0x08, 0x24, 0x10, 0x45, 0x10, 0x86, 0x18, 0xE9, 0x19, 0x2A,
    0x43, 0x34, 0xB7, 0xDF, 0x7E, 0x1F, 0x2B, 0x5A, 0x33, 0x38, 0x2A, 0xF6, 0x2A, 0xB5, 0x2A, 0x94,
    0x22, 0x73, 0x22, 0x32, 0x22, 0x12, 0x21, 0xF1, 0x19, 0xD0, 0x19, 0xD0, 0x19, 0xAF, 0x19, 0x8F,
    0x19, 0x8F, 0x19, 0x6E, 0x19, 0x6E, 0x19, 0x8F, 0x19, 0xB0, 0x21, 0xF1, 0x22, 0x74, 0x2A, 0xB6,
    0x54, 0x5D, 0xB7, 0xBF, 0x6C, 0xDB, 0x22, 0x10, 0x2A, 0x10, 0x32, 0xB4, 0xA6, 0xFF, 0x86, 0x1F,
    0x2A, 0xB7, 0x22, 0x33, 0x19, 0xB0, 0x11, 0x4E, 0x11, 0x0C, 0x10, 0xEB, 0x10, 0xCA, 0x08, 0xAA,
    0x08, 0xAA, 0x08, 0xAA, 0x08, 0xA9, 0x08, 0x89, 0x08, 0x89, 0x08, 0x89, 0x08, 0x89, 0x08, 0x89,
    0x08, 0x89, 0x08, 0x89, 0x08, 0x89, 0x08, 0x89, 0x08, 0x89, 0x08, 0x89, 0x08, 0x89, 0x08, 0x89,
    0x08, 0x89, 0x08, 0x89, 0x08, 0x89, 0x08, 0x89, 0x08, 0x89, 0x08, 0x89, 0x08, 0xAA, 0x08, 0xAA,
    0x08, 0xCB, 0x11, 0x0C, 0x11, 0x4F, 0x19, 0x91, 0x19, 0xD4, 0x64, 0x5D, 0x9E, 0x7F, 0x3A, 0x53,
    0x10, 0xCA, 0x10, 0xA9, 0x10, 0x67, 0x08, 0x25, 0x08, 0x04, 0x08, 0x04, 0x08, 0x04, 0x08, 0x04,
    0x08, 0x04, 0x08, 0x04, 0x08, 0x04, 0x08, 0x24, 0x10, 0x45, 0x10, 0x87, 0x19, 0x09, 0x19, 0x4A,
    0x43, 0x34, 0xB7, 0xDF, 0x75, 0xDE, 0x2B, 0x38, 0x33, 0x16, 0x2A, 0xB5, 0x22, 0x53, 0x22, 0x11,
    0x19, 0xD0, 0x19, 0xB0, 0x19, 0xAF, 0x19, 0x8E, 0x19, 0x6E, 0x11, 0x4D, 0x11, 0x4D, 0x11, 0x2D,
    0x11, 0x2D, 0x11, 0x2D, 0x11, 0x2D, 0x11, 0x4D, 0x19, 0x8F, 0x19, 0xD0, 0x22, 0x33, 0x22, 0x75,
    0x4C, 0x3C, 0xB7, 0x9F, 0x6C, 0xBB, 0x21, 0xF0, 0x2A, 0x10, 0x32, 0xB4, 0xA6, 0xFF, 0x86, 0x1F,
    0x2A, 0xB7, 0x22, 0x33, 0x19, 0xB0, 0x11, 0x4E, 0x11, 0x0C, 0x10, 0xCB, 0x08, 0xCA, 0x08, 0xAA,
    0x08, 0xAA, 0x08, 0xA9, 0x08, 0x89, 0x08, 0x89, 0x08, 0x89, 0x08, 0x89, 0x08, 0x89, 0x08, 0x89,
    0x08, 0x89, 0x08, 0x89, 0x08, 0x89, 0x08, 0x88, 0x08, 0x88, 0x08, 0x88, 0x08, 0x88, 0x08, 0x88,
    0x08, 0x88, 0x08, 0x89, 0x08, 0x89, 0x08, 0x89, 0x08, 0x89, 0x08, 0x89, 0x08, 0xA9, 0x08, 0xAA,
    0x08, 0xCB, 0x11, 0x0C, 0x11, 0x4F, 0x19, 0x91, 0x19, 0xD4, 0x64, 0x5D, 0x9E, 0x5F, 0x3A, 0x53,
    0x10, 0xCA, 0x10, 0xA9, 0x10, 0x67, 0x08, 0x25, 0x08, 0x04, 0x08, 0x04, 0x08, 0x04, 0x08, 0x04,
    0x08, 0x04, 0x08, 0x04, 0x08, 0x04, 0x08, 0x24, 0x10, 0x45, 0x10, 0x87, 0x19, 0x09, 0x19, 0x4A,
    0x43, 0x34, 0xB7, 0xDF, 0x75, 0xBE, 0x2A, 0xF7, 0x2A, 0xB5, 0x22, 0x53, 0x21, 0xF1, 0x19, 0xAF,
    0x19, 0x6E, 0x11, 0x4D, 0x11, 0x4D, 0x11, 0x2C, 0x11, 0x0C, 0x11, 0x0C, 0x11, 0x0B, 0x10, 0xEB,
    0x10, 0xEB, 0x10, 0xEB, 0x11, 0x0C, 0x11, 0x2C, 0x19, 0x6E, 0x19, 0xB0, 0x22, 0x32, 0x22, 0x75,
    0x4C, 0x3C, 0xAF, 0x9F, 0x6C, 0xBA, 0x21, 0xF0, 0x2A, 0x10, 0x32, 0xB4, 0x9E, 0xDF, 0x85, 0xFF,
    0x2A, 0xB7, 0x22, 0x13, 0x19, 0xB0, 0x11, 0x4E, 0x11, 0x0C, 0x10, 0xCB, 0x08, 0xAA, 0x08, 0xAA,
    0x08, 0xA9, 0x08, 0x89, 0x08, 0x89, 0x08, 0x89, 0x08, 0x89, 0x08, 0x89, 0x08, 0x88, 0x08, 0x88,
    0x08, 0x88, 0x08, 0x88, 0x08, 0x88, 0x08, 0x88, 0x08, 0x88, 0x08, 0x88, 0x08, 0x88, 0x08, 0x88,
    0x08, 0x88, 0x08, 0x88, 0x08, 0x89, 0x08, 0x89, 0x08, 0x89, 0x08, 0x89, 0x08, 0xA9, 0x08, 0xAA,
    0x08, 0xCB, 0x11, 0x0C, 0x11, 0x4F, 0x19, 0x91, 0x19, 0xD4, 0x64, 0x5D, 0x9E, 0x5F, 0x3A, 0x53,
    0x10, 0xCA, 0x10, 0xA9, 0x10, 0x67, 0x08, 0x25, 0x08, 0x04, 0x08, 0x04, 0x08, 0x04, 0x08, 0x04,
    0x08, 0x04, 0x08, 0x04, 0x08, 0x04, 0x08, 0x24, 0x10, 0x45, 0x10, 0x87, 0x19, 0x09, 0x19, 0x2A,
    0x43, 0x14, 0xB7, 0xDF, 0x75, 0x9E, 0x2A, 0xB6, 0x22, 0x73, 0x22, 0x11, 0x19, 0xAF, 0x19, 0x6E,
    0x11, 0x2D, 0x11, 0x0C, 0x10, 0xEB, 0x10, 0xEB, 0x10, 0xEB, 0x10, 0xCB, 0x10, 0xCB, 0x10, 0xCA,
    0x10, 0xCB, 0x10, 0xEB, 0x10, 0xEB, 0x11, 0x0C, 0x11, 0x4D, 0x19, 0xAF, 0x22, 0x12, 0x22, 0x54,
    0x4C, 0x3C, 0xAF, 0x9F, 0x6C, 0xBA, 0x21, 0xF0, 0x2A, 0x10, 0x32, 0xB4, 0x9E, 0xDF, 0x85, 0xFF,
    0x2A, 0xB7, 0x22, 0x13, 0x19, 0xB0, 0x11, 0x4E, 0x10, 0xEC, 0x10, 0xCB, 0x08, 0xAA, 0x08, 0xA9,
    0x08, 0xA9, 0x08, 0x89, 0x08, 0x89, 0x08, 0x89, 0x08, 0x88, 0x08, 0x88, 0x08, 0x88, 0x08, 0x88,
    0x08, 0x88, 0x08, 0x88, 0x08, 0x88, 0x08, 0x88, 0x08, 0x88, 0x08, 0x88, 0x08, 0x88, 0x08, 0x88,
    0x08, 0x88, 0x08, 0x88, 0x08, 0x89, 0x08, 0x89, 0x08, 0x89, 0x08, 0x89, 0x08, 0xA9, 0x08, 0xAA,
    0x08, 0xCB, 0x11, 0x0C, 0x11, 0x4F, 0x19, 0x91, 0x19, 0xD4, 0x64, 0x5D, 0x9E, 0x5F, 0x3A, 0x53,
    0x10, 0xCA, 0x10, 0xA9, 0x10, 0x67, 0x08, 0x25, 0x08, 0x04, 0x08, 0x04, 0x08, 0x04, 0x08, 0x04,
    0x08, 0x04, 0x08, 0x04, 0x08, 0x04, 0x08, 0x24, 0x10, 0x45, 0x10, 0x87, 0x19, 0x09, 0x19, 0x2A,
    0x43, 0x13, 0xB7, 0xBF, 0x75, 0x7E, 0x22, 0x95, 0x22, 0x52, 0x19, 0xD0, 0x19, 0x6E, 0x11, 0x2C,
    0x11, 0x0B, 0x10, 0xEB, 0x10, 0xCB, 0x10, 0xCA, 0x08, 0xCA, 0x08, 0xCA, 0x08, 0xCA, 0x08, 0xCA,
    0x10, 0xCA, 0x10, 0xCA, 0x10, 0xEB, 0x11, 0x0C, 0x11, 0x4D, 0x19, 0x8F, 0x22, 0x12, 0x22, 0x54,
    0x4C, 0x3C, 0xAF, 0x9F, 0x6C, 0xBA, 0x21, 0xF0, 0x22, 0x10, 0x32, 0xB4, 0x9E, 0xDF, 0x85, 0xFF,
    0x2A, 0x97, 0x22, 0x12, 0x19, 0xB0, 0x11, 0x4E, 0x10, 0xEC, 0x08, 0xCA, 0x08, 0xAA, 0x08, 0xA9,
    0x08, 0x89, 0x08, 0x89, 0x08, 0x89, 0x08, 0x88, 0x08, 0x88, 0x08, 0x88, 0x08, 0x88, 0x08, 0x88,
    0x08, 0x88, 0x08, 0x88, 0x08, 0x88, 0x08, 0x88, 0x08, 0x88, 0x08, 0x88, 0x08, 0x88, 0x08, 0x88,
    0x08, 0x88, 0x08, 0x88, 0x08, 0x89, 0x08, 0x89, 0x08, 0x89, 0x08, 0x89, 0x08, 0xA9, 0x08, 0xAA,
    0x08, 0xCB, 0x11, 0x0C, 0x11, 0x4F, 0x19, 0x91, 0x19, 0xD4, 0x5C, 0x5D, 0x9E, 0x5F, 0x32, 0x53,
    0x10, 0xCA, 0x10, 0xA9, 0x10, 0x67, 0x08, 0x25, 0x08, 0x04, 0x08, 0x04, 0x08, 0x04, 0x08, 0x04,
    0x08, 0x04, 0x08, 0x04, 0x08, 0x04, 0x08, 0x24, 0x10, 0x45, 0x10, 0x87, 0x19, 0x09, 0x19, 0x2A,
    0x43, 0x13, 0xB7, 0xBF, 0x75, 0x7D, 0x22, 0x74, 0x22, 0x32, 0x19, 0xAF, 0x11, 0x4D, 0x11, 0x0C,
    0x10, 0xEB, 0x10, 0xCB, 0x10, 0xCA, 0x08, 0xCA, 0x08, 0xAA, 0x08, 0xAA, 0x08, 0xAA, 0x08, 0xAA,
    0x08, 0xAA, 0x08, 0xCA, 0x10, 0xCB, 0x10, 0xEB, 0x11, 0x2D, 0x19, 0x8F, 0x22, 0x12, 0x22, 0x54,
    0x4C, 0x1C, 0xAF, 0x9F, 0x6C, 0xBA, 0x21, 0xF0, 0x22, 0x10, 0x32, 0xB4, 0x9E, 0xDF, 0x85, 0xFF,
    0x2A, 0x97, 0x22, 0x12, 0x19, 0xB0, 0x11, 0x4D, 0x10, 0xEC, 0x08, 0xCA, 0x08, 0xAA, 0x08, 0xA9,
    0x08, 0x89, 0x08, 0x89, 0x08, 0x89, 0x08, 0x88, 0x08, 0x88, 0x08, 0x88, 0x08, 0x88, 0x08, 0x88,
    0x08, 0x88, 0x08, 0x88, 0x08, 0x88, 0x08, 0x88, 0x08, 0x88, 0x08, 0x88, 0x08, 0x88, 0x08, 0x88,
    0x08, 0x88, 0x08, 0x88, 0x08, 0x89, 0x08, 0x89, 0x08, 0x89, 0x08, 0x89, 0x08, 0xA9, 0x08, 0xAA,
    0x08, 0xCB, 0x11, 0x0C, 0x11, 0x4F, 0x19, 0x91, 0x19, 0xD4, 0x64, 0x5D, 0x9E, 0x5F, 0x32, 0x53,
    0x10, 0xCA, 0x10, 0xA9, 0x10, 0x67, 0x08, 0x25, 0x08, 0x04, 0x08, 0x04, 0x08, 0x04, 0x08, 0x04,
    0x08, 0x04, 0x08, 0x04, 0x08, 0x04, 0x08, 0x24, 0x10, 0x45, 0x10, 0x87, 0x19, 0x09, 0x19, 0x2A,
    0x43, 0x13, 0xB7, 0xBF, 0x6D, 0x5D, 0x22, 0x74, 0x22, 0x32, 0x19, 0xAF, 0x11, 0x4D, 0x11, 0x0C,
    0x10, 0xCB, 0x10, 0xCA, 0x08, 0xCA, 0x08, 0xAA, 0x08, 0xAA, 0x08, 0xA9, 0x08, 0xA9, 0x08, 0xAA,
    0x08, 0xAA, 0x08, 0xCA, 0x10, 0xCA, 0x10, 0xEB, 0x11, 0x2D, 0x19, 0x8F, 0x21, 0xF2, 0x22, 0x54,
    0x4C, 0x1C, 0xAF, 0x9F, 0x6C, 0xBA, 0x21, 0xF0, 0x22, 0x10, 0x32, 0x94, 0x9E, 0xDF, 0x85, 0xFF,
    0x2A, 0x97, 0x22, 0x12, 0x19, 0xB0, 0x11, 0x2D, 0x10, 0xEC, 0x08, 0xCA, 0x08, 0xAA, 0x08, 0xA9,
    0x08, 0x89, 0x08, 0x89, 0x08, 0x89, 0x08, 0x88, 0x08, 0x88, 0x08, 0x88, 0x08, 0x88, 0x08, 0x88,
    0x08, 0x88, 0x08, 0x88, 0x08, 0x88, 0x08, 0x88, 0x08, 0x88, 0x08, 0x88, 0x08, 0x88, 0x08, 0x88,
    0x08, 0x88, 0x08, 0x88, 0x08, 0x89, 0x08, 0x89, 0x08, 0x89, 0x08, 0x89, 0x08, 0xA9, 0x08, 0xAA,
    0x08, 0xCB, 0x11, 0x0C, 0x11, 0x4F, 0x19, 0x91, 0x19, 0xB4, 0x5C, 0x5D, 0x9E, 0x5F, 0x32, 0x53,
    0x10, 0xCA, 0x10, 0xA9, 0x10, 0x67, 0x08, 0x25, 0x08, 0x04, 0x08, 0x04, 0x08, 0x04, 0x08, 0x04,
    0x08, 0x04, 0x08, 0x04, 0x08, 0x04, 0x08, 0x24, 0x10, 0x45, 0x10, 0x87, 0x19, 0x09, 0x19, 0x2A,
    0x43, 0x13, 0xB7, 0xBF, 0x6D, 0x5D, 0x22, 0x74, 0x22, 0x11, 0x19, 0xAF, 0x11, 0x4D, 0x11, 0x0C,
    0x10, 0xCB, 0x08, 0xCA, 0x08, 0xAA, 0x08, 0xAA, 0x08, 0xA9, 0x08, 0xA9, 0x08, 0xA9, 0x08, 0xA9,
    0x08, 0xAA, 0x08, 0xAA, 0x10, 0xCA, 0x10, 0xEB, 0x11, 0x2D, 0x19, 0x8F, 0x21, 0xF2, 0x22, 0x54,
    0x4C, 0x1C, 0xAF, 0x9F, 0x6C, 0xBA, 0x21, 0xF0, 0x2A, 0x10, 0x32, 0x94, 0x9E, 0xDF, 0x85, 0xFF,
    0x2A, 0x97, 0x22, 0x12, 0x19, 0xB0, 0x11, 0x2D, 0x10, 0xEC, 0x08, 0xCA, 0x08, 0xAA, 0x08, 0xA9,
    0x08, 0x89, 0x08, 0x89, 0x08, 0x89, 0x08, 0x89, 0x08, 0x88, 0x08, 0x88, 0x08, 0x88, 0x08, 0x88,
    0x08, 0x88, 0x08, 0x88, 0x08, 0x88, 0x08, 0x88, 0x08, 0x88, 0x08, 0x88, 0x08, 0x88, 0x08, 0x88,
    0x08, 0x88, 0x08, 0x89, 0x08, 0x89, 0x08, 0x89, 0x08, 0x89, 0x08, 0x89, 0x08, 0xAA, 0x08, 0xAA,
    0x08, 0xCB, 0x11, 0x0D, 0x11, 0x4F, 0x19, 0x91, 0x19, 0xB4, 0x5C, 0x5D, 0x9E, 0x5F, 0x32, 0x53,
    0x10, 0xCA, 0x10, 0xA9, 0x10, 0x67, 0x08, 0x25, 0x08, 0x04, 0x08, 0x04, 0x08, 0x04, 0x08, 0x04,
    0x08, 0x04, 0x08, 0x04, 0x08, 0x04, 0x08, 0x24, 0x10, 0x45, 0x10, 0x87, 0x19, 0x09, 0x19, 0x2A,
    0x43, 0x13, 0xB7, 0xBF, 0x6D, 0x5D, 0x22, 0x74, 0x22, 0x11, 0x19, 0xAF, 0x11, 0x4D, 0x10, 0xEB,
    0x10, 0xCA, 0x08, 0xAA, 0x08, 0xAA, 0x08, 0xA9, 0x08, 0xA9, 0x08, 0xA9, 0x08, 0xA9, 0x08, 0xA9,
    0x08, 0xA9, 0x08, 0xAA, 0x10, 0xCA, 0x10, 0xEB, 0x11, 0x2D, 0x19, 0x8F, 0x21, 0xF2, 0x22, 0x54,
    0x4C, 0x1C, 0xAF, 0x9F, 0x64, 0xBA, 0x21, 0xF0, 0x22, 0x10, 0x32, 0x94, 0x9E, 0xDF, 0x85, 0xFF,
    0x2A, 0x97, 0x22, 0x12, 0x19, 0xB0, 0x11, 0x4E, 0x10, 0xEC, 0x08, 0xCA, 0x08, 0xAA, 0x08, 0xAA,
    0x08, 0xA9, 0x08, 0x89, 0x08, 0x89, 0x08, 0x89, 0x08, 0x89, 0x08, 0x89, 0x08, 0x89, 0x08, 0x89,
    0x08, 0x89, 0x08, 0x89, 0x08, 0x89, 0x08, 0x89, 0x08, 0x89, 0x08, 0x89, 0x08, 0x89, 0x08, 0x89,
    0x08, 0x89, 0x08, 0x89, 0x08, 0x89, 0x08, 0x89, 0x08, 0x89, 0x08, 0xA9, 0x08, 0xAA, 0x08, 0xAA,
    0x08, 0xCB, 0x11, 0x0D, 0x11, 0x4F, 0x19, 0x91, 0x19, 0xD4, 0x5C, 0x5D, 0x9E, 0x5F, 0x32, 0x53,
    0x10, 0xCA, 0x10, 0xA9, 0x10, 0x67, 0x08, 0x25, 0x08, 0x04, 0x08, 0x04, 0x08, 0x04, 0x08, 0x04,
    0x08, 0x04, 0x08, 0x04, 0x08, 0x04, 0x08, 0x24, 0x10, 0x45, 0x10, 0x87, 0x19, 0x09, 0x19, 0x2A,
    0x43, 0x13, 0xB7, 0xBF, 0x6D, 0x5D, 0x22, 0x74, 0x22, 0x11, 0x19, 0xAF, 0x11, 0x4D, 0x10, 0xEB,
    0x10, 0xCA, 0x08, 0xAA, 0x08, 0xAA, 0x08, 0xA9, 0x08, 0xA9, 0x08, 0xA9, 0x08, 0xA9, 0x08, 0xA9,
    0x08, 0xAA, 0x08, 0xAA, 0x10, 0xCA, 0x10, 0xEB, 0x11, 0x2D, 0x19, 0x8F, 0x21, 0xF2, 0x22, 0x54,
    0x4C, 0x1C, 0xAF, 0x7F, 0x64, 0x9A, 0x21, 0xF0, 0x2A, 0x10, 0x32, 0x94, 0x9E, 0xDF, 0x85, 0xFF,
    0x2A, 0x97, 0x22, 0x13, 0x19, 0xB0, 0x11, 0x4E, 0x10, 0xEC, 0x10, 0xCB, 0x08, 0xAA, 0x08, 0xAA,
    0x08, 0xA9, 0x08, 0x89, 0x08, 0x89, 0x08, 0x89, 0x08, 0x89, 0x08, 0x89, 0x08, 0x89, 0x08, 0x89,
    0x08, 0x89, 0x08, 0x89, 0x08, 0x89, 0x08, 0x89, 0x08, 0x89, 0x08, 0x89, 0x08, 0x89, 0x08, 0x89,
    0x08, 0x89, 0x08, 0x89, 0x08, 0x89, 0x08, 0x89, 0x08, 0x89, 0x08, 0xAA, 0x08, 0xAA, 0x08, 0xAA,
    0x10, 0xCB, 0x11, 0x0D, 0x11, 0x4F, 0x19, 0x91, 0x19, 0xD4, 0x5C, 0x3D, 0x9E, 0x3F, 0x32, 0x53,
    0x10, 0xCA, 0x10, 0xA9, 0x10, 0x67, 0x08, 0x25, 0x08, 0x04, 0x08, 0x04, 0x08, 0x04, 0x08, 0x04,
    0x08, 0x04, 0x08, 0x04, 0x08, 0x04, 0x08, 0x24, 0x10, 0x45, 0x10, 0x87, 0x19, 0x09, 0x19, 0x2A,
    0x42, 0xF3, 0xB7, 0xBF, 0x6D, 0x5D, 0x22, 0x74, 0x22, 0x11, 0x19, 0xAF, 0x11, 0x4D, 0x11, 0x0B,
    0x10, 0xCB, 0x08, 0xCA, 0x08, 0xAA, 0x08, 0xAA, 0x08, 0xA9, 0x08, 0xA9, 0x08, 0xA9, 0x08, 0xAA,
    0x08, 0xAA, 0x08, 0xAA, 0x10, 0xCA, 0x10, 0xEB, 0x11, 0x2D, 0x19, 0x8F, 0x21, 0xF2, 0x22, 0x54,
    0x4C, 0x1C, 0xAF, 0x7F, 0x64, 0x9A, 0x21, 0xF0, 0x29, 0xF0, 0x32, 0x94, 0x9E, 0xDF, 0x85, 0xFF,
    0x2A, 0x97, 0x22, 0x13, 0x19, 0xB0, 0x11, 0x4E, 0x11, 0x0C, 0x10, 0xCB, 0x08, 0xAA, 0x08, 0xAA,
    0x08, 0xAA, 0x08, 0xA9, 0x08, 0x89, 0x08, 0x89, 0x08, 0x89, 0x08, 0x89, 0x08, 0x89, 0x08, 0x89,
    0x08, 0x89, 0x08, 0x89, 0x08, 0x89, 0x08, 0x89, 0x08, 0x89, 0x08, 0x89, 0x08, 0x89, 0x08, 0x89,
    0x08, 0x89, 0x08, 0x89, 0x08, 0x89, 0x08, 0x89, 0x08, 0xA9, 0x08, 0xAA, 0x08, 0xAA, 0x08, 0xAA,
    0x10, 0xEB, 0x11, 0x0D, 0x11, 0x4F, 0x19, 0x91, 0x19, 0xD4, 0x5C, 0x3D, 0x9E, 0x3F, 0x32, 0x53,
    0x10, 0xCA, 0x10, 0xA9, 0x10, 0x67, 0x08, 0x25, 0x08, 0x04, 0x08, 0x04, 0x08, 0x04, 0x08, 0x04,
    0x08, 0x04, 0x08, 0x04, 0x08, 0x04, 0x08, 0x24, 0x10, 0x45, 0x10, 0x87, 0x19, 0x09, 0x19, 0x2A,
    0x42, 0xF3, 0xB7, 0xBF, 0x6D, 0x5D, 0x22, 0x54, 0x22, 0x12, 0x19, 0xAF, 0x11, 0x4D, 0x11, 0x0C,
    0x10, 0xCB, 0x10, 0xCA, 0x08, 0xCA, 0x08, 0xAA, 0x08, 0xAA, 0x08, 0xAA, 0x08, 0xAA, 0x08, 0xAA,
    0x08, 0xAA, 0x10, 0xCA, 0x10, 0xCB, 0x10, 0xEC, 0x11, 0x2D, 0x19, 0x8F, 0x22, 0x12, 0x22, 0x54,
    0x4C, 0x1C, 0xAF, 0x7F, 0x64, 0x9A, 0x21, 0xF0, 0x21, 0xF0, 0x32, 0x94, 0x9E, 0xBF, 0x85, 0xFF,
    0x2A, 0x97, 0x22, 0x13, 0x19, 0xB0, 0x11, 0x4E, 0x11, 0x0C, 0x10, 0xCB, 0x08, 0xCA, 0x08, 0xAA,
    0x08, 0xAA, 0x08, 0xAA, 0x08, 0xA9, 0x08, 0xA9, 0x08, 0x89, 0x08, 0x89, 0x08, 0x89, 0x08, 0x89,
    0x08, 0x89, 0x08, 0x89, 0x08, 0x89, 0x08, 0x89, 0x08, 0x89, 0x08, 0x89, 0x08, 0x89, 0x08, 0x89,
    0x08, 0x89, 0x08, 0x89, 0x08, 0xA9, 0x08, 0xAA, 0x08, 0xAA, 0x08, 0xAA, 0x08, 0xAA, 0x08, 0xCB,
    0x10, 0xEC, 0x11, 0x0D, 0x11, 0x4F, 0x19, 0x91, 0x19, 0xD4, 0x5C, 0x3D, 0x9E, 0x3F, 0x32, 0x33,
    0x10, 0xCA, 0x10, 0xA9, 0x10, 0x67, 0x08, 0x25, 0x08, 0x04, 0x08, 0x04, 0x08, 0x04, 0x08, 0x04,
    0x08, 0x04, 0x08, 0x04, 0x08, 0x04, 0x08, 0x24, 0x10, 0x45, 0x10, 0x87, 0x19, 0x09, 0x19, 0x2A,
    0x42, 0xF3, 0xB7, 0xBF, 0x6D, 0x5D, 0x22, 0x74, 0x22, 0x12, 0x19, 0xAF, 0x11, 0x4D, 0x11, 0x0C,
    0x10, 0xEB, 0x10, 0xCB, 0x10, 0xCA, 0x08, 0xCA, 0x08, 0xCA, 0x08, 0xAA, 0x08, 0xAA, 0x08, 0xCA,
    0x10, 0xCA, 0x10, 0xCA, 0x10, 0xEB, 0x11, 0x0C, 0x11, 0x4D, 0x19, 0x8F, 0x22, 0x12, 0x22, 0x54,
    0x4C, 0x1C, 0xAF, 0x7F, 0x64, 0x9A, 0x21, 0xF0, 0x21, 0xF0, 0x32, 0x94, 0x9E, 0xBF, 0x85, 0xFF,
    0x2A, 0x97, 0x22, 0x13, 0x19, 0xB1, 0x11, 0x4E, 0x11, 0x0C, 0x10, 0xEB, 0x10, 0xCB, 0x10, 0xCA,
    0x08, 0xAA, 0x08, 0xAA, 0x08, 0xAA, 0x08, 0xAA, 0x08, 0xAA, 0x08, 0xAA, 0x08, 0xAA, 0x08, 0xAA,
    0x08, 0xAA, 0x08, 0xAA, 0x08, 0xAA, 0x08, 0xAA, 0x08, 0xAA, 0x08, 0xAA, 0x08, 0xAA, 0x08, 0xAA,
    0x08, 0xAA, 0x08, 0xAA, 0x08, 0xAA, 0x08, 0xAA, 0x08, 0xAA, 0x08, 0xAA, 0x08, 0xCB, 0x08, 0xCB,
    0x10, 0xEC, 0x11, 0x0D, 0x11, 0x4F, 0x19, 0xB2, 0x19, 0xD4, 0x5C, 0x3D, 0x9E, 0x3F, 0x32, 0x33,
    0x10, 0xCA, 0x10, 0xA9, 0x10, 0x67, 0x08, 0x25, 0x08, 0x04, 0x08, 0x04, 0x08, 0x04, 0x08, 0x04,
    0x08, 0x04, 0x08, 0x04, 0x08, 0x04, 0x08, 0x24, 0x10, 0x45, 0x10, 0x87, 0x18, 0xE9, 0x19, 0x2A,
    0x42, 0xF3, 0xB7, 0x9F, 0x6D, 0x5D, 0x22, 0x74, 0x22, 0x32, 0x19, 0xB0, 0x19, 0x6E, 0x11, 0x2C,
    0x10, 0xEB, 0x10, 0xEB, 0x10, 0xEB, 0x10, 0xCB, 0x10, 0xCA, 0x10, 0xCA, 0x10, 0xCA, 0x10, 0xCB,
    0x10, 0xCB, 0x10, 0xEB, 0x10, 0xEB, 0x11, 0x0C, 0x11, 0x4E, 0x19, 0xB0, 0x22, 0x12, 0x22, 0x55,
    0x4C, 0x1C, 0xAF, 0x7F, 0x64, 0x9A, 0x21, 0xD0, 0x21, 0xF0, 0x32, 0x94, 0x9E, 0xBF, 0x85, 0xFF,
    0x2A, 0xB8, 0x22, 0x33, 0x19, 0xD1, 0x11, 0x6F, 0x11, 0x2D, 0x10, 0xEC, 0x10, 0xCB, 0x10, 0xCB,
    0x10, 0xCB, 0x08, 0xCA, 0x08, 0xAA, 0x08, 0xAA, 0x08, 0xAA, 0x08, 0xAA, 0x08, 0xAA, 0x08, 0xAA,
    0x08, 0xAA, 0x08, 0xAA, 0x08, 0xAA, 0x08, 0xAA, 0x08, 0xAA, 0x08, 0xAA, 0x08, 0xAA, 0x08, 0xAA,
    0x08, 0xAA, 0x08, 0xAA, 0x08, 0xAA, 0x08, 0xAA, 0x08, 0xCB, 0x08, 0xCB, 0x10, 0xCB, 0x10, 0xCB,
    0x10, 0xEC, 0x11, 0x0E, 0x11, 0x50, 0x19, 0xB2, 0x19, 0xD4, 0x5C, 0x3D, 0x9E, 0x3F, 0x32, 0x33,
    0x10, 0xCA, 0x10, 0xA9, 0x10, 0x67, 0x08, 0x25, 0x08, 0x04, 0x08, 0x04, 0x08, 0x04, 0x08, 0x04,
    0x08, 0x04, 0x08, 0x04, 0x08, 0x04, 0x08, 0x24, 0x10, 0x45, 0x10, 0x87, 0x18, 0xE9, 0x19, 0x2A,
    0x42, 0xF3, 0xB7, 0xBF, 0x75, 0x7E, 0x22, 0x95, 0x22, 0x53, 0x19, 0xF1, 0x19, 0x8F, 0x11, 0x4D,
    0x11, 0x2C, 0x11, 0x0C, 0x11, 0x0C, 0x10, 0xEB, 0x10, 0xEB, 0x10, 0xEB, 0x10, 0xEB, 0x10, 0xEB,
    0x11, 0x0C, 0x11, 0x0C, 0x11, 0x0C, 0x11, 0x4D, 0x19, 0x6F, 0x19, 0xD1, 0x22, 0x33, 0x22, 0x75,
    0x4C, 0x3D, 0xAF, 0x7F, 0x64, 0x9B, 0x21, 0xF0, 0x21, 0xF0, 0x32, 0x94, 0x9E, 0xBF, 0x85, 0xFF,
    0x2A, 0xB8, 0x22, 0x34, 0x19, 0xD2, 0x19, 0x90, 0x11, 0x4E, 0x11, 0x0D, 0x11, 0x0C, 0x10, 0xEC,
    0x10, 0xEC, 0x10, 0xEB, 0x10, 0xEB, 0x10, 0xCB, 0x10, 0xCB, 0x10, 0xCB, 0x10, 0xCB, 0x10, 0xCB,
    0x10, 0xCB, 0x10, 0xCB, 0x10, 0xCB, 0x10, 0xCB, 0x10, 0xCB, 0x10, 0xCB, 0x10, 0xCB, 0x10, 0xCB,
    0x10, 0xCB, 0x10, 0xCB, 0x10, 0xCB, 0x10, 0xCB, 0x10, 0xEB, 0x10, 0xEC, 0x10, 0xEC, 0x10, 0xEC,
    0x11, 0x0D, 0x11, 0x2F, 0x19, 0x70, 0x19, 0xB3, 0x19, 0xD5, 0x5C, 0x5E, 0x9E, 0x3F, 0x32, 0x33,
    0x10, 0xCA, 0x10, 0xA9, 0x10, 0x67, 0x08, 0x25, 0x08, 0x04, 0x08, 0x04, 0x08, 0x04, 0x08, 0x04,
    0x08, 0x04, 0x08, 0x04, 0x08, 0x04, 0x08, 0x24, 0x10, 0x45, 0x10, 0x87, 0x19, 0x09, 0x19, 0x2A,
    0x43, 0x14, 0xB7, 0xBF, 0x75, 0x7E, 0x2A, 0xB6, 0x2A, 0x74, 0x22, 0x12, 0x19, 0xD0, 0x19, 0x8F,
    0x19, 0x6E, 0x11, 0x4D, 0x11, 0x4D, 0x11, 0x4D, 0x11, 0x2D, 0x11, 0x2D, 0x11, 0x2D, 0x11, 0x4D,
    0x11, 0x4D, 0x11, 0x4D, 0x11, 0x4E, 0x19, 0x6F, 0x19, 0xB0, 0x21, 0xF2, 0x22, 0x54, 0x22, 0x96,
    0x54, 0x5D, 0xAF, 0x7F, 0x64, 0x9B, 0x21, 0xF0, 0x21, 0xF0, 0x32, 0x94, 0x9E, 0xBF, 0x85, 0xFF,
    0x2A, 0xD9, 0x22, 0x55, 0x22, 0x13, 0x19, 0xB1, 0x19, 0x6F, 0x11, 0x4E, 0x11, 0x2E, 0x11, 0x2D,
    0x11, 0x2D, 0x11, 0x2D, 0x11, 0x0D, 0x11, 0x0D, 0x11, 0x0D, 0x11, 0x0D, 0x11, 0x0D, 0x11, 0x0D,
    0x11, 0x0D, 0x11, 0x0D, 0x11, 0x0D, 0x11, 0x0D, 0x11, 0x0D, 0x11, 0x0D, 0x11, 0x0D, 0x11, 0x0D,
    0x11, 0x0D, 0x11, 0x0D, 0x11, 0x0D, 0x11, 0x0D, 0x11, 0x0D, 0x11, 0x0D, 0x11, 0x0D, 0x11, 0x2E,
    0x11, 0x2F, 0x19, 0x70, 0x19, 0x92, 0x19, 0xD4, 0x19, 0xF6, 0x64, 0x5E, 0x9E, 0x3F, 0x32, 0x34,
    0x10, 0xCA, 0x10, 0xA9, 0x10, 0x67, 0x08, 0x25, 0x08, 0x04, 0x08, 0x04, 0x08, 0x04, 0x08, 0x04,
    0x08, 0x04, 0x08, 0x04, 0x08, 0x04, 0x08, 0x24, 0x10, 0x45, 0x10, 0x87, 0x19, 0x09, 0x19, 0x2A,
    0x43, 0x14, 0xB7, 0xBF, 0x75, 0x9E, 0x2A, 0xF7, 0x2A, 0xB5, 0x22, 0x73, 0x22, 0x12, 0x19, 0xF1,
    0x19, 0xD0, 0x19, 0xB0, 0x19, 0xAF, 0x19, 0x8F, 0x19, 0x8F, 0x19, 0x8F, 0x19, 0x8F, 0x19, 0x8F,
    0x19, 0x8F, 0x19, 0xB0, 0x19, 0xB0, 0x19, 0xD1, 0x22, 0x12, 0x22, 0x54, 0x2A, 0x96, 0x2A, 0xD8,
    0x54, 0x7D, 0xAF, 0x9F, 0x64, 0xBB, 0x21, 0xF1, 0x21, 0xF0, 0x32, 0x95, 0x9E, 0xDF, 0x86, 0x1F,
    0x2B, 0x1A, 0x2A, 0x96, 0x22, 0x55, 0x21, 0xF3, 0x19, 0xD1, 0x19, 0x90, 0x19, 0x90, 0x19, 0x6F,
    0x19, 0x6F, 0x19, 0x6F, 0x19, 0x6F, 0x19, 0x6F, 0x11, 0x4F, 0x11, 0x4F, 0x11, 0x4F, 0x11, 0x4F,
    0x11, 0x4F, 0x11, 0x4F, 0x11, 0x4F, 0x11, 0x4F, 0x11, 0x4F, 0x11, 0x4F, 0x11, 0x4F, 0x11, 0x4F,
    0x11, 0x4F, 0x11, 0x4F, 0x11, 0x4F, 0x11, 0x4F, 0x11, 0x4F, 0x11, 0x4F, 0x11, 0x4F, 0x11, 0x70,
    0x19, 0x71, 0x19, 0xB2, 0x19, 0xD3, 0x22, 0x15, 0x1A, 0x17, 0x64, 0x7E, 0x9E, 0x5F, 0x32, 0x54,
    0x10, 0xCA, 0x10, 0xA9, 0x10, 0x67, 0x08, 0x25, 0x08, 0x04, 0x08, 0x04, 0x08, 0x04, 0x08, 0x04,
    0x08, 0x04, 0x08, 0x04, 0x08, 0x04, 0x08, 0x24, 0x10, 0x45, 0x10, 0x87, 0x18, 0xE9, 0x19, 0x2A,
    0x43, 0x14, 0xB7, 0xBF, 0x75, 0xBF, 0x2B, 0x39, 0x33, 0x17, 0x2A, 0xD6, 0x2A, 0x94, 0x22, 0x53,
    0x22, 0x33, 0x22, 0x32, 0x22, 0x32, 0x22, 0x12, 0x22, 0x12, 0x22, 0x12, 0x22, 0x12, 0x22, 0x12,
    0x22, 0x12, 0x22, 0x12, 0x22, 0x33, 0x22, 0x33, 0x22, 0x74, 0x2A, 0xB6, 0x2A, 0xF8, 0x2B, 0x19,
    0x54, 0x9E, 0xAF, 0x9F, 0x6C, 0xBB, 0x21, 0xF1, 0x21, 0xF0, 0x32, 0x95, 0x9E, 0xDF, 0x86, 0x3F,
    0x33, 0x3B, 0x2A, 0xD8, 0x2A, 0x96, 0x22, 0x55, 0x22, 0x34, 0x21, 0xF3, 0x21, 0xF2, 0x19, 0xF2,
    0x19, 0xD2, 0x19, 0xD2, 0x19, 0xD2, 0x19, 0xD2, 0x19, 0xD2, 0x19, 0xD2, 0x19, 0xB2, 0x19, 0xB2,
    0x19, 0xB2, 0x19, 0xB2, 0x19, 0xB2, 0x19, 0xB2, 0x19, 0xB2, 0x19, 0xB2, 0x19, 0xB2, 0x19, 0xB2,
    0x19, 0xB2, 0x19, 0xB2, 0x19, 0xB2, 0x19, 0xB2, 0x19, 0xB2, 0x19, 0xB2, 0x19, 0xB2, 0x19, 0xB2,
    0x19, 0xD3, 0x19, 0xF4, 0x22, 0x15, 0x22, 0x57, 0x22, 0x59, 0x64, 0x7E, 0x9E, 0x5F, 0x32, 0x54,
    0x10, 0xCA, 0x10, 0xA9, 0x10, 0x67, 0x08, 0x25, 0x08, 0x04, 0x08, 0x04, 0x08, 0x04, 0x08, 0x04,
    0x08, 0x04, 0x08, 0x04, 0x08, 0x04, 0x08, 0x24, 0x10, 0x45, 0x10, 0x86, 0x18, 0xE9, 0x19, 0x2A,
    0x43, 0x14, 0xB7, 0xBF, 0x75, 0xDF, 0x2B, 0x3A, 0x33, 0x39, 0x2A, 0xF8, 0x2A, 0xD7, 0x2A, 0xB6,
    0x22, 0x95, 0x22, 0x95, 0x22, 0x75, 0x22, 0x75, 0x22, 0x75, 0x22, 0x75, 0x22, 0x75, 0x22, 0x75,
    0x22, 0x75, 0x22, 0x75, 0x22, 0x76, 0x22, 0x96, 0x2A, 0xB7, 0x2A, 0xD8, 0x2B, 0x1A, 0x2B, 0x3B,
    0x54, 0x9F, 0xAF, 0x9F, 0x64, 0xBB, 0x21, 0xD0, 0x21, 0xF0, 0x32, 0x94, 0x9E, 0xDF, 0x86, 0x3F,
    0x2B, 0x5D, 0x2A, 0xFA, 0x2A, 0xD9, 0x22, 0x97, 0x22, 0x76, 0x22, 0x55, 0x22, 0x35, 0x22, 0x35,
    0x22, 0x15, 0x1A, 0x15, 0x1A, 0x14, 0x1A, 0x14, 0x1A, 0x14, 0x1A, 0x14, 0x1A, 0x14, 0x1A, 0x14,
    0x1A, 0x14, 0x19, 0xF4, 0x19, 0xF4, 0x19, 0xF4, 0x19, 0xF4, 0x19, 0xF4, 0x19, 0xF4, 0x19, 0xF4,
    0x19, 0xF4, 0x19, 0xF4, 0x19, 0xF4, 0x19, 0xF5, 0x19, 0xF5, 0x19, 0xF5, 0x19, 0xF5, 0x19, 0xF5,
    0x19, 0xF6, 0x1A, 0x17, 0x22, 0x38, 0x22, 0x59, 0x1A, 0x5A, 0x64, 0x9F, 0x9E, 0x5F, 0x32, 0x54,
    0x10, 0xCA, 0x10, 0xA9, 0x10, 0x46, 0x08, 0x25, 0x08, 0x04, 0x08, 0x04, 0x08, 0x04, 0x08, 0x04,
    0x08, 0x04, 0x08, 0x04, 0x08, 0x04, 0x08, 0x24, 0x10, 0x45, 0x10, 0x86, 0x18, 0xE8, 0x19, 0x0A,
    0x43, 0x14, 0xB7, 0xBF, 0x8E, 0xBF, 0x54, 0xFE, 0x5C, 0xFE, 0x54, 0xDE, 0x54, 0xBD, 0x54, 0x9D,
    0x54, 0x7D, 0x54, 0x7D, 0x54, 0x5D, 0x54, 0x5D, 0x54, 0x5C, 0x54, 0x5C, 0x54, 0x5C, 0x54, 0x5D,
    0x54, 0x5D, 0x54, 0x5D, 0x54, 0x5D, 0x54, 0x5D, 0x54, 0x7D, 0x54, 0x9E, 0x54, 0xBE, 0x54, 0xBF,
    0x75, 0xBF, 0xB7, 0xBF, 0x64, 0x9B, 0x21, 0xD0, 0x21, 0xCF, 0x32, 0x74, 0x9E, 0xBF, 0x96, 0xDF,
    0x54, 0xBF, 0x54, 0x7E, 0x54, 0x5E, 0x4C, 0x3D, 0x4C, 0x1D, 0x4B, 0xFD, 0x4B, 0xFD, 0x4B, 0xFC,
    0x4B, 0xDC, 0x4B, 0xDC, 0x4B, 0xDC, 0x4B, 0xDC, 0x4B, 0xBC, 0x4B, 0xBC, 0x4B, 0xBC, 0x4B, 0xBC,
    0x4B, 0xBC, 0x4B, 0xBC, 0x43, 0xBC, 0x43, 0xBC, 0x43, 0x9C, 0x43, 0x9C, 0x43, 0x9C, 0x43, 0x9C,
    0x43, 0x9C, 0x43, 0x9C, 0x43, 0x9C, 0x43, 0x9C, 0x43, 0x9C, 0x43, 0x9C, 0x43, 0x9D, 0x43, 0x9D,
    0x43, 0x9D, 0x43, 0xBD, 0x43, 0xBE, 0x4B, 0xDE, 0x43, 0xBE, 0x75, 0x5F, 0x9E, 0x5F, 0x32, 0x34,
    0x10, 0xAA, 0x10, 0x88, 0x10, 0x46, 0x08, 0x25, 0x08, 0x04, 0x08, 0x04, 0x08, 0x04, 0x08, 0x04,
    0x08, 0x04, 0x08, 0x04, 0x08, 0x04, 0x08, 0x04, 0x08, 0x25, 0x10, 0x66, 0x18, 0xC8, 0x19, 0x09,
    0x42, 0xF3, 0xB7, 0xBF, 0xBF, 0xFF, 0xBF, 0xFF, 0xBF, 0xFF, 0xB7, 0xFF, 0xB7, 0xFF, 0xB7, 0xDF,
    0xB7, 0xDF, 0xB7, 0xDF, 0xB7, 0xDF, 0xB7, 0xDF, 0xB7, 0xDF, 0xB7, 0xDF, 0xB7, 0xDF, 0xB7, 0xBF,
    0xB7, 0xBF, 0xB7, 0xBF, 0xAF, 0x9F, 0xB7, 0xBF, 0xB7, 0xDF, 0xB7, 0xBF, 0xB7, 0xDF, 0xB7, 0xDF,
    0xB7, 0xDF, 0xBF, 0xFF, 0x64, 0x7B, 0x21, 0x8F, 0x21, 0xAE, 0x32, 0x53, 0x9E, 0x9F, 0xBF, 0xFF,
    0xAF, 0x7F, 0xAF, 0x7F, 0xAF, 0x5F, 0xAF, 0x5F, 0xAF, 0x3F, 0xAF, 0x3F, 0xA7, 0x1F, 0xA7, 0x1F,
    0xA7, 0x1F, 0xA7, 0x1F, 0xA7, 0x1F, 0xA6, 0xFF, 0xA6, 0xFF, 0xA6, 0xFF, 0xA6, 0xFF, 0xA6, 0xFF,
    0xA6, 0xFF, 0xA6, 0xDF, 0xA6, 0xDF, 0xA6, 0xDF, 0xA6, 0xDF, 0xA6, 0xBF, 0xA6, 0xBF, 0xA6, 0xBF,
    0xA6, 0xBF, 0xA6, 0xBF, 0xA6, 0xBF, 0xA6, 0xBF, 0xA6, 0xBF, 0xA6, 0x9F, 0x9E, 0x9F, 0x9E, 0x9F,
    0x9E, 0x9F, 0x9E, 0x9F, 0x9E, 0x9F, 0xA6, 0x9F, 0x9E, 0x9F, 0xA6, 0xDF, 0x9E, 0x3F, 0x32, 0x33,
    0x10, 0xA9, 0x10, 0x88, 0x10, 0x46, 0x08, 0x25, 0x08, 0x04, 0x08, 0x04, 0x08, 0x04, 0x08, 0x04,
    0x08, 0x04, 0x08, 0x04, 0x08, 0x04, 0x08, 0x04, 0x08, 0x25, 0x10, 0x66, 0x10, 0xC8, 0x19, 0x09,
    0x32, 0x2F, 0x64, 0x9A, 0x6D, 0x1B, 0x75, 0x7C, 0x7D, 0x9D, 0x75, 0x3C, 0x75, 0x3C, 0x75, 0x1C,
    0x6D, 0x1B, 0x75, 0x3C, 0x7D, 0x7C, 0x75, 0x3C, 0x6D, 0x1C, 0x75, 0x7C, 0x75, 0x3C, 0x6C, 0xFC,
    0x75, 0x5C, 0x75, 0x5C, 0x6C, 0xFC, 0x75, 0x3C, 0x75, 0x5D, 0x6C, 0xFC, 0x75, 0x1C, 0x75, 0x5D,
    0x6C, 0xDC, 0x64, 0x9B, 0x42, 0xF5, 0x21, 0x8E, 0x21, 0x8E, 0x29, 0xF0, 0x53, 0xB9, 0x64, 0x9B,
    0x64, 0x9B, 0x6C, 0xBC, 0x64, 0xBC, 0x64, 0x9C, 0x64, 0x9C, 0x64, 0x9B, 0x64, 0x7B, 0x64, 0x7B,
    0x64, 0x7B, 0x64, 0x7B, 0x64, 0x7B, 0x64, 0x7B, 0x64, 0x7B, 0x64, 0x5B, 0x64, 0x5B, 0x64, 0x5B,
    0x64, 0x5B, 0x64, 0x5B, 0x64, 0x5B, 0x64, 0x3B, 0x64, 0x3B, 0x64, 0x3B, 0x64, 0x3B, 0x64, 0x3B,
    0x64, 0x3B, 0x64, 0x3B, 0x64, 0x3B, 0x64, 0x1B, 0x64, 0x1B, 0x64, 0x1B, 0x5C, 0x1B, 0x5C, 0x1B,
    0x5C, 0x1C, 0x5C, 0x1C, 0x5C, 0x1C, 0x5C, 0x1C, 0x5B, 0xFB, 0x5B, 0xDB, 0x53, 0x79, 0x21, 0x8F,
    0x10, 0xA9, 0x10, 0x88, 0x10, 0x46, 0x08, 0x25, 0x08, 0x04, 0x08, 0x04, 0x08, 0x04, 0x08, 0x04,
    0x08, 0x04, 0x08, 0x04, 0x08, 0x04, 0x08, 0x04, 0x08, 0x25, 0x10, 0x66, 0x10, 0xA7, 0x19, 0x0A,
    0x21, 0x6C, 0x21, 0xCE, 0x2A, 0x10, 0x2A, 0x52, 0x2A, 0x72, 0x2A, 0x72, 0x2A, 0x52, 0x2A, 0x52,
    0x2A, 0x52, 0x2A, 0x52, 0x2A, 0x52, 0x2A, 0x52, 0x2A, 0x52, 0x2A, 0x52, 0x2A, 0x32, 0x2A, 0x32,
    0x2A, 0x32, 0x2A, 0x32, 0x2A, 0x32, 0x2A, 0x32, 0x2A, 0x33, 0x2A, 0x32, 0x2A, 0x32, 0x2A, 0x12,
    0x21, 0xF1, 0x21, 0xD0, 0x21, 0xAE, 0x21, 0x8E, 0x21, 0x8D, 0x21, 0x8E, 0x21, 0xAF, 0x21, 0xD0,
    0x21, 0xF1, 0x21, 0xF2, 0x22, 0x12, 0x21, 0xF2, 0x21, 0xF2, 0x21, 0xF2, 0x21, 0xF2, 0x21, 0xF2,
    0x21, 0xF2, 0x21, 0xF2, 0x21, 0xD2, 0x21, 0xD2, 0x21, 0xD2, 0x21, 0xD2, 0x21, 0xD2, 0x21, 0xD2,
    0x21, 0xD2, 0x21, 0xD2, 0x21, 0xD2, 0x21, 0xD2, 0x21, 0xD2, 0x21, 0xD2, 0x21, 0xB2, 0x21, 0xB2,
    0x21, 0xB2, 0x21, 0xB2, 0x21, 0xB2, 0x21, 0xB2, 0x21, 0xB2, 0x21, 0xB2, 0x21, 0xB2, 0x21, 0xB2,
    0x21, 0xB2, 0x21, 0xB2, 0x21, 0xB2, 0x21, 0x92, 0x19, 0x91, 0x19, 0x70, 0x19, 0x2E, 0x18, 0xEC,
    0x10, 0xAA, 0x10, 0x67, 0x10, 0x46, 0x08, 0x25, 0x08, 0x04, 0x08, 0x04, 0x08, 0x04, 0x08, 0x04,
    0x08, 0x04, 0x08, 0x04, 0x08, 0x04, 0x08, 0x04, 0x08, 0x25, 0x10, 0x66, 0x10, 0xA7, 0x19, 0x0A,
    0x21, 0x6C, 0x21, 0xCE, 0x2A, 0x10, 0x2A, 0x52, 0x2A, 0x72, 0x2A, 0x72, 0x2A, 0x72, 0x2A, 0x52,
    0x2A, 0x52, 0x2A, 0x52, 0x2A, 0x52, 0x2A, 0x52, 0x2A, 0x32, 0x2A, 0x52, 0x2A, 0x32, 0x2A, 0x32,
    0x2A, 0x32, 0x2A, 0x32, 0x2A, 0x32, 0x2A, 0x32, 0x2A, 0x33, 0x2A, 0x33, 0x2A, 0x32, 0x2A, 0x32,
    0x21, 0xF1, 0x21, 0xD0, 0x21, 0xAE, 0x21, 0x8E, 0x21, 0x8D, 0x21, 0x8E, 0x21, 0xAF, 0x21, 0xD0,
    0x21, 0xF2, 0x22, 0x12, 0x22, 0x13, 0x22, 0x13, 0x21, 0xF2, 0x21, 0xF2, 0x21, 0xF2, 0x21, 0xF2,
    0x21, 0xF2, 0x21, 0xF2, 0x21, 0xF2, 0x21, 0xF2, 0x21, 0xD2, 0x21, 0xD2, 0x21, 0xD2, 0x21, 0xD2,
    0x21, 0xD2, 0x21, 0xD2, 0x21, 0xD2, 0x21, 0xD2, 0x21, 0xD2, 0x21, 0xD2, 0x21, 0xD2, 0x21, 0xD2,
    0x21, 0xB2, 0x21, 0xB2, 0x21, 0xB2, 0x21, 0xB2, 0x21, 0xB2, 0x21, 0xB2, 0x21, 0xB2, 0x21, 0xB2,
    0x21, 0xB2, 0x21, 0xB2, 0x21, 0xB2, 0x21, 0x92, 0x21, 0x92, 0x19, 0x71, 0x19, 0x2E, 0x18, 0xEC,
    0x10, 0xAA, 0x10, 0x67, 0x08, 0x46, 0x08, 0x25, 0x08, 0x04, 0x08, 0x04, 0x08, 0x04, 0x08, 0x04,
    0x08, 0x04, 0x08, 0x04, 0x08, 0x04, 0x08, 0x04, 0x08, 0x25, 0x10, 0x66, 0x10, 0xA8, 0x19, 0x09,
    0x32, 0x0F, 0x64, 0x9A, 0x6C, 0xFB, 0x75, 0x5C, 0x7D, 0x9D, 0x75, 0x3C, 0x75, 0x5C, 0x7D, 0x9D,
    0x75, 0x1C, 0x75, 0x1C, 0x7D, 0x7C, 0x75, 0x3C, 0x6C, 0xFC, 0x75, 0x5C, 0x75, 0x3C, 0x6C, 0xFC,
    0x75, 0x3C, 0x75, 0x3C, 0x6C, 0xDC, 0x6D, 0x1C, 0x75, 0x5D, 0x75, 0x1C, 0x75, 0x1C, 0x75, 0x5D,
    0x6C, 0xFC, 0x64, 0x9B, 0x42, 0xD5, 0x21, 0x8E, 0x21, 0x8E, 0x29, 0xF0, 0x5C, 0x1A, 0x6C, 0xBC,
    0x6C, 0xFC, 0x75, 0x3D, 0x75, 0x1D, 0x75, 0x1D, 0x74, 0xFD, 0x6C, 0x9C, 0x6C, 0xBC, 0x74, 0xFC,
    0x74, 0xFC, 0x74, 0xFC, 0x74, 0xDC, 0x74, 0xDC, 0x6C, 0xDC, 0x6C, 0xDC, 0x6C, 0xDC, 0x6C, 0xBC,
    0x6C, 0xBC, 0x6C, 0xBC, 0x6C, 0xBC, 0x6C, 0xBC, 0x6C, 0xBC, 0x6C, 0x7C, 0x64, 0x7C, 0x6C, 0x9C,
    0x6C, 0x9C, 0x6C, 0x9C, 0x6C, 0x9C, 0x6C, 0x9C, 0x6C, 0x7C, 0x6C, 0x7C, 0x6C, 0x7C, 0x6C, 0x7C,
    0x6C, 0x7D, 0x6C, 0x7D, 0x6C, 0x7D, 0x6C, 0x7D, 0x6C, 0x7C, 0x64, 0x5C, 0x5B, 0xBA, 0x21, 0x8F,
    0x10, 0xA9, 0x10, 0x88, 0x10, 0x46, 0x08, 0x25, 0x08, 0x04, 0x08, 0x04, 0x08, 0x04, 0x08, 0x04,
    0x08, 0x04, 0x08, 0x04, 0x08, 0x04, 0x08, 0x04, 0x08, 0x25, 0x10, 0x66, 0x10, 0xC8, 0x19, 0x09,
    0x42, 0xF3, 0xB7, 0xBF, 0xBF, 0xFF, 0xBF, 0xFF, 0xBF, 0xFF, 0xB7, 0xFF, 0xB7, 0xFF, 0xB7, 0xFF,
    0xB7, 0xDF, 0xB7, 0xDF, 0xB7, 0xDF, 0xB7, 0xBF, 0xB7, 0xBF, 0xB7, 0xDF, 0xB7, 0xBF, 0xAF, 0x9F,
    0xB7, 0xBF, 0xB7, 0xBF, 0xAF, 0x9F, 0xAF, 0x9F, 0xB7, 0xBF, 0xB7, 0xBF, 0xB7, 0xBF, 0xB7, 0xDF,
    0xB7, 0xDF, 0xBF, 0xFF, 0x64, 0x5B, 0x21, 0x8F, 0x21, 0xAE, 0x32, 0x53, 0x9E, 0x9F, 0xBF, 0xFF,
    0xAF, 0x7F, 0xAF, 0x7F, 0xAF, 0x5F, 0xAF, 0x5F, 0xAF, 0x5F, 0xAF, 0x1F, 0xAF, 0x1F, 0xAF, 0x1F,
    0xA6, 0xFF, 0xA6, 0xDF, 0xA6, 0xDF, 0xA6, 0xDF, 0xA6, 0xDF, 0xA6, 0xDF, 0xA6, 0xDF, 0xA6, 0xDF,
    0xA6, 0xDF, 0xA6, 0xBF, 0x9E, 0xBF, 0x9E, 0xBF, 0xA6, 0xDF, 0xA6, 0xDF, 0xA6, 0xBF, 0xA6, 0xDF,
    0x9E, 0x9F, 0x9E, 0x7F, 0x9E, 0x9F, 0xA6, 0x9F, 0xA6, 0x9F, 0xA6, 0x9F, 0x9E, 0x7F, 0x9E, 0x5F,
    0x9E, 0x5F, 0x9E, 0x7F, 0x9E, 0x7F, 0x9E, 0x7F, 0x9E, 0x7F, 0xA6, 0xDF, 0x9E, 0x3F, 0x32, 0x33,
    0x10, 0xA9, 0x10, 0x88, 0x10, 0x46, 0x08, 0x25, 0x08, 0x04, 0x08, 0x04, 0x08, 0x04, 0x08, 0x04,
    0x08, 0x04, 0x08, 0x04, 0x08, 0x04, 0x08, 0x24, 0x08, 0x45, 0x10, 0x86, 0x18, 0xE8, 0x19, 0x0A,
    0x42, 0xF4, 0xB7, 0x9F, 0x8E, 0x9F, 0x54, 0xDE, 0x5C, 0xDE, 0x54, 0xBE, 0x54, 0x9D, 0x54, 0x7D,
    0x54, 0x5D, 0x54, 0x5D, 0x54, 0x5D, 0x54, 0x5D, 0x54, 0x3C, 0x4C, 0x3C, 0x4C, 0x3C, 0x4C, 0x3D,
    0x4C, 0x3D, 0x4C, 0x3D, 0x54, 0x3D, 0x54, 0x5D, 0x54, 0x5D, 0x54, 0x7E, 0x54, 0x9E, 0x54, 0x9F,
    0x6D, 0x9F, 0xB7, 0x9F, 0x64, 0x7B, 0x21, 0xB0, 0x21, 0xAF, 0x32, 0x74, 0x9E, 0xBF, 0x96, 0xBF,
    0x54, 0x9F, 0x4C, 0x5E, 0x4C, 0x1E, 0x4B, 0xFD, 0x4B, 0xFD, 0x4B, 0xFD, 0x4B, 0xDD, 0x43, 0xBC,
    0x43, 0x7C, 0x3B, 0x5B, 0x3B, 0x5B, 0x3B, 0x5B, 0x3B, 0x5B, 0x3B, 0x5B, 0x3B, 0x5B, 0x3B, 0x5C,
    0x3B, 0x5C, 0x3B, 0x5B, 0x3B, 0x3B, 0x3B, 0x3B, 0x43, 0x7C, 0x43, 0x9C, 0x43, 0x9C, 0x43, 0x7C,
    0x3B, 0x3C, 0x3B, 0x1B, 0x3B, 0x3C, 0x43, 0x5C, 0x43, 0x5C, 0x43, 0x5C, 0x3B, 0x3C, 0x3B, 0x1C,
    0x3B, 0x3C, 0x3B, 0x3C, 0x3B, 0x5D, 0x3B, 0x5D, 0x3B, 0x5E, 0x6C, 0xFF, 0x9E, 0x3F, 0x32, 0x34,
    0x10, 0xAA, 0x10, 0x88, 0x10, 0x46, 0x08, 0x25, 0x08, 0x04, 0x08, 0x04, 0x08, 0x04, 0x08, 0x04,
    0x08, 0x04, 0x08, 0x04, 0x08, 0x04, 0x08, 0x24, 0x10, 0x45, 0x10, 0x86, 0x18, 0xE9, 0x19, 0x2A,
    0x42, 0xF4, 0xB7, 0x9F, 0x75, 0xBF, 0x2B, 0x3A, 0x2B, 0x39, 0x2A, 0xF8, 0x2A, 0xB7, 0x22, 0x96,
    0x22, 0x75, 0x22, 0x75, 0x22, 0x75, 0x22, 0x75, 0x22, 0x55, 0x22, 0x55, 0x22, 0x55, 0x22, 0x55,
    0x22, 0x55, 0x22, 0x55, 0x22, 0x76, 0x22, 0x76, 0x22, 0x97, 0x2A, 0xD8, 0x2A, 0xFA, 0x2B, 0x1B,
    0x54, 0x7F, 0xAF, 0x7F, 0x64, 0x9B, 0x21, 0xD0, 0x21, 0xD0, 0x32, 0x74, 0x9E, 0xBF, 0x86, 0x1F,
    0x2B, 0x3D, 0x2A, 0xDA, 0x2A, 0xB9, 0x22, 0x77, 0x22, 0x56, 0x22, 0x36, 0x1A, 0x15, 0x1A, 0x15,
    0x1A, 0x14, 0x1A, 0x14, 0x19, 0xF4, 0x19, 0xF4, 0x19, 0xF4, 0x19, 0xF4, 0x19, 0xF4, 0x19, 0xF4,
    0x19, 0xF4, 0x19, 0xF4, 0x19, 0xF4, 0x19, 0xF4, 0x19, 0xF4, 0x19, 0xD4, 0x19, 0xD4, 0x19, 0xD4,
    0x19, 0xD4, 0x19, 0xD4, 0x19, 0xD4, 0x19, 0xD4, 0x19, 0xD4, 0x19, 0xD5, 0x19, 0xD5, 0x19, 0xD5,
    0x19, 0xF5, 0x19, 0xF6, 0x1A, 0x17, 0x22, 0x38, 0x1A, 0x3A, 0x5C, 0x5F, 0x9E, 0x1F, 0x32, 0x34,
    0x10, 0xAA, 0x10, 0x89, 0x10, 0x46, 0x08, 0x25, 0x08, 0x04, 0x08, 0x04, 0x08, 0x04, 0x08, 0x04,
    0x08, 0x04, 0x08, 0x04, 0x08, 0x04, 0x08, 0x24, 0x10, 0x45, 0x10, 0x87, 0x18, 0xE9, 0x19, 0x2A,
    0x42, 0xF4, 0xB7, 0x9F, 0x75, 0x9F, 0x2B, 0x19, 0x2A, 0xF7, 0x2A, 0xB6, 0x22, 0x74, 0x22, 0x53,
    0x22, 0x33, 0x22, 0x12, 0x22, 0x12, 0x22, 0x12, 0x22, 0x12, 0x22, 0x12, 0x22, 0x12, 0x22, 0x12,
    0x22, 0x12, 0x22, 0x12, 0x22, 0x13, 0x22, 0x33, 0x22, 0x54, 0x2A, 0x96, 0x2A, 0xD8, 0x2A, 0xF9,
    0x54, 0x7E, 0xAF, 0x7F, 0x64, 0x9B, 0x21, 0xD1, 0x21, 0xD0, 0x32, 0x75, 0x9E, 0x9F, 0x86, 0x1F,
    0x2B, 0x1B, 0x2A, 0xB8, 0x22, 0x77, 0x22, 0x55, 0x22, 0x14, 0x21, 0xF3, 0x19, 0xD2, 0x19, 0xD2,
    0x19, 0xD2, 0x19, 0xD2, 0x19, 0xB2, 0x19, 0xB1, 0x19, 0xB1, 0x19, 0xB1, 0x19, 0xB1, 0x19, 0xB1,
    0x19, 0xB1, 0x19, 0xB1, 0x19, 0xB2, 0x19, 0xB2, 0x19, 0xB2, 0x19, 0xB2, 0x19, 0xB2, 0x19, 0xB2,
    0x19, 0x92, 0x19, 0x92, 0x19, 0x92, 0x19, 0x92, 0x19, 0xB2, 0x19, 0xB2, 0x19, 0xB2, 0x19, 0xB2,
    0x19, 0xB3, 0x19, 0xD4, 0x19, 0xF5, 0x22, 0x37, 0x22, 0x38, 0x64, 0x5E, 0x9E, 0x1F, 0x32, 0x34,
    0x10, 0xAA, 0x10, 0xA9, 0x10, 0x47, 0x08, 0x25, 0x08, 0x04, 0x08, 0x04, 0x08, 0x04, 0x08, 0x04,
    0x08, 0x04, 0x08, 0x04, 0x08, 0x04, 0x08, 0x24, 0x10, 0x45, 0x10, 0x87, 0x18, 0xE9, 0x19, 0x2A,
    0x42, 0xF4, 0xB7, 0x9F, 0x75, 0x7E, 0x2A, 0xD7, 0x2A, 0x95, 0x22, 0x54, 0x22, 0x12, 0x19, 0xD1,
    0x19, 0xB0, 0x19, 0xB0, 0x19, 0x8F, 0x19, 0x8F, 0x19, 0x8F, 0x19, 0x8F, 0x19, 0x8F, 0x19, 0x8F,
    0x19, 0x8F, 0x19, 0x90, 0x19, 0xB0, 0x19, 0xB1, 0x19, 0xF2, 0x22, 0x34, 0x22, 0x76, 0x22, 0xB8,
    0x4C, 0x3D, 0xAF, 0x5F, 0x64, 0x7B, 0x21, 0xD1, 0x21, 0xF0, 0x32, 0x75, 0x9E, 0x9F, 0x85, 0xDF,
    0x2A, 0xDA, 0x22, 0x76, 0x22, 0x35, 0x19, 0xF3, 0x19, 0xB1, 0x19, 0x90, 0x19, 0x70, 0x19, 0x6F,
    0x19, 0x6F, 0x11, 0x4F, 0x11, 0x4F, 0x11, 0x4F, 0x11, 0x4F, 0x11, 0x4F, 0x11, 0x4F, 0x11, 0x4F,
    0x11, 0x4F, 0x11, 0x4F, 0x11, 0x4F, 0x11, 0x4F, 0x11, 0x4F, 0x11, 0x4F, 0x11, 0x4F, 0x11, 0x4F,
    0x11, 0x4F, 0x11, 0x2F, 0x11, 0x4F, 0x11, 0x4F, 0x11, 0x4F, 0x11, 0x4F, 0x11, 0x4F, 0x11, 0x50,
    0x19, 0x70, 0x19, 0x92, 0x19, 0xB3, 0x19, 0xF5, 0x19, 0xF7, 0x5C, 0x3E, 0x9E, 0x1F, 0x32, 0x34,
    0x10, 0xAA, 0x10, 0xA9, 0x10, 0x67, 0x08, 0x25, 0x08, 0x04, 0x08, 0x04, 0x08, 0x04, 0x08, 0x04,
    0x08, 0x04, 0x08, 0x04, 0x08, 0x04, 0x08, 0x24, 0x10, 0x45, 0x10, 0x87, 0x18, 0xE9, 0x19, 0x2A,
    0x42, 0xF4, 0xAF, 0x7F, 0x6D, 0x5E, 0x22, 0x96, 0x22, 0x54, 0x22, 0x12, 0x19, 0xB0, 0x19, 0x6F,
    0x19, 0x4E, 0x11, 0x4D, 0x11, 0x2D, 0x11, 0x2D, 0x11, 0x2D, 0x11, 0x2D, 0x11, 0x2D, 0x11, 0x2D,
    0x11, 0x2D, 0x11, 0x2D, 0x11, 0x4E, 0x19, 0x6F, 0x19, 0xB0, 0x19, 0xF2, 0x22, 0x54, 0x22, 0x76,
    0x4C, 0x1D, 0xAF, 0x3F, 0x64, 0x7B, 0x21, 0xD1, 0x21, 0xD0, 0x32, 0x74, 0x9E, 0x7F, 0x85, 0xBF,
    0x2A, 0xB9, 0x22, 0x55, 0x19, 0xF3, 0x19, 0xB1, 0x19, 0x6F, 0x11, 0x2E, 0x11, 0x2E, 0x11, 0x0D,
    0x11, 0x0D, 0x11, 0x0D, 0x11, 0x0D, 0x11, 0x0D, 0x10, 0xEC, 0x10, 0xEC, 0x11, 0x0D, 0x11, 0x0D,
    0x11, 0x0D, 0x11, 0x0D, 0x10, 0xED, 0x10, 0xED, 0x10, 0xED, 0x10, 0xED, 0x10, 0xED, 0x10, 0xED,
    0x10, 0xED, 0x10, 0xED, 0x10, 0xED, 0x10, 0xED, 0x11, 0x0D, 0x11, 0x0D, 0x11, 0x0D, 0x11, 0x0E,
    0x11, 0x2E, 0x11, 0x50, 0x19, 0x92, 0x19, 0xD4, 0x19, 0xD6, 0x5C, 0x1E, 0x95, 0xFF, 0x32, 0x14,
    0x10, 0xAA, 0x10, 0xA9, 0x10, 0x67, 0x08, 0x25, 0x08, 0x04, 0x08, 0x04, 0x08, 0x04, 0x08, 0x04,
    0x08, 0x04, 0x08, 0x04, 0x08, 0x04, 0x08, 0x24, 0x10, 0x45, 0x10, 0x87, 0x18, 0xE9, 0x19, 0x2A,
    0x42, 0xD3, 0xAF, 0x7F, 0x6D, 0x3E, 0x22, 0x75, 0x22, 0x33, 0x19, 0xD1, 0x19, 0x6F, 0x11, 0x4D,
    0x11, 0x0C, 0x11, 0x0C, 0x10, 0xEC, 0x10, 0xEC, 0x10, 0xEB, 0x10, 0xEB, 0x10, 0xEB, 0x10, 0xEB,
    0x10, 0xEC, 0x11, 0x0C, 0x11, 0x0C, 0x11, 0x2D, 0x19, 0x6F, 0x19, 0xB1, 0x22, 0x13, 0x22, 0x55,
    0x4B, 0xFD, 0xAF, 0x3F, 0x64, 0x7B, 0x21, 0xB0, 0x21, 0xD0, 0x32, 0x74, 0x9E, 0x7F, 0x7D, 0xBF,
    0x22, 0x98, 0x22, 0x14, 0x19, 0xD2, 0x19, 0x70, 0x11, 0x2E, 0x11, 0x0D, 0x10, 0xEC, 0x10, 0xEC,
    0x10, 0xEC, 0x10, 0xCB, 0x10, 0xCB, 0x10, 0xCB, 0x10, 0xCB, 0x10, 0xCB, 0x08, 0xCB, 0x08, 0xCB,
    0x08, 0xCB, 0x08, 0xCB, 0x08, 0xCB, 0x08, 0xCB, 0x08, 0xCB, 0x08, 0xCB, 0x08, 0xCB, 0x08, 0xCB,
    0x08, 0xCB, 0x08, 0xCB, 0x08, 0xCB, 0x10, 0xCB, 0x10, 0xCB, 0x10, 0xCC, 0x10, 0xEC, 0x10, 0xEC,
    0x11, 0x0D, 0x11, 0x2E, 0x11, 0x50, 0x19, 0xB3, 0x19, 0xB5, 0x5C, 0x1E, 0x95, 0xFF, 0x32, 0x13,
    0x10, 0xAA, 0x10, 0xA9, 0x10, 0x67, 0x08, 0x25, 0x08, 0x04, 0x08, 0x04, 0x08, 0x04, 0x08, 0x04,
    0x08, 0x04, 0x08, 0x04, 0x08, 0x04, 0x08, 0x24, 0x10, 0x45, 0x10, 0x87, 0x18, 0xE9, 0x19, 0x0A,
    0x3A, 0xD3, 0xAF, 0x5F, 0x6D, 0x1D, 0x22, 0x54, 0x22, 0x12, 0x19, 0xB0, 0x11, 0x4E, 0x11, 0x0C,
    0x10, 0xEB, 0x10, 0xEB, 0x10, 0xCB, 0x10, 0xCB, 0x10, 0xCA, 0x10, 0xCA, 0x10, 0xCA, 0x10, 0xCB,
    0x10, 0xCB, 0x10, 0xCB, 0x10, 0xEB, 0x11, 0x0C, 0x11, 0x4E, 0x19, 0x90, 0x21, 0xF2, 0x22, 0x35,
    0x4B, 0xFC, 0xA7, 0x1F, 0x64, 0x5A, 0x21, 0xB0, 0x21, 0xD0, 0x32, 0x74, 0x9E, 0x7F, 0x7D, 0x9F,
    0x22, 0x78, 0x22, 0x13, 0x19, 0xB1, 0x11, 0x4F, 0x11, 0x0D, 0x10, 0xEC, 0x10, 0xCB, 0x10, 0xCB,
    0x08, 0xCB, 0x08, 0xAA, 0x08, 0xAA, 0x08, 0xAA, 0x08, 0xAA, 0x08, 0xAA, 0x08, 0xAA, 0x08, 0xAA,
    0x08, 0xAA, 0x08, 0xAA, 0x08, 0xAA, 0x08, 0xAA, 0x08, 0xAA, 0x08, 0xAA, 0x08, 0xAA, 0x08, 0xAA,
    0x08, 0xAA, 0x08, 0xAA, 0x08, 0xAA, 0x08, 0xAA, 0x08, 0xAB, 0x08, 0xAB, 0x08, 0xCB, 0x10, 0xCB,
    0x10, 0xEC, 0x11, 0x0E, 0x11, 0x50, 0x19, 0x92, 0x19, 0xB4, 0x5C, 0x1D, 0x95, 0xFF, 0x32, 0x13,
    0x10, 0xAA, 0x10, 0x89, 0x10, 0x67, 0x08, 0x25, 0x08, 0x04, 0x08, 0x04, 0x08, 0x04, 0x08, 0x04,
    0x08, 0x04, 0x08, 0x04, 0x08, 0x04, 0x08, 0x24, 0x10, 0x45, 0x10, 0x87, 0x18, 0xE9, 0x19, 0x0A,
    0x3A, 0xD3, 0xAF, 0x5F, 0x6D, 0x1D, 0x22, 0x34, 0x21, 0xF2, 0x19, 0x8F, 0x11, 0x4D, 0x11, 0x0C,
    0x10, 0xEB, 0x10, 0xCB, 0x08, 0xCA, 0x08, 0xAA, 0x08, 0xAA, 0x08, 0xAA, 0x08, 0xAA, 0x08, 0xAA,
    0x08, 0xCA, 0x10, 0xCA, 0x10, 0xCB, 0x10, 0xEC, 0x11, 0x2D, 0x19, 0x8F, 0x19, 0xF2, 0x22, 0x34,
    0x4B, 0xDC, 0xA7, 0x1F, 0x64, 0x5A, 0x21, 0xB0, 0x21, 0xD0, 0x32, 0x54, 0x9E, 0x7F, 0x7D, 0x9F,
    0x22, 0x77, 0x19, 0xF3, 0x19, 0x91, 0x11, 0x4E, 0x11, 0x0C, 0x10, 0xCB, 0x10, 0xCB, 0x08, 0xCA,
    0x08, 0xAA, 0x08, 0xAA, 0x08, 0xAA, 0x08, 0xAA, 0x08, 0xA9, 0x08, 0xA9, 0x08, 0xA9, 0x08, 0xA9,
    0x08, 0xA9, 0x08, 0x89, 0x08, 0xA9, 0x08, 0xAA, 0x08, 0xAA, 0x08, 0xAA, 0x08, 0xAA, 0x08, 0xAA,
    0x08, 0xAA, 0x08, 0xAA, 0x08, 0xAA, 0x08, 0xAA, 0x08, 0xAA, 0x08, 0xAA, 0x08, 0xAA, 0x08, 0xCB,
    0x10, 0xCC, 0x11, 0x0D, 0x11, 0x2F, 0x19, 0x92, 0x19, 0xB4, 0x5B, 0xFD, 0x95, 0xFF, 0x32, 0x13,
    0x10, 0xAA, 0x10, 0x89, 0x10, 0x67, 0x08, 0x25, 0x08, 0x04, 0x08, 0x04, 0x08, 0x04, 0x08, 0x04,
    0x08, 0x04, 0x08, 0x04, 0x08, 0x04, 0x08, 0x24, 0x10, 0x45, 0x10, 0x87, 0x18, 0xE9, 0x19, 0x0A,
    0x3A, 0xD3, 0xAF, 0x5F, 0x6D, 0x1D, 0x22, 0x34, 0x21, 0xF2, 0x19, 0x8F, 0x11, 0x2D, 0x10, 0xEC,
    0x10, 0xCB, 0x08, 0xCA, 0x08, 0xAA, 0x08, 0xAA, 0x08, 0xAA, 0x08, 0xAA, 0x08, 0xAA, 0x08, 0xAA,
    0x08, 0xAA, 0x08, 0xCA, 0x10, 0xCB, 0x10, 0xEC, 0x11, 0x2D, 0x19, 0x6F, 0x19, 0xF2, 0x22, 0x14,
    0x4B, 0xDC, 0xA7, 0x1F, 0x64, 0x5A, 0x21, 0xB0, 0x21, 0xD0, 0x32, 0x54, 0x9E, 0x5F, 0x7D, 0x9F,
    0x22, 0x77, 0x19, 0xF3, 0x19, 0x90, 0x11, 0x2E, 0x10, 0xEC, 0x10, 0xCB, 0x08, 0xAA, 0x08, 0xAA,
    0x08, 0xAA, 0x08, 0xAA, 0x08, 0x89, 0x08, 0x89, 0x08, 0x89, 0x08, 0x89, 0x08, 0x89, 0x08, 0x89,
    0x08, 0x89, 0x08, 0x89, 0x08, 0x89, 0x08, 0x89, 0x08, 0x89, 0x08, 0x89, 0x08, 0x89, 0x08, 0x89,
    0x08, 0x89, 0x08, 0x89, 0x08, 0x89, 0x08, 0x89, 0x08, 0xAA, 0x08, 0xAA, 0x08, 0xAA, 0x08, 0xAB,
    0x10, 0xCC, 0x10, 0xED, 0x11, 0x2F, 0x19, 0x71, 0x11, 0x94, 0x5B, 0xFD, 0x95, 0xFF, 0x32, 0x13,
    0x10, 0xAA, 0x10, 0x89, 0x10, 0x47, 0x08, 0x25, 0x08, 0x04, 0x08, 0x04, 0x08, 0x04, 0x08, 0x04,
    0x08, 0x04, 0x08, 0x04, 0x08, 0x04, 0x08, 0x24, 0x10, 0x45, 0x10, 0x87, 0x18, 0xE9, 0x19, 0x0A,
    0x3A, 0xD3, 0xAF, 0x5F, 0x6D, 0x1D, 0x22, 0x34, 0x21, 0xF1, 0x19, 0x8F, 0x11, 0x2D, 0x10, 0xEC,
    0x10, 0xCB, 0x08, 0xAA, 0x08, 0xAA, 0x08, 0xAA, 0x08, 0xA9, 0x08, 0xA9, 0x08, 0xA9, 0x08, 0xAA,
    0x08, 0xAA, 0x08, 0xAA, 0x08, 0xCA, 0x10, 0xEB, 0x11, 0x2D, 0x19, 0x6F, 0x19, 0xD2, 0x1A, 0x14,
    0x4B, 0xDC, 0xA7, 0x1F, 0x64, 0x5A, 0x21, 0xB0, 0x21, 0xD0, 0x32, 0x54, 0x9E, 0x5F, 0x7D, 0x9F,
    0x22, 0x57, 0x19, 0xF3, 0x19, 0x90, 0x11, 0x2E, 0x10, 0xEC, 0x08, 0xCB, 0x08, 0xAA, 0x08, 0xAA,
    0x08, 0xAA, 0x08, 0xA9, 0x08, 0x89, 0x08, 0x89, 0x08, 0x89, 0x08, 0x89, 0x08, 0x89, 0x08, 0x89,
    0x08, 0x89, 0x08, 0x89, 0x08, 0x89, 0x08, 0x89, 0x08, 0x89, 0x08, 0x89, 0x08, 0x89, 0x08, 0x89,
    0x08, 0x89, 0x08, 0x89, 0x08, 0x89, 0x08, 0x89, 0x08, 0xA9, 0x08, 0xAA, 0x08, 0xAA, 0x08, 0xAA,
    0x10, 0xCB, 0x10, 0xED, 0x11, 0x2F, 0x19, 0x71, 0x11, 0x94, 0x5B, 0xFD, 0x95, 0xDF, 0x32, 0x13,
    0x10, 0xAA, 0x10, 0x89, 0x10, 0x47, 0x08, 0x25, 0x08, 0x04, 0x08, 0x04, 0x08, 0x04, 0x08, 0x04,
    0x08, 0x04, 0x08, 0x04, 0x08, 0x04, 0x08, 0x24, 0x10, 0x45, 0x10, 0x87, 0x18, 0xE9, 0x19, 0x0A,
    0x3A, 0xD3, 0xAF, 0x5F, 0x6D, 0x1D, 0x22, 0x34, 0x21, 0xF1, 0x19, 0x8F, 0x11, 0x2D, 0x10, 0xEB,
    0x10, 0xCA, 0x08, 0xAA, 0x08, 0xAA, 0x08, 0xA9, 0x08, 0xA9, 0x08, 0x89, 0x08, 0xA9, 0x08, 0xA9,
    0x08, 0xAA, 0x08, 0xAA, 0x08, 0xCA, 0x10, 0xEB, 0x11, 0x0D, 0x19, 0x6F, 0x19, 0xD2, 0x1A, 0x14,
    0x4B, 0xDC, 0xA7, 0x1F, 0x64, 0x5A, 0x21, 0xB0, 0x21, 0xD0, 0x32, 0x54, 0x9E, 0x5F, 0x7D, 0x9F,
    0x22, 0x57, 0x19, 0xF3, 0x19, 0x90, 0x11, 0x2E, 0x10, 0xEC, 0x08, 0xCB, 0x08, 0xAA, 0x08, 0xAA,
    0x08, 0xA9, 0x08, 0x89, 0x08, 0x89, 0x08, 0x89, 0x08, 0x89, 0x08, 0x89, 0x08, 0x89, 0x08, 0x89,
    0x08, 0x89, 0x08, 0x89, 0x08, 0x89, 0x08, 0x89, 0x08, 0x89, 0x08, 0x89, 0x08, 0x89, 0x08, 0x89,
    0x08, 0x89, 0x08, 0x89, 0x08, 0x89, 0x08, 0x89, 0x08, 0x89, 0x08, 0x8A, 0x08, 0xAA, 0x08, 0xAA,
    0x10, 0xCB, 0x10, 0xED, 0x11, 0x2F, 0x19, 0x71, 0x11, 0x94, 0x5B, 0xFD, 0x95, 0xDF, 0x32, 0x13,
    0x10, 0xAA, 0x10, 0x89, 0x10, 0x47, 0x08, 0x25, 0x08, 0x04, 0x08, 0x04, 0x08, 0x04, 0x08, 0x04,
    0x08, 0x04, 0x08, 0x04, 0x08, 0x04, 0x08, 0x24, 0x10, 0x45, 0x10, 0x87, 0x18, 0xE9, 0x19, 0x0A,
    0x3A, 0xD3, 0xAF, 0x3F, 0x6D, 0x1D, 0x22, 0x34, 0x21, 0xF1, 0x19, 0x8F, 0x11, 0x2D, 0x10, 0xEB,
    0x10, 0xCA, 0x08, 0xAA, 0x08, 0xAA, 0x08, 0xA9, 0x08, 0xA9, 0x08, 0x89, 0x08, 0xA9, 0x08, 0xA9,
    0x08, 0xA9, 0x08, 0xAA, 0x08, 0xCA, 0x10, 0xEB, 0x11, 0x0D, 0x19, 0x6F, 0x19, 0xD2, 0x1A, 0x14,
    0x4B, 0xBC, 0xA6, 0xFF, 0x64, 0x5A, 0x21, 0xB0, 0x21, 0xD0, 0x32, 0x54, 0x9E, 0x5F, 0x7D, 0x9F,
    0x22, 0x57, 0x19, 0xD2, 0x19, 0x70, 0x11, 0x2E, 0x10, 0xEC, 0x08, 0xAA, 0x08, 0xAA, 0x08, 0xAA,
    0x08, 0x89, 0x08, 0x89, 0x08, 0x89, 0x08, 0x89, 0x08, 0x88, 0x08, 0x88, 0x08, 0x88, 0x08, 0x88,
    0x08, 0x88, 0x08, 0x88, 0x08, 0x88, 0x08, 0x88, 0x08, 0x88, 0x08, 0x88, 0x08, 0x88, 0x08, 0x88,
    0x08, 0x89, 0x08, 0x89, 0x08, 0x89, 0x08, 0x89, 0x08, 0x89, 0x08, 0x89, 0x08, 0xAA, 0x08, 0xAA,
    0x08, 0xCB, 0x10, 0xED, 0x11, 0x2F, 0x19, 0x71, 0x11, 0x94, 0x5B, 0xFD, 0x95, 0xDF, 0x32, 0x13,
    0x10, 0xAA, 0x10, 0x89, 0x10, 0x47, 0x08, 0x25, 0x08, 0x04, 0x08, 0x04, 0x08, 0x04, 0x08, 0x04,
    0x08, 0x04, 0x08, 0x04, 0x08, 0x04, 0x08, 0x24, 0x10, 0x45, 0x10, 0x87, 0x18, 0xE9, 0x19, 0x0A,
    0x3A, 0xD3, 0xAF, 0x3F, 0x6C, 0xFD, 0x22, 0x34, 0x21, 0xF1, 0x19, 0x8F, 0x11, 0x2D, 0x10, 0xEC,
    0x10, 0xCB, 0x08, 0xAA, 0x08, 0xAA, 0x08, 0xAA, 0x08, 0xA9, 0x08, 0x89, 0x08, 0xA9, 0x08, 0xA9,
    0x08, 0xAA, 0x08, 0xAA, 0x08, 0xCA, 0x10, 0xEB, 0x11, 0x0D, 0x19, 0x6F, 0x19, 0xD2, 0x1A, 0x14,
    0x4B, 0xBC, 0xA6, 0xFF, 0x64, 0x5A, 0x21, 0xB0, 0x21, 0xD0, 0x32, 0x54, 0x9E, 0x5F, 0x7D, 0x7F,
    0x22, 0x57, 0x19, 0xD2, 0x19, 0x70, 0x11, 0x2D, 0x10, 0xEC, 0x08, 0xAA, 0x08, 0xAA, 0x08, 0xA9,
    0x08, 0x89, 0x08, 0x89, 0x08, 0x89, 0x08, 0x89, 0x08, 0x88, 0x08, 0x88, 0x08, 0x88, 0x08, 0x88,
    0x08, 0x88, 0x08, 0x88, 0x08, 0x88, 0x08, 0x88, 0x08, 0x88, 0x08, 0x88, 0x08, 0x88, 0x08, 0x88,
    0x08, 0x88, 0x08, 0x89, 0x08, 0x89, 0x08, 0x89, 0x08, 0x89, 0x08, 0x89, 0x08, 0x8A, 0x08, 0xAA,
    0x08, 0xCB, 0x10, 0xEC, 0x11, 0x2F, 0x19, 0x71, 0x11, 0x94, 0x5B, 0xFD, 0x95, 0xDF, 0x32, 0x13,
    0x10, 0xAA, 0x10, 0x89, 0x10, 0x47, 0x08, 0x25, 0x08, 0x04, 0x08, 0x04, 0x08, 0x04, 0x08, 0x04,
    0x08, 0x04, 0x08, 0x04, 0x08, 0x04, 0x08, 0x24, 0x10, 0x45, 0x10, 0x87, 0x18, 0xE9, 0x19, 0x0A,
    0x3A, 0xD3, 0xAF, 0x3F, 0x6C, 0xFD, 0x22, 0x34, 0x21, 0xF2, 0x19, 0x8F, 0x11, 0x2D, 0x10, 0xEC,
    0x10, 0xCB, 0x10, 0xCA, 0x08, 0xAA, 0x08, 0xAA, 0x08, 0xAA, 0x08, 0xA9, 0x08, 0xA9, 0x08, 0xAA,
    0x08, 0xAA, 0x08, 0xAA, 0x10, 0xCA, 0x10, 0xEB, 0x11, 0x0D, 0x19, 0x6F, 0x19, 0xD2, 0x1A, 0x14,
    0x4B, 0xBC, 0xA6, 0xFF, 0x64, 0x5A, 0x21, 0xB0, 0x21, 0xD0, 0x32, 0x54, 0x96, 0x5F, 0x7D, 0x7F,
    0x22, 0x57, 0x19, 0xD2, 0x19, 0x70, 0x11, 0x2D, 0x10, 0xEC, 0x08, 0xAA, 0x08, 0xAA, 0x08, 0x89,
    0x08, 0x89, 0x08, 0x89, 0x08, 0x89, 0x08, 0x88, 0x08, 0x88, 0x08, 0x88, 0x08, 0x88, 0x08, 0x88,
    0x08, 0x88, 0x08, 0x88, 0x08, 0x88, 0x08, 0x88, 0x08, 0x88, 0x08, 0x88, 0x08, 0x88, 0x08, 0x88,
    0x08, 0x88, 0x08, 0x88, 0x08, 0x89, 0x08, 0x89, 0x08, 0x89, 0x08, 0x89, 0x08, 0x89, 0x08, 0xAA,
    0x08, 0xCB, 0x10, 0xEC, 0x11, 0x2F, 0x19, 0x71, 0x11, 0x94, 0x5B, 0xFD, 0x95, 0xDF, 0x32, 0x13,
    0x10, 0xAA, 0x10, 0x89, 0x10, 0x47, 0x08, 0x25, 0x08, 0x04, 0x08, 0x04, 0x08, 0x04, 0x08, 0x04,
    0x08, 0x04, 0x08, 0x04, 0x08, 0x04, 0x08, 0x24, 0x10, 0x45, 0x10, 0x87, 0x18, 0xE9, 0x19, 0x0A,
    0x3A, 0xD3, 0xAF, 0x3F, 0x6C, 0xFD, 0x22, 0x34, 0x21, 0xF2, 0x19, 0x8F, 0x11, 0x4D, 0x11, 0x0C,
    0x10, 0xCB, 0x10, 0xCA, 0x08, 0xCA, 0x08, 0xAA, 0x08, 0xAA, 0x08, 0xAA, 0x08, 0xAA, 0x08, 0xAA,
    0x08, 0xAA, 0x08, 0xCA, 0x10, 0xCB, 0x10, 0xEB, 0x11, 0x2D, 0x19, 0x6F, 0x19, 0xD2, 0x1A, 0x14,
    0x43, 0xBC, 0xA6, 0xFF, 0x64, 0x3A, 0x21, 0xB0, 0x21, 0xD0, 0x32, 0x54, 0x96, 0x5F, 0x7D, 0x7F,
    0x22, 0x57, 0x19, 0xD2, 0x19, 0x70, 0x11, 0x2D, 0x10, 0xEC, 0x08, 0xAA, 0x08, 0xAA, 0x08, 0x89,
    0x08, 0x89, 0x08, 0x89, 0x08, 0x89, 0x08, 0x88, 0x08, 0x88, 0x08, 0x88, 0x08, 0x88, 0x08, 0x88,
    0x08, 0x88, 0x08, 0x88, 0x08, 0x88, 0x08, 0x88, 0x08, 0x88, 0x08, 0x88, 0x08, 0x88, 0x08, 0x88,
    0x08, 0x88, 0x08, 0x88, 0x08, 0x89, 0x08, 0x89, 0x08, 0x89, 0x08, 0x89, 0x08, 0x89, 0x08, 0xAA,
    0x08, 0xAB, 0x10, 0xEC, 0x11, 0x2F, 0x19, 0x71, 0x11, 0x94, 0x5B, 0xDD, 0x95, 0xBF, 0x32, 0x13,
    0x10, 0xAA, 0x10, 0x89, 0x10, 0x47, 0x08, 0x25, 0x08, 0x04, 0x08, 0x04, 0x08, 0x04, 0x08, 0x04,
    0x08, 0x04, 0x08, 0x04, 0x08, 0x04, 0x08, 0x24, 0x10, 0x45, 0x10, 0x87, 0x18, 0xE9, 0x19, 0x0A,
    0x3A, 0xD3, 0xAF, 0x3F, 0x6D, 0x1E, 0x22, 0x55, 0x22, 0x12, 0x19, 0xB0, 0x11, 0x4E, 0x11, 0x0C,
    0x10, 0xEB, 0x10, 0xCB, 0x10, 0xCB, 0x08, 0xCA, 0x08, 0xAA, 0x08, 0xAA, 0x08, 0xAA, 0x08, 0xAA,
    0x08, 0xAA, 0x08, 0xCA, 0x10, 0xCB, 0x10, 0xEC, 0x11, 0x2D, 0x19, 0x6F, 0x19, 0xD2, 0x1A, 0x14,
    0x43, 0xBC, 0xA6, 0xFF, 0x64, 0x3A, 0x21, 0xB0, 0x21, 0xB0, 0x32, 0x54, 0x96, 0x5F, 0x7D, 0x7F,
    0x22, 0x57, 0x19, 0xD2, 0x19, 0x70, 0x11, 0x2E, 0x10, 0xEC, 0x08, 0xAA, 0x08, 0xAA, 0x08, 0xA9,
    0x08, 0x89, 0x08, 0x89, 0x08, 0x89, 0x08, 0x88, 0x08, 0x88, 0x08, 0x88, 0x08, 0x88, 0x08, 0x88,
    0x08, 0x88, 0x08, 0x88, 0x08, 0x88, 0x08, 0x88, 0x08, 0x88, 0x08, 0x88, 0x08, 0x88, 0x08, 0x88,
    0x08, 0x88, 0x08, 0x88, 0x08, 0x89, 0x08, 0x89, 0x08, 0x89, 0x08, 0x89, 0x08, 0x89, 0x08, 0xAA,
    0x08, 0xAB, 0x10, 0xEC, 0x11, 0x2F, 0x19, 0x71, 0x11, 0x94, 0x5B, 0xDD, 0x95, 0xBF, 0x32, 0x13,
    0x10, 0xAA, 0x10, 0x89, 0x10, 0x47, 0x08, 0x25, 0x08, 0x04, 0x08, 0x04, 0x08, 0x04, 0x08, 0x04,
    0x08, 0x04, 0x08, 0x04, 0x08, 0x04, 0x08, 0x24, 0x10, 0x45, 0x10, 0x87, 0x18, 0xE9, 0x19, 0x0A,
    0x3A, 0xD4, 0xAF, 0x5F, 0x6D, 0x1E, 0x22, 0x56, 0x22, 0x33, 0x19, 0xD1, 0x19, 0x6F, 0x11, 0x4E,
    0x11, 0x0C, 0x10, 0xEC, 0x10, 0xEB, 0x10, 0xCB, 0x10, 0xCB, 0x10, 0xCB, 0x10, 0xCB, 0x10, 0xCA,
    0x10, 0xCB, 0x10, 0xCB, 0x10, 0xEB, 0x10, 0xEC, 0x11, 0x2D, 0x19, 0x6F, 0x19, 0xD2, 0x1A, 0x14,
    0x4B, 0xBC, 0xA6, 0xFF, 0x64, 0x3A, 0x21, 0xB0, 0x21, 0xB0, 0x32, 0x54, 0x96, 0x5F, 0x7D, 0x7F,
    0x22, 0x57, 0x19, 0xD3, 0x19, 0x70, 0x11, 0x2E, 0x10, 0xEC, 0x08, 0xCB, 0x08, 0xAA, 0x08, 0xAA,
    0x08, 0x89, 0x08, 0x89, 0x08, 0x89, 0x08, 0x89, 0x08, 0x88, 0x08, 0x88, 0x08, 0x88, 0x08, 0x88,
    0x08, 0x88, 0x08, 0x88, 0x08, 0x88, 0x08, 0x88, 0x08, 0x88, 0x08, 0x88, 0x08, 0x88, 0x08, 0x88,
    0x08, 0x88, 0x08, 0x88, 0x08, 0x89, 0x08, 0x89, 0x08, 0x89, 0x08, 0x89, 0x08, 0x89, 0x08, 0xAA,
    0x08, 0xAB, 0x10, 0xEC, 0x11, 0x2F, 0x11, 0x71, 0x11, 0x94, 0x5B, 0xDD, 0x95, 0xBF, 0x32, 0x13,
    0x10, 0xAA, 0x10, 0x89, 0x10, 0x47, 0x08, 0x25, 0x08, 0x04, 0x08, 0x04, 0x08, 0x04, 0x08, 0x04,
    0x08, 0x04, 0x08, 0x04, 0x08, 0x04, 0x08, 0x24, 0x10, 0x45, 0x10, 0x87, 0x18, 0xE9, 0x19, 0x0A,
    0x3A, 0xD4, 0xAF, 0x5F, 0x6D, 0x3E, 0x22, 0x97, 0x22, 0x74, 0x22, 0x12, 0x19, 0xB1, 0x19, 0x8F,
    0x11, 0x4E, 0x11, 0x2D, 0x11, 0x2D, 0x11, 0x0C, 0x11, 0x0C, 0x10, 0xEC, 0x10, 0xEB, 0x10, 0xEB,
    0x10, 0xEB, 0x10, 0xEB, 0x10, 0xEC, 0x11, 0x0C, 0x11, 0x2E, 0x19, 0x90, 0x19, 0xF2, 0x1A, 0x15,
    0x4B, 0xBC, 0xA6, 0xFF, 0x64, 0x3A, 0x21, 0xB0, 0x21, 0xB0, 0x32, 0x54, 0x96, 0x3F, 0x7D, 0x7F,
    0x22, 0x57, 0x19, 0xD3, 0x19, 0x70, 0x11, 0x2E, 0x10, 0xEC, 0x08, 0xCB, 0x08, 0xAA, 0x08, 0xAA,
    0x08, 0xA9, 0x08, 0x89, 0x08, 0x89, 0x08, 0x89, 0x08, 0x89, 0x08, 0x89, 0x08, 0x88, 0x08, 0x88,
    0x08, 0x88, 0x08, 0x88, 0x08, 0x88, 0x08, 0x88, 0x08, 0x88, 0x08, 0x88, 0x08, 0x88, 0x08, 0x88,
    0x08, 0x88, 0x08, 0x88, 0x08, 0x89, 0x08, 0x89, 0x08, 0x89, 0x08, 0x89, 0x08, 0x89, 0x08, 0xAA,
    0x08, 0xAB, 0x10, 0xEC, 0x11, 0x2F, 0x11, 0x71, 0x11, 0x94, 0x5B, 0xDD, 0x95, 0xBF, 0x32, 0x13,
    0x10, 0xAA, 0x10, 0x89, 0x10, 0x47, 0x08, 0x25, 0x08, 0x04, 0x08, 0x04, 0x08, 0x04, 0x08, 0x04,
    0x08, 0x04, 0x08, 0x04, 0x08, 0x04, 0x08, 0x24, 0x10, 0x45, 0x10, 0x87, 0x18, 0xE9, 0x19, 0x0A,
    0x3A, 0xD4, 0xAF, 0x5F, 0x6D, 0x5E, 0x2A, 0xB8, 0x2A, 0xB6, 0x22, 0x55, 0x22, 0x13, 0x19, 0xD1,
    0x19, 0xB0, 0x19, 0x8F, 0x19, 0x6F, 0x11, 0x4E, 0x11, 0x4E, 0x11, 0x2D, 0x11, 0x2D, 0x11, 0x0D,
    0x11, 0x0D, 0x11, 0x0D, 0x11, 0x0D, 0x11, 0x2D, 0x11, 0x4F, 0x19, 0x90, 0x21, 0xF3, 0x22, 0x35,
    0x4B, 0xDC, 0xA6, 0xFF, 0x64, 0x3B, 0x21, 0xB0, 0x21, 0xB0, 0x32, 0x54, 0x96, 0x3F, 0x7D, 0x7F,
    0x22, 0x57, 0x19, 0xD3, 0x19, 0x90, 0x11, 0x2E, 0x10, 0xEC, 0x08, 0xCB, 0x08, 0xAA, 0x08, 0xAA,
    0x08, 0xAA, 0x08, 0x89, 0x08, 0x89, 0x08, 0x89, 0x08, 0x89, 0x08, 0x89, 0x08, 0x89, 0x08, 0x89,
    0x08, 0x89, 0x08, 0x89, 0x08, 0x89, 0x08, 0x88, 0x08, 0x88, 0x08, 0x88, 0x08, 0x88, 0x08, 0x88,
    0x08, 0x88, 0x08, 0x89, 0x08, 0x89, 0x08, 0x89, 0x08, 0x89, 0x08, 0x89, 0x08, 0x89, 0x08, 0xAA,
    0x08, 0xAB, 0x10, 0xEC, 0x11, 0x0F, 0x11, 0x71, 0x11, 0x94, 0x5B, 0xDD, 0x95, 0xBF, 0x31, 0xF3,
    0x10, 0xAA, 0x10, 0x89, 0x10, 0x47, 0x08, 0x25, 0x08, 0x04, 0x08, 0x04, 0x08, 0x04, 0x08, 0x04,
    0x08, 0x04, 0x08, 0x04, 0x08, 0x04, 0x08, 0x24, 0x08, 0x45, 0x10, 0x66, 0x18, 0xC9, 0x19, 0x0A,
    0x3A, 0xD4, 0xAF, 0x5F, 0x6D, 0x5F, 0x22, 0xD9, 0x2A, 0xD8, 0x22, 0x96, 0x22, 0x55, 0x22, 0x34,
    0x22, 0x13, 0x21, 0xF2, 0x19, 0xD2, 0x19, 0xB1, 0x19, 0xB0, 0x19, 0x90, 0x19, 0x6F, 0x19, 0x6F,
    0x11, 0x4F, 0x11, 0x4E, 0x11, 0x4E, 0x11, 0x6F, 0x19, 0x90, 0x19, 0xB1, 0x22, 0x14, 0x22, 0x56,
    0x4B, 0xDD, 0xA6, 0xFF, 0x64, 0x3B, 0x21, 0xB0, 0x21, 0xB0, 0x32, 0x54, 0x96, 0x3F, 0x7D, 0x7F,
    0x22, 0x57, 0x19, 0xD3, 0x19, 0x90, 0x11, 0x2E, 0x10, 0xEC, 0x10, 0xCB, 0x08, 0xCA, 0x08, 0xAA,
    0x08, 0xAA, 0x08, 0xAA, 0x08, 0x89, 0x08, 0x89, 0x08, 0x89, 0x08, 0x89, 0x08, 0x89, 0x08, 0x89,
    0x08, 0x89, 0x08, 0x89, 0x08, 0x89, 0x08, 0x89, 0x08, 0x89, 0x08, 0x89, 0x08, 0x89, 0x08, 0x89,
    0x08, 0x88, 0x08, 0x89, 0x08, 0x89, 0x08, 0x89, 0x08, 0x89, 0x08, 0x89, 0x08, 0x8A, 0x08, 0xAA,
    0x08, 0xAB, 0x10, 0xEC, 0x11, 0x0F, 0x11, 0x51, 0x11, 0x74, 0x5B, 0xDD, 0x95, 0xBF, 0x31, 0xF3,
    0x10, 0xAA, 0x10, 0x89, 0x10, 0x47, 0x08, 0x25, 0x08, 0x04, 0x08, 0x04, 0x08, 0x04, 0x08, 0x04,
    0x08, 0x04, 0x08, 0x04, 0x08, 0x04, 0x08, 0x04, 0x08, 0x25, 0x10, 0x66, 0x10, 0xC8, 0x10, 0xEA,
    0x3A, 0xB3, 0xAF, 0x7F, 0x96, 0xBF, 0x64, 0xFE, 0x54, 0x5D, 0x43, 0xBC, 0x33, 0x3A, 0x2A, 0xB8,
    0x22, 0x76, 0x22, 0x35, 0x22, 0x14, 0x22, 0x13, 0x22, 0x13, 0x21, 0xF2, 0x19, 0xF2, 0x19, 0xD2,
    0x19, 0xB1, 0x19, 0xB1, 0x19, 0xB1, 0x19, 0xB1, 0x19, 0xD2, 0x19, 0xF3, 0x22, 0x55, 0x22, 0x77,
    0x4B, 0xFD, 0xA6, 0xFF, 0x64, 0x3B, 0x21, 0xB1, 0x21, 0xB0, 0x32, 0x54, 0x96, 0x3F, 0x7D, 0x7F,
    0x22, 0x57, 0x19, 0xD3, 0x19, 0x91, 0x11, 0x2E, 0x11, 0x0D, 0x10, 0xCB, 0x08, 0xCB, 0x08, 0xAA,
    0x08, 0xAA, 0x08, 0xAA, 0x08, 0xAA, 0x08, 0xA9, 0x08, 0x89, 0x08, 0x89, 0x08, 0x89, 0x08, 0x89,
    0x08, 0x89, 0x08, 0x89, 0x08, 0x89, 0x08, 0x89, 0x08, 0x89, 0x08, 0x89, 0x08, 0x89, 0x08, 0x89,
    0x08, 0x89, 0x08, 0x89, 0x08, 0x89, 0x08, 0x89, 0x08, 0x89, 0x08, 0x89, 0x08, 0x8A, 0x08, 0xAA,
    0x08, 0xCB, 0x10, 0xED, 0x11, 0x0F, 0x19, 0x71, 0x11, 0x74, 0x5B, 0xDD, 0x95, 0xBF, 0x31, 0xF3,
    0x10, 0xAA, 0x10, 0x89, 0x10, 0x47, 0x08, 0x25, 0x08, 0x04, 0x08, 0x04, 0x08, 0x04, 0x08, 0x04,
    0x08, 0x04, 0x08, 0x04, 0x08, 0x04, 0x08, 0x04, 0x08, 0x25, 0x10, 0x46, 0x10, 0xA7, 0x10, 0xC9,
    0x32, 0x52, 0x9E, 0x9F, 0xBF, 0xDF, 0xBF, 0xFF, 0xB7, 0xDF, 0xAF, 0x5F, 0x96, 0xBF, 0x85, 0xDF,
    0x64, 0xFE, 0x54, 0x1D, 0x43, 0x7B, 0x32, 0xF9, 0x22, 0x97, 0x22, 0x56, 0x22, 0x35, 0x22, 0x14,
    0x22, 0x13, 0x22, 0x13, 0x22, 0x13, 0x22, 0x13, 0x22, 0x34, 0x22, 0x55, 0x2A, 0x97, 0x22, 0x99,
    0x4C, 0x1E, 0xA7, 0x1F, 0x64, 0x5B, 0x21, 0xB1, 0x21, 0xB0, 0x32, 0x54, 0x96, 0x3F, 0x7D, 0x7F,
    0x22, 0x78, 0x19, 0xF4, 0x19, 0xB1, 0x11, 0x4F, 0x11, 0x0D, 0x10, 0xEC, 0x10, 0xCB, 0x08, 0xCB,
    0x08, 0xAA, 0x08, 0xAA, 0x08, 0xAA, 0x08, 0xAA, 0x08, 0xAA, 0x08, 0xAA, 0x08, 0xA9, 0x08, 0x89,
    0x08, 0x89, 0x08, 0x89, 0x08, 0x89, 0x08, 0x89, 0x08, 0x89, 0x08, 0x89, 0x08, 0x89, 0x08, 0x89,
    0x08, 0x89, 0x08, 0x89, 0x08, 0x89, 0x08, 0x89, 0x08, 0x89, 0x08, 0x8A, 0x08, 0xAA, 0x08, 0xAA,
    0x08, 0xCB, 0x10, 0xED, 0x11, 0x0F, 0x19, 0x71, 0x11, 0x94, 0x5B, 0xDD, 0x95, 0xBF, 0x31, 0xF3,
    0x10, 0xAA, 0x10, 0x89, 0x10, 0x47, 0x08, 0x25, 0x08, 0x04, 0x08, 0x04, 0x08, 0x04, 0x08, 0x04,
    0x08, 0x04, 0x08, 0x04, 0x08, 0x04, 0x08, 0x04, 0x08, 0x24, 0x10, 0x45, 0x10, 0x87, 0x10, 0xC8,
    0x21, 0x4B, 0x3A, 0x93, 0x53, 0xB7, 0x6C, 0xBB, 0x85, 0x9D, 0x96, 0x7F, 0xA7, 0x1F, 0xB7, 0xBF,
    0xB7, 0xBF, 0xB7, 0x9F, 0xA7, 0x3F, 0x96, 0x7F, 0x7D, 0x9F, 0x64, 0xDE, 0x4B, 0xFC, 0x3B, 0x3A,
    0x2A, 0xD9, 0x22, 0x77, 0x22, 0x56, 0x22, 0x56, 0x22, 0x56, 0x22, 0x97, 0x2A, 0xD9, 0x2A, 0xDA,
    0x4C, 0x3E, 0xAF, 0x3F, 0x64, 0x5B, 0x21, 0xB1, 0x21, 0xB0, 0x32, 0x54, 0x96, 0x3F, 0x7D, 0x7F,
    0x22, 0x79, 0x22, 0x15, 0x19, 0xB2, 0x19, 0x70, 0x11, 0x2E, 0x11, 0x0D, 0x10, 0xEC, 0x10, 0xCC,
    0x10, 0xCB, 0x08, 0xCB, 0x08, 0xAB, 0x08, 0xAA, 0x08, 0xAA, 0x08, 0xAA, 0x08, 0xAA, 0x08, 0xAA,
    0x08, 0xAA, 0x08, 0xAA, 0x08, 0xAA, 0x08, 0xA9, 0x08, 0x89, 0x08, 0x89, 0x08, 0x89, 0x08, 0x89,
    0x08, 0x89, 0x08, 0x89, 0x08, 0x89, 0x08, 0x89, 0x08, 0x8A, 0x08, 0x8A, 0x08, 0xAA, 0x08, 0xAA,
    0x08, 0xCB, 0x10, 0xED, 0x11, 0x2F, 0x19, 0x71, 0x11, 0x74, 0x5B, 0xDD, 0x95, 0xBF, 0x31, 0xF3,
    0x10, 0x8A, 0x10, 0x89, 0x10, 0x47, 0x08, 0x25, 0x08, 0x04, 0x08, 0x04, 0x08, 0x04, 0x08, 0x04,
    0x08, 0x04, 0x08, 0x04, 0x08, 0x04, 0x08, 0x04, 0x08, 0x24, 0x08, 0x25, 0x10, 0x46, 0x10, 0x87,
    0x10, 0xC8, 0x10, 0xE9, 0x19, 0x0B, 0x19, 0x4D, 0x21, 0x8F, 0x29, 0xF1, 0x3A, 0x94, 0x4B, 0x77,
    0x64, 0x3A, 0x7D, 0x5D, 0x96, 0x5F, 0xA6, 0xFF, 0xB7, 0x7F, 0xB7, 0xBF, 0xAF, 0x7F, 0xA6, 0xDF,
    0x8E, 0x3F, 0x7D, 0x7F, 0x64, 0xBE, 0x4B, 0xFD, 0x3B, 0x7C, 0x33, 0x3C, 0x2B, 0x1C, 0x2A, 0xDC,
    0x4C, 0x3F, 0xAF, 0x3F, 0x64, 0x5B, 0x21, 0xB1, 0x21, 0xB0, 0x32, 0x55, 0x96, 0x5F, 0x7D, 0x9F,
    0x2A, 0x9A, 0x22, 0x36, 0x19, 0xF4, 0x19, 0xB2, 0x19, 0x70, 0x11, 0x2F, 0x11, 0x2E, 0x11, 0x0D,
    0x10, 0xED, 0x10, 0xEC, 0x10, 0xEC, 0x10, 0xCB, 0x08, 0xCB, 0x08, 0xCB, 0x08, 0xAB, 0x08, 0xAA,
    0x08, 0xAA, 0x08, 0xAA, 0x08, 0xAA, 0x08, 0xAA, 0x08, 0xAA, 0x08, 0x8A, 0x08, 0x8A, 0x08, 0x8A,
    0x08, 0x89, 0x08, 0x8A, 0x08, 0x8A, 0x08, 0x8A, 0x08, 0xAA, 0x08, 0xAA, 0x08, 0xAA, 0x08, 0xAB,
    0x10, 0xCC, 0x10, 0xED, 0x11, 0x2F, 0x19, 0x71, 0x11, 0x74, 0x5B, 0xDD, 0x95, 0x9F, 0x31, 0xF3,
    0x10, 0x8A, 0x10, 0x89, 0x10, 0x47, 0x08, 0x25, 0x08, 0x04, 0x08, 0x04, 0x08, 0x04, 0x08, 0x04,
    0x08, 0x04, 0x08, 0x04, 0x08, 0x04, 0x08, 0x04, 0x08, 0x04, 0x08, 0x24, 0x08, 0x45, 0x10, 0x66,
    0x10, 0x87, 0x10, 0xC8, 0x18, 0xE9, 0x19, 0x0A, 0x19, 0x0A, 0x19, 0x2B, 0x19, 0x2B, 0x19, 0x2C,
    0x19, 0x4D, 0x21, 0x8E, 0x29, 0xF1, 0x3A, 0x94, 0x4B, 0x57, 0x6C, 0x7B, 0x7D, 0x5D, 0x96, 0x3F,
    0xA6, 0xFF, 0xB7, 0x7F, 0xB7, 0x7F, 0xAF, 0x5F, 0xA6, 0xDF, 0x8E, 0x5F, 0x7D, 0xBF, 0x64, 0xDF,
    0x6D, 0x3F, 0xAF, 0x3F, 0x64, 0x5B, 0x21, 0xB0, 0x21, 0xB0, 0x32, 0x54, 0x96, 0x5F, 0x7D, 0x9F,
    0x2A, 0xBA, 0x22, 0x77, 0x22, 0x36, 0x19, 0xF4, 0x19, 0xB2, 0x19, 0x91, 0x19, 0x70, 0x11, 0x4F,
    0x11, 0x4F, 0x11, 0x2E, 0x11, 0x0E, 0x11, 0x0D, 0x10, 0xED, 0x10, 0xEC, 0x10, 0xEC, 0x10, 0xCC,
    0x10, 0xCB, 0x08, 0xCB, 0x08, 0xCB, 0x08, 0xAB, 0x08, 0xAA, 0x08, 0xAA, 0x08, 0xAA, 0x08, 0xAA,
    0x08, 0xAA, 0x08, 0xAA, 0x08, 0xAA, 0x08, 0xAA, 0x08, 0xAA, 0x08, 0xAA, 0x08, 0xAA, 0x08, 0xAB,
    0x10, 0xCC, 0x10, 0xED, 0x11, 0x2F, 0x19, 0x72, 0x11, 0x74, 0x53, 0xDD, 0x95, 0x9F, 0x31, 0xF3,
    0x10, 0x8A, 0x10, 0x89, 0x10, 0x47, 0x08, 0x25, 0x08, 0x04, 0x08, 0x04, 0x08, 0x04, 0x08, 0x04,
    0x08, 0x04, 0x08, 0x04, 0x08, 0x04, 0x08, 0x04, 0x08, 0x04, 0x08, 0x04, 0x08, 0x24, 0x08, 0x25,
    0x10, 0x45, 0x10, 0x66, 0x10, 0x87, 0x10, 0xA8, 0x10, 0xC8, 0x18, 0xC9, 0x18, 0xE9, 0x19, 0x0A,
    0x19, 0x0A, 0x19, 0x0B, 0x19, 0x0B, 0x19, 0x0B, 0x19, 0x2C, 0x19, 0x4D, 0x21, 0x6F, 0x29, 0xF1,
    0x3A, 0x94, 0x4B, 0x78, 0x64, 0x5B, 0x7D, 0x5D, 0x96, 0x5F, 0xA7, 0x1F, 0xB7, 0x9F, 0xB7, 0x9F,
    0xB7, 0x7F, 0xB7, 0x9F, 0x5C, 0x1B, 0x19, 0x6F, 0x21, 0x8F, 0x32, 0x34, 0x96, 0x3F, 0x7D, 0xBF,
    0x2A, 0xDC, 0x22, 0x79, 0x22, 0x57, 0x22, 0x16, 0x19, 0xF4, 0x19, 0xD3, 0x19, 0xB3, 0x19, 0xB2,
    0x19, 0x91, 0x19, 0x71, 0x19, 0x70, 0x11, 0x4F, 0x11, 0x2F, 0x11, 0x2E, 0x11, 0x0E, 0x11, 0x0D,
    0x11, 0x0D, 0x10, 0xED, 0x10, 0xEC, 0x10, 0xCC, 0x10, 0xCC, 0x08, 0xCB, 0x08, 0xCB, 0x08, 0xAB,
    0x08, 0xAB, 0x08, 0xAB, 0x08, 0xAA, 0x08, 0xAA, 0x08, 0xAB, 0x08, 0xAB, 0x08, 0xAB, 0x08, 0xCB,
    0x10, 0xCC, 0x10, 0xED, 0x11, 0x2F, 0x19, 0x72, 0x11, 0x94, 0x53, 0xDD, 0x95, 0x9F, 0x31, 0xF3,
    0x10, 0x8A, 0x10, 0x89, 0x10, 0x47, 0x08, 0x25, 0x08, 0x04, 0x08, 0x04, 0x08, 0x04, 0x08, 0x04,
    0x08, 0x04, 0x08, 0x04, 0x08, 0x04, 0x08, 0x04, 0x08, 0x04, 0x08, 0x04, 0x08, 0x04, 0x08, 0x24,
    0x08, 0x25, 0x08, 0x45, 0x10, 0x45, 0x10, 0x46, 0x10, 0x66, 0x10, 0x67, 0x10, 0x87, 0x10, 0x87,
    0x10, 0xA8, 0x10, 0xA8, 0x10, 0xC9, 0x18, 0xE9, 0x18, 0xEA, 0x19, 0x0A, 0x19, 0x0B, 0x19, 0x0B,
    0x19, 0x0B, 0x19, 0x0C, 0x19, 0x2D, 0x21, 0x8F, 0x29, 0xF2, 0x3A, 0xB5, 0x53, 0x99, 0x64, 0x7B,
    0x7D, 0x5D, 0x96, 0x1F, 0x53, 0x78, 0x19, 0x4D, 0x19, 0x4D, 0x2A, 0x13, 0x96, 0x3F, 0xA6, 0xFF,
    0x6D, 0x3F, 0x5C, 0x5E, 0x43, 0xBD, 0x33, 0x1B, 0x2A, 0x99, 0x22, 0x37, 0x19, 0xF6, 0x19, 0xD4,
    0x19, 0xD4, 0x19, 0xB3, 0x19, 0xB3, 0x19, 0xB2, 0x19, 0x92, 0x19, 0x71, 0x19, 0x70, 0x11, 0x50,
    0x11, 0x4F, 0x11, 0x2F, 0x11, 0x2E, 0x11, 0x0E, 0x11, 0x0D, 0x10, 0xED, 0x10, 0xED, 0x10, 0xEC,
    0x10, 0xCC, 0x10, 0xCC, 0x10, 0xCC, 0x08, 0xCB, 0x08, 0xCB, 0x08, 0xCB, 0x08, 0xCB, 0x08, 0xCC,
    0x10, 0xED, 0x11, 0x0E, 0x11, 0x30, 0x19, 0x72, 0x11, 0x94, 0x53, 0xDD, 0x95, 0x9F, 0x31, 0xF3,
    0x10, 0x8A, 0x10, 0x89, 0x10, 0x47, 0x08, 0x25, 0x08, 0x04, 0x08, 0x04, 0x08, 0x04, 0x08, 0x04,
    0x08, 0x04, 0x08, 0x04, 0x08, 0x04, 0x08, 0x04, 0x08, 0x04, 0x08, 0x04, 0x08, 0x04, 0x08, 0x04,
    0x08, 0x04, 0x08, 0x24, 0x08, 0x24, 0x08, 0x25, 0x08, 0x25, 0x08, 0x45, 0x10, 0x45, 0x10, 0x46,
    0x10, 0x66, 0x10, 0x66, 0x10, 0x67, 0x10, 0x87, 0x10, 0x87, 0x10, 0xA8, 0x10, 0xA8, 0x10, 0xC9,
    0x18, 0xEA, 0x18, 0xEA, 0x19, 0x0A, 0x19, 0x0B, 0x19, 0x0B, 0x19, 0x0C, 0x19, 0x0C, 0x19, 0x2D,
    0x19, 0x4E, 0x29, 0xD0, 0x21, 0x8E, 0x19, 0x0C, 0x19, 0x0C, 0x21, 0x90, 0x74, 0xFD, 0xA6, 0xDF,
    0xAF, 0x1F, 0xAF, 0x1F, 0xA6, 0xDF, 0x9E, 0x7F, 0x85, 0xBF, 0x74, 0xFF, 0x5C, 0x3E, 0x43, 0x7C,
    0x32, 0xFB, 0x2A, 0x79, 0x1A, 0x17, 0x19, 0xD5, 0x19, 0xB4, 0x19, 0xB3, 0x19, 0xB3, 0x19, 0xB3,
    0x19, 0x92, 0x19, 0x92, 0x19, 0x71, 0x19, 0x71, 0x11, 0x50, 0x11, 0x2F, 0x11, 0x2F, 0x11, 0x0E,
    0x11, 0x0E, 0x11, 0x0E, 0x10, 0xED, 0x10, 0xED, 0x10, 0xED, 0x10, 0xED, 0x10, 0xED, 0x10, 0xED,
    0x10, 0xED, 0x11, 0x0F, 0x11, 0x50, 0x19, 0x72, 0x11, 0x95, 0x5B, 0xDE, 0x95, 0x9F, 0x31, 0xF3,
    0x10, 0x8A, 0x10, 0x89, 0x10, 0x47, 0x08, 0x25, 0x08, 0x04, 0x08, 0x04, 0x08, 0x04, 0x08, 0x04,
    0x08, 0x04, 0x08, 0x04, 0x08, 0x04, 0x08, 0x04, 0x08, 0x04, 0x08, 0x04, 0x08, 0x04, 0x08, 0x04,
    0x08, 0x04, 0x08, 0x04, 0x08, 0x04, 0x08, 0x04, 0x08, 0x04, 0x08, 0x24, 0x08, 0x24, 0x08, 0x24,
    0x08, 0x25, 0x08, 0x25, 0x08, 0x45, 0x10, 0x45, 0x10, 0x46, 0x10, 0x66, 0x10, 0x66, 0x10, 0x67,
    0x10, 0x87, 0x10, 0x87, 0x10, 0xA8, 0x10, 0xA9, 0x10, 0xC9, 0x18, 0xEA, 0x18, 0xEA, 0x18, 0xEA,
    0x10, 0xCA, 0x10, 0xA9, 0x10, 0xC9, 0x10, 0xC9, 0x10, 0xCA, 0x18, 0xEB, 0x21, 0x8F, 0x3A, 0x95,
    0x53, 0x78, 0x64, 0x5B, 0x7D, 0x1D, 0x8D, 0xDF, 0x9E, 0x7F, 0xAE, 0xFF, 0xAE, 0xFF, 0xA6, 0xBF,
    0x96, 0x5F, 0x85, 0x9F, 0x6C, 0xDF, 0x53, 0xFD, 0x43, 0x5C, 0x32, 0xBA, 0x22, 0x38, 0x19, 0xF6,
    0x19, 0xD5, 0x19, 0xB4, 0x19, 0xB3, 0x19, 0x93, 0x19, 0x93, 0x19, 0x92, 0x19, 0x72, 0x19, 0x71,
    0x11, 0x51, 0x11, 0x50, 0x11, 0x30, 0x11, 0x2F, 0x11, 0x2F, 0x11, 0x0F, 0x11, 0x0E, 0x11, 0x0E,
    0x11, 0x0F, 0x11, 0x30, 0x11, 0x51, 0x19, 0x93, 0x19, 0x96, 0x5B, 0xDE, 0x95, 0x9F, 0x31, 0xF3,
    0x10, 0x8A, 0x10, 0x89, 0x10, 0x47, 0x08, 0x25, 0x08, 0x04, 0x08, 0x04, 0x08, 0x04, 0x08, 0x04,
    0x08, 0x04, 0x08, 0x04, 0x08, 0x04, 0x08, 0x04, 0x08, 0x04, 0x08, 0x04, 0x08, 0x04, 0x08, 0x04,
    0x08, 0x04, 0x08, 0x04, 0x08, 0x04, 0x08, 0x04, 0x08, 0x04, 0x08, 0x04, 0x08, 0x04, 0x08, 0x04,
    0x08, 0x04, 0x08, 0x04, 0x08, 0x24, 0x08, 0x24, 0x08, 0x24, 0x08, 0x25, 0x08, 0x25, 0x08, 0x45,
    0x10, 0x45, 0x10, 0x46, 0x10, 0x46, 0x10, 0x66, 0x10, 0x67, 0x10, 0x87, 0x10, 0x87, 0x10, 0x87,
    0x10, 0x87, 0x10, 0x87, 0x10, 0x87, 0x10, 0x87, 0x10, 0x88, 0x10, 0xA9, 0x10, 0xC9, 0x10, 0xCA,
    0x10, 0xEC, 0x19, 0x2D, 0x21, 0x6F, 0x29, 0xB1, 0x32, 0x54, 0x4B, 0x38, 0x63, 0xFB, 0x74, 0xDD,
    0x8D, 0xDF, 0x9E, 0x7F, 0xAE, 0xBF, 0xAE, 0xDF, 0xA6, 0x9F, 0x96, 0x1F, 0x7D, 0x5F, 0x6C, 0x9F,
    0x53, 0xDD, 0x43, 0x3C, 0x32, 0x9A, 0x22, 0x59, 0x22, 0x17, 0x19, 0xB5, 0x19, 0xB4, 0x19, 0x94,
    0x19, 0x93, 0x19, 0x93, 0x19, 0x92, 0x19, 0x72, 0x19, 0x72, 0x11, 0x51, 0x11, 0x51, 0x11, 0x51,
    0x11, 0x51, 0x11, 0x72, 0x19, 0x93, 0x19, 0xB5, 0x19, 0xB7, 0x5B, 0xDE, 0x95, 0x9F, 0x31, 0xF4,
    0x10, 0x8A, 0x10, 0x89, 0x10, 0x47, 0x08, 0x25, 0x08, 0x04, 0x08, 0x04, 0x08, 0x04, 0x08, 0x04,
    0x08, 0x04, 0x08, 0x04, 0x08, 0x04, 0x08, 0x04, 0x08, 0x04, 0x08, 0x04, 0x08, 0x04, 0x08, 0x04,
    0x08, 0x04, 0x08, 0x04, 0x08, 0x04, 0x08, 0x04, 0x08, 0x04, 0x08, 0x04, 0x08, 0x04, 0x08, 0x04,
    0x08, 0x04, 0x08, 0x04, 0x08, 0x04, 0x08, 0x04, 0x08, 0x04, 0x08, 0x04, 0x08, 0x04, 0x08, 0x04,
    0x08, 0x24, 0x08, 0x24, 0x08, 0x25, 0x08, 0x25, 0x08, 0x25, 0x10, 0x45, 0x10, 0x45, 0x10, 0x46,
    0x10, 0x46, 0x10, 0x46, 0x10, 0x46, 0x10, 0x46, 0x10, 0x66, 0x10, 0x67, 0x10, 0x88, 0x10, 0xA9,
    0x10, 0xCA, 0x18, 0xEA, 0x18, 0xEB, 0x18, 0xEB, 0x10, 0xEB, 0x10, 0xEC, 0x19, 0x0D, 0x19, 0x4F,
    0x29, 0xB2, 0x32, 0x55, 0x4B, 0x18, 0x63, 0xFB, 0x7C, 0xFD, 0x8D, 0xBF, 0x9E, 0x5F, 0xA6, 0x9F,
    0xA6, 0x9F, 0x9E, 0x7F, 0x95, 0xFF, 0x85, 0x7F, 0x74, 0xDF, 0x53, 0xFE, 0x43, 0x3C, 0x32, 0xBB,
    0x22, 0x39, 0x19, 0xD7, 0x19, 0xB6, 0x19, 0xB5, 0x19, 0x94, 0x19, 0x93, 0x19, 0x93, 0x19, 0x93,
    0x19, 0x93, 0x19, 0x94, 0x19, 0xB5, 0x19, 0xD6, 0x19, 0xD8, 0x5B, 0xFE, 0x95, 0xBF, 0x31, 0xF4,
    0x10, 0x8B, 0x10, 0x89, 0x10, 0x47, 0x08, 0x25, 0x08, 0x04, 0x08, 0x04, 0x08, 0x04, 0x08, 0x04,
    0x08, 0x04, 0x08, 0x04, 0x08, 0x04, 0x08, 0x04, 0x08, 0x04, 0x08, 0x04, 0x08, 0x04, 0x08, 0x04,
    0x08, 0x04, 0x08, 0x04, 0x08, 0x04, 0x08, 0x04, 0x08, 0x04, 0x08, 0x04, 0x08, 0x04, 0x08, 0x04,
    0x08, 0x04, 0x08, 0x04, 0x08, 0x04, 0x08, 0x04, 0x08, 0x04, 0x08, 0x04, 0x08, 0x04, 0x08, 0x04,
    0x08, 0x04, 0x08, 0x04, 0x08, 0x04, 0x08, 0x04, 0x08, 0x04, 0x08, 0x24, 0x08, 0x24, 0x08, 0x24,
    0x08, 0x24, 0x08, 0x24, 0x08, 0x25, 0x08, 0x25, 0x08, 0x25, 0x08, 0x45, 0x10, 0x46, 0x10, 0x67,
    0x10, 0x67, 0x10, 0x88, 0x10, 0xA8, 0x10, 0xA9, 0x10, 0xCA, 0x10, 0xCA, 0x18, 0xEA, 0x18, 0xEB,
    0x10, 0xEB, 0x10, 0xEB, 0x10, 0xEC, 0x19, 0x0D, 0x19, 0x4F, 0x29, 0xB2, 0x3A, 0x55, 0x4B, 0x18,
    0x63, 0xFB, 0x74, 0xDD, 0x85, 0x5F, 0x95, 0xFF, 0xA6, 0x7F, 0xA6, 0x7F, 0xA6, 0x5F, 0x95, 0xFF,
    0x85, 0x5F, 0x6C, 0x9F, 0x53, 0xDE, 0x43, 0x3C, 0x2A, 0x9B, 0x22, 0x39, 0x19, 0xF7, 0x19, 0xB6,
    0x19, 0xB6, 0x19, 0xB6, 0x19, 0xD7, 0x22, 0x18, 0x19, 0xFA, 0x5C, 0x1F, 0x95, 0xBF, 0x31, 0xF4,
    0x10, 0x8B, 0x10, 0x89, 0x10, 0x47, 0x08, 0x25, 0x08, 0x04, 0x08, 0x04, 0x08, 0x04, 0x08, 0x04,
    0x08, 0x04, 0x08, 0x04, 0x08, 0x04, 0x08, 0x04, 0x08, 0x04, 0x08, 0x04, 0x08, 0x04, 0x08, 0x04,
    0x08, 0x04, 0x08, 0x04, 0x08, 0x04, 0x08, 0x04, 0x08, 0x04, 0x08, 0x04, 0x08, 0x04, 0x08, 0x04,
    0x08, 0x04, 0x08, 0x04, 0x08, 0x04, 0x08, 0x04, 0x08, 0x04, 0x08, 0x04, 0x08, 0x04, 0x08, 0x04,
    0x08, 0x04, 0x08, 0x04, 0x08, 0x04, 0x08, 0x04, 0x08, 0x04, 0x08, 0x04, 0x08, 0x04, 0x08, 0x04,
    0x08, 0x04, 0x08, 0x04, 0x08, 0x04, 0x08, 0x04, 0x08, 0x24, 0x08, 0x24, 0x08, 0x25, 0x08, 0x25,
    0x10, 0x45, 0x10, 0x46, 0x10, 0x66, 0x10, 0x67, 0x10, 0x67, 0x10, 0x87, 0x10, 0x88, 0x10, 0x88,
    0x10, 0xA9, 0x10, 0xAA, 0x10, 0xCA, 0x10, 0xCA, 0x10, 0xCB, 0x10, 0xCB, 0x10, 0xCB, 0x10, 0xEC,
    0x19, 0x0D, 0x19, 0x2F, 0x21, 0x71, 0x32, 0x14, 0x42, 0xD8, 0x53, 0x9A, 0x6C, 0x7D, 0x85, 0x5F,
    0x95, 0xFF, 0x9E, 0x5F, 0xA6, 0x7F, 0x9E, 0x3F, 0x8D, 0xBF, 0x7D, 0x1F, 0x64, 0x5F, 0x4B, 0x9E,
    0x3B, 0x1D, 0x32, 0x9C, 0x22, 0x5B, 0x22, 0x3B, 0x19, 0xFB, 0x5C, 0x1F, 0x95, 0xBF, 0x31, 0xF4,
    0x10, 0x8B, 0x10, 0x89, 0x10, 0x47, 0x08, 0x25, 0x08, 0x04, 0x08, 0x04, 0x08, 0x04, 0x08, 0x04,
    0x08, 0x04, 0x08, 0x04, 0x08, 0x04, 0x08, 0x04, 0x08, 0x04, 0x08, 0x04, 0x08, 0x04, 0x08, 0x04,
    0x08, 0x04, 0x08, 0x04, 0x08, 0x04, 0x08, 0x04, 0x08, 0x04, 0x08, 0x04, 0x08, 0x04, 0x08, 0x04,
    0x08, 0x04, 0x08, 0x04, 0x08, 0x04, 0x08, 0x04, 0x08, 0x04, 0x08, 0x04, 0x08, 0x04, 0x08, 0x04,
    0x08, 0x04, 0x08, 0x04, 0x08, 0x04, 0x08, 0x04, 0x08, 0x04, 0x08, 0x04, 0x08, 0x04, 0x08, 0x04,
    0x08, 0x04, 0x08, 0x04, 0x08, 0x04, 0x08, 0x04, 0x08, 0x04, 0x08, 0x04, 0x08, 0x04, 0x08, 0x04,
    0x08, 0x24, 0x08, 0x25, 0x08, 0x25, 0x08, 0x25, 0x08, 0x45, 0x10, 0x46, 0x10, 0x46, 0x10, 0x46,
    0x10, 0x67, 0x10, 0x67, 0x10, 0x88, 0x10, 0x88, 0x10, 0x88, 0x10, 0xA9, 0x10, 0xAA, 0x10, 0xCA,
    0x10, 0xCA, 0x10, 0xCB, 0x10, 0xCB, 0x10, 0xCB, 0x10, 0xCC, 0x10, 0xED, 0x19, 0x0F, 0x21, 0x71,
    0x32, 0x14, 0x42, 0xB7, 0x5B, 0xBB, 0x74, 0x7D, 0x85, 0x3F, 0x95, 0xFF, 0xA6, 0x5F, 0x9E, 0x3F,
    0x9E, 0x1F, 0x8D, 0xBF, 0x7D, 0x3F, 0x6C, 0x9F, 0x53, 0xBF, 0x6C, 0xBF, 0x95, 0xBF, 0x31, 0xF4,
    0x10, 0x8A, 0x10, 0x89, 0x10, 0x46, 0x08, 0x25, 0x08, 0x04, 0x08, 0x04, 0x08, 0x04, 0x08, 0x04,
    0x08, 0x04, 0x08, 0x04, 0x08, 0x04, 0x08, 0x04, 0x08, 0x04, 0x08, 0x04, 0x08, 0x04, 0x08, 0x04,
    0x08, 0x04, 0x08, 0x04, 0x08, 0x04, 0x08, 0x04, 0x08, 0x04, 0x08, 0x04, 0x08, 0x04, 0x08, 0x04,
    0x08, 0x04, 0x08, 0x04, 0x08, 0x04, 0x08, 0x04, 0x08, 0x04, 0x08, 0x04, 0x08, 0x04, 0x08, 0x04,
    0x08, 0x04, 0x08, 0x04, 0x08, 0x04, 0x08, 0x04, 0x08, 0x04, 0x08, 0x04, 0x08, 0x04, 0x08, 0x04,
    0x08, 0x04, 0x08, 0x04, 0x08, 0x04, 0x08, 0x04, 0x08, 0x04, 0x08, 0x04, 0x08, 0x04, 0x08, 0x04,
    0x08, 0x04, 0x08, 0x04, 0x08, 0x04, 0x08, 0x04, 0x08, 0x04, 0x08, 0x24, 0x08, 0x25, 0x08, 0x25,
    0x08, 0x25, 0x08, 0x45, 0x10, 0x46, 0x10, 0x46, 0x10, 0x46, 0x10, 0x67, 0x10, 0x67, 0x10, 0x68,
    0x10, 0x88, 0x10, 0x88, 0x10, 0xA9, 0x10, 0xA9, 0x10, 0xAA, 0x10, 0xCA, 0x10, 0xCB, 0x10, 0xCB,
    0x10, 0xCB, 0x10, 0xCC, 0x10, 0xED, 0x19, 0x2F, 0x21, 0x71, 0x32, 0x35, 0x4A, 0xD8, 0x5B, 0x9B,
    0x74, 0x7D, 0x85, 0x5F, 0x95, 0xDF, 0x9E, 0x3F, 0x9E, 0x3F, 0xA6, 0x5F, 0x95, 0xBF, 0x31, 0xD3,
    0x10, 0x89, 0x10, 0x68, 0x08, 0x46, 0x08, 0x25, 0x08, 0x04, 0x08, 0x04, 0x08, 0x04, 0x08, 0x04,
    0x08, 0x04, 0x08, 0x04, 0x08, 0x04, 0x08, 0x04, 0x08, 0x04, 0x08, 0x04, 0x08, 0x04, 0x08, 0x04,
    0x08, 0x04, 0x08, 0x04, 0x08, 0x04, 0x08, 0x04, 0x08, 0x04, 0x08, 0x04, 0x08, 0x04, 0x08, 0x04,
    0x08, 0x04, 0x08, 0x04, 0x08, 0x04, 0x08, 0x04, 0x08, 0x04, 0x08, 0x04, 0x08, 0x04, 0x08, 0x04,
    0x08, 0x04, 0x08, 0x04, 0x08, 0x04, 0x08, 0x04, 0x08, 0x04, 0x08, 0x04, 0x08, 0x04, 0x08, 0x04,
    0x08, 0x04, 0x08, 0x04, 0x08, 0x04, 0x08, 0x04, 0x08, 0x04, 0x08, 0x04, 0x08, 0x04, 0x08, 0x04,
    0x08, 0x04, 0x08, 0x04, 0x08, 0x04, 0x08, 0x04, 0x08, 0x04, 0x08, 0x04, 0x08, 0x04, 0x08, 0x04,
    0x08, 0x04, 0x08, 0x04, 0x08, 0x24, 0x08, 0x25, 0x08, 0x25, 0x08, 0x25, 0x08, 0x25, 0x08, 0x46,
    0x10, 0x46, 0x10, 0x46, 0x10, 0x47, 0x10, 0x67, 0x10, 0x67, 0x10, 0x68, 0x10, 0x88, 0x10, 0x89,
    0x10, 0xA9, 0x10, 0xAA, 0x10, 0xCA, 0x10, 0xCB, 0x10, 0xCB, 0x10, 0xAB, 0x10, 0xAC, 0x10, 0xCD,
    0x19, 0x0F, 0x21, 0x72, 0x32, 0x15, 0x4A, 0xD9, 0x5B, 0xBB, 0x74, 0x7E, 0x74, 0x7E, 0x29, 0x91,
    0x10, 0x68, 0x10, 0x67, 0x08, 0x26, 0x08, 0x25, 0x08, 0x04, 0x08, 0x04, 0x08, 0x04, 0x08, 0x04,
    0x08, 0x04, 0x08, 0x04, 0x08, 0x04, 0x08, 0x04, 0x08, 0x04, 0x08, 0x04, 0x08, 0x04, 0x08, 0x04,
    0x08, 0x04, 0x08, 0x04, 0x08, 0x04, 0x08, 0x04, 0x08, 0x04, 0x08, 0x04, 0x08, 0x04, 0x08, 0x04,
    0x08, 0x04, 0x08, 0x04, 0x08, 0x04, 0x08, 0x04, 0x08, 0x04, 0x08, 0x04, 0x08, 0x04, 0x08, 0x04,
    0x08, 0x04, 0x08, 0x04, 0x08, 0x04, 0x08, 0x04, 0x08, 0x04, 0x08, 0x04, 0x08, 0x04, 0x08, 0x04,
    0x08, 0x04, 0x08, 0x04, 0x08, 0x04, 0x08, 0x04, 0x08, 0x04, 0x08, 0x04, 0x08, 0x04, 0x08, 0x04,
    0x08, 0x04, 0x08, 0x04, 0x08, 0x04, 0x08, 0x04, 0x08, 0x04, 0x08, 0x04, 0x08, 0x04, 0x08, 0x04,
    0x08, 0x04, 0x08, 0x04, 0x08, 0x04, 0x08, 0x04, 0x08, 0x04, 0x08, 0x04, 0x08, 0x04, 0x08, 0x24,
    0x08, 0x25, 0x08, 0x25, 0x08, 0x25, 0x08, 0x25, 0x08, 0x46, 0x08, 0x46, 0x10, 0x46, 0x10, 0x47,
    0x10, 0x67, 0x10, 0x67, 0x10, 0x68, 0x10, 0x88, 0x10, 0x89, 0x10, 0xAA, 0x10, 0xAA, 0x10, 0xAA,
    0x10, 0xAB, 0x10, 0xAB, 0x10, 0xAC, 0x10, 0xCC, 0x10, 0xCD, 0x18, 0xEE, 0x21, 0x2F, 0x10, 0xAA,
    0x10, 0x68, 0x10, 0x46, 0x08, 0x25, 0x08, 0x04, 0x08, 0x04, 0x08, 0x04, 0x08, 0x04, 0x08, 0x04,
    0x08, 0x04, 0x08, 0x04, 0x08, 0x04, 0x08, 0x04, 0x08, 0x04, 0x08, 0x04, 0x08, 0x04, 0x08, 0x04,
    0x08, 0x04, 0x08, 0x04, 0x08, 0x04, 0x08, 0x04, 0x08, 0x04, 0x08, 0x04, 0x08, 0x04, 0x08, 0x04,
    0x08, 0x04, 0x08, 0x04, 0x08, 0x04, 0x08, 0x04, 0x08, 0x04, 0x08, 0x04, 0x08, 0x04, 0x08, 0x04,
    0x08, 0x04, 0x08, 0x04, 0x08, 0x04, 0x08, 0x04, 0x08, 0x04, 0x08, 0x04, 0x08, 0x04, 0x08, 0x04,
    0x08, 0x04, 0x08, 0x04, 0x08, 0x04, 0x08, 0x04, 0x08, 0x04, 0x08, 0x04, 0x08, 0x04, 0x08, 0x04,
    0x08, 0x04, 0x08, 0x04, 0x08, 0x04, 0x08, 0x04, 0x08, 0x04, 0x08, 0x04, 0x08, 0x04, 0x08, 0x04,
    0x08, 0x04, 0x08, 0x04, 0x08, 0x04, 0x08, 0x04, 0x08, 0x04, 0x08, 0x04, 0x08, 0x04, 0x08, 0x04,
    0x08, 0x04, 0x08, 0x04, 0x08, 0x04, 0x08, 0x04, 0x08, 0x24, 0x08, 0x25, 0x08, 0x25, 0x08, 0x25,
    0x08, 0x25, 0x08, 0x46, 0x08, 0x46, 0x10, 0x46, 0x10, 0x47, 0x10, 0x67, 0x10, 0x67, 0x10, 0x68,
    0x10, 0x89, 0x10, 0x89, 0x10, 0x8A, 0x10, 0xAA, 0x10, 0x8A, 0x10, 0x89, 0x10, 0x68, 0x10, 0x68,
    0x10, 0x47, 0x08, 0x25, 0x08, 0x25, 0x08, 0x04, 0x08, 0x04, 0x08, 0x04, 0x08, 0x04, 0x08, 0x04,
    0x08, 0x04, 0x08, 0x04, 0x08, 0x04, 0x08, 0x04, 0x08, 0x04, 0x08, 0x04, 0x08, 0x04, 0x08, 0x04,
    0x08, 0x04, 0x08, 0x04, 0x08, 0x04, 0x08, 0x04, 0x08, 0x04, 0x08, 0x04, 0x08, 0x04, 0x08, 0x04,
    0x08, 0x04, 0x08, 0x04, 0x08, 0x04, 0x08, 0x04, 0x08, 0x04, 0x08, 0x04, 0x08, 0x04, 0x08, 0x04,
    0x08, 0x04, 0x08, 0x04, 0x08, 0x04, 0x08, 0x04, 0x08, 0x04, 0x08, 0x04, 0x08, 0x04, 0x08, 0x04,
    0x08, 0x04, 0x08, 0x04, 0x08, 0x04, 0x08, 0x04, 0x08, 0x04, 0x08, 0x04, 0x08, 0x04, 0x08, 0x04,
    0x08, 0x04, 0x08, 0x04, 0x08, 0x04, 0x08, 0x04, 0x08, 0x04, 0x08, 0x04, 0x08, 0x04, 0x08, 0x04,
    0x08, 0x04, 0x08, 0x04, 0x08, 0x04, 0x08, 0x04, 0x08, 0x04, 0x08, 0x04, 0x08, 0x04, 0x08, 0x04,
    0x08, 0x04, 0x08, 0x04, 0x08, 0x04, 0x08, 0x04, 0x08, 0x04, 0x08, 0x04, 0x08, 0x04, 0x08, 0x04,
    0x08, 0x04, 0x08, 0x24, 0x08, 0x25, 0x08, 0x25, 0x08, 0x25, 0x08, 0x25, 0x08, 0x26, 0x08, 0x46,
    0x10, 0x46, 0x10, 0x47, 0x10, 0x47, 0x10, 0x67, 0x10, 0x67, 0x10, 0x47, 0x10, 0x47, 0x08, 0x46,
    0x08, 0x25, 0x08, 0x25, 0x08, 0x04, 0x08, 0x04, 0x08, 0x04, 0x08, 0x04, 0x08, 0x04, 0x08, 0x04,
    0x08, 0x04, 0x08, 0x04, 0x08, 0x04, 0x08, 0x04, 0x08, 0x04, 0x08, 0x04, 0x08, 0x04, 0x08, 0x04,
    0x08, 0x04, 0x08, 0x04, 0x08, 0x04, 0x08, 0x04, 0x08, 0x04, 0x08, 0x04, 0x08, 0x04, 0x08, 0x04,
    0x08, 0x04, 0x08, 0x04, 0x08, 0x04, 0x08, 0x04, 0x08, 0x04, 0x08, 0x04, 0x08, 0x04, 0x08, 0x04,
    0x08, 0x04, 0x08, 0x04, 0x08, 0x04, 0x08, 0x04, 0x08, 0x04, 0x08, 0x04, 0x08, 0x04, 0x08, 0x04,
    0x08, 0x04, 0x08, 0x04, 0x08, 0x04, 0x08, 0x04, 0x08, 0x04, 0x08, 0x04, 0x08, 0x04, 0x08, 0x04,
    0x08, 0x04, 0x08, 0x04, 0x08, 0x04, 0x08, 0x04, 0x08, 0x04, 0x08, 0x04, 0x08, 0x04, 0x08, 0x04,
    0x08, 0x04, 0x08, 0x04, 0x08, 0x04, 0x08, 0x04, 0x08, 0x04, 0x08, 0x04, 0x08, 0x04, 0x08, 0x04,
    0x08, 0x04, 0x08, 0x04, 0x08, 0x04, 0x08, 0x04, 0x08, 0x04, 0x08, 0x04, 0x08, 0x04, 0x08, 0x04,
    0x08, 0x04, 0x08, 0x04, 0x08, 0x04, 0x08, 0x04, 0x08, 0x04, 0x08, 0x04, 0x08, 0x24, 0x08, 0x25,
    0x08, 0x25, 0x08, 0x25, 0x08, 0x25, 0x08, 0x25, 0x08, 0x26, 0x08, 0x25, 0x08, 0x25, 0x08, 0x25,
    0x08, 0x25, 0x08, 0x04, 0x08, 0x04, 0x08, 0x04, 0x08, 0x04, 0x08, 0x04, 0x08, 0x04, 0x08, 0x04,
    0x08, 0x04, 0x08, 0x04, 0x08, 0x04, 0x08, 0x04, 0x08, 0x04, 0x08, 0x04, 0x08, 0x04, 0x08, 0x04,
    0x08, 0x04, 0x08, 0x04, 0x08, 0x04, 0x08, 0x04, 0x08, 0x04, 0x08, 0x04, 0x08, 0x04, 0x08, 0x04,
    0x08, 0x04, 0x08, 0x04, 0x08, 0x04, 0x08, 0x04, 0x08, 0x04, 0x08, 0x04, 0x08, 0x04, 0x08, 0x04,
    0x08, 0x04, 0x08, 0x04, 0x08, 0x04, 0x08, 0x04, 0x08, 0x04, 0x08, 0x04, 0x08, 0x04, 0x08, 0x04,
    0x08, 0x04, 0x08, 0x04, 0x08, 0x04, 0x08, 0x04, 0x08, 0x04, 0x08, 0x04, 0x08, 0x04, 0x08, 0x04,
    0x08, 0x04, 0x08, 0x04, 0x08, 0x04, 0x08, 0x04, 0x08, 0x04, 0x08, 0x04, 0x08, 0x04, 0x08, 0x04,
    0x08, 0x04, 0x08, 0x04, 0x08, 0x04, 0x08, 0x04, 0x08, 0x04, 0x08, 0x04, 0x08, 0x04, 0x08, 0x04,
    0x08, 0x04, 0x08, 0x04, 0x08, 0x04, 0x08, 0x04, 0x08, 0x04, 0x08, 0x04, 0x08, 0x04, 0x08, 0x04,
    0x08, 0x04, 0x08, 0x04, 0x08, 0x04, 0x08, 0x04, 0x08, 0x04, 0x08, 0x04, 0x08, 0x04, 0x08, 0x04,
    0x08, 0x04, 0x08, 0x04, 0x08, 0x04, 0x08, 0x04, 0x08, 0x04, 0x08, 0x04, 0x08, 0x04, 0x08, 0x04,
    0x08, 0x04, 0x08, 0x04, 0x08, 0x04, 0x08, 0x04, 0x08, 0x04, 0x08, 0x04, 0x08, 0x04, 0x08, 0x04,
    0x08, 0x04, 0x08, 0x04, 0x08, 0x04, 0x08, 0x04, 0x08, 0x04, 0x08, 0x04, 0x08, 0x04, 0x08, 0x04,
    0x08, 0x04, 0x08, 0x04, 0x08, 0x04, 0x08, 0x04, 0x08, 0x04, 0x08, 0x04, 0x08, 0x04, 0x08, 0x04,
    0x08, 0x04, 0x08, 0x04, 0x08, 0x04, 0x08, 0x04, 0x08, 0x04, 0x08, 0x04, 0x08, 0x04, 0x08, 0x04,
    0x08, 0x04, 0x08, 0x04, 0x08, 0x04, 0x08, 0x04, 0x08, 0x04, 0x08, 0x04, 0x08, 0x04, 0x08, 0x04,
    0x08, 0x04, 0x08, 0x04, 0x08, 0x04, 0x08, 0x04, 0x08, 0x04, 0x08, 0x04, 0x08, 0x04, 0x08, 0x04,
    0x08, 0x04, 0x08, 0x04, 0x08, 0x04, 0x08, 0x04, 0x08, 0x04, 0x08, 0x04, 0x08, 0x04, 0x08, 0x04,
    0x08, 0x04, 0x08, 0x04, 0x08, 0x04, 0x08, 0x04, 0x08, 0x04, 0x08, 0x04, 0x08, 0x04, 0x08, 0x04,
    0x08, 0x04, 0x08, 0x04, 0x08, 0x04, 0x08, 0x04, 0x08, 0x04, 0x08, 0x04, 0x08, 0x04, 0x08, 0x04,
    0x08, 0x04, 0x08, 0x04, 0x08, 0x04, 0x08, 0x04, 0x08, 0x04, 0x08, 0x04, 0x08, 0x04, 0x08, 0x04,
    0x08, 0x04, 0x08, 0x04, 0x08, 0x04, 0x08, 0x04, 0x08, 0x04, 0x08, 0x04, 0x08, 0x04, 0x08, 0x04,
    0x08, 0x04, 0x08, 0x04, 0x08, 0x04, 0x08, 0x04, 0x08, 0x04, 0x08, 0x04, 0x08, 0x04, 0x08, 0x04,
    0x08, 0x04, 0x08, 0x04, 0x08, 0x04, 0x08, 0x04, 0x08, 0x04, 0x08, 0x04, 0x08, 0x04, 0x08, 0x04,
    0x08, 0x04, 0x08, 0x04, 0x08, 0x04, 0x08, 0x04, 0x08, 0x04, 0x08, 0x04, 0x08, 0x04, 0x08, 0x04,
    0x08, 0x04, 0x08, 0x04, 0x08, 0x04, 0x08, 0x04, 0x08, 0x04, 0x08, 0x04, 0x08, 0x04, 0x08, 0x04,
    0x08, 0x04, 0x08, 0x04, 0x08, 0x04, 0x08, 0x04, 0x08, 0x04, 0x08, 0x04, 0x08, 0x04, 0x08, 0x04,
    0x08, 0x04, 0x08, 0x04, 0x08, 0x04, 0x08, 0x04, 0x08, 0x04, 0x08, 0x04, 0x08, 0x04, 0x08, 0x04,
    0x08, 0x04, 0x08, 0x04, 0x08, 0x04, 0x08, 0x04, 0x08, 0x04, 0x08, 0x04, 0x08, 0x04, 0x08, 0x04,
    0x08, 0x04, 0x08, 0x04, 0x08, 0x04, 0x08, 0x04, 0x08, 0x04, 0x08, 0x04, 0x08, 0x04, 0x08, 0x04,
    0x08, 0x04, 0x08, 0x04, 0x08, 0x04, 0x08, 0x04, 0x08, 0x04, 0x08, 0x04, 0x08, 0x04, 0x08, 0x04,
    0x08, 0x04, 0x08, 0x04, 0x08, 0x04, 0x08, 0x04, 0x08, 0x04, 0x08, 0x04, 0x08, 0x04, 0x08, 0x04,
    0x08, 0x04, 0x08, 0x04, 0x08, 0x04, 0x08, 0x04, 0x08, 0x04, 0x08, 0x04, 0x08, 0x04, 0x08, 0x04,
    0x08, 0x04, 0x08, 0x04, 0x08, 0x04, 0x08, 0x04, 0x08, 0x04, 0x08, 0x04, 0x08, 0x04, 0x08, 0x04,
    0x08, 0x04, 0x08, 0x04, 0x08, 0x04, 0x08, 0x04, 0x08, 0x04, 0x08, 0x04, 0x08, 0x04, 0x08, 0x04,
    0x08, 0x04, 0x08, 0x04, 0x08, 0x04, 0x08, 0x04, 0x08, 0x04, 0x08, 0x04, 0x08, 0x04, 0x08, 0x04,
    0x08, 0x04, 0x08, 0x04, 0x08, 0x04, 0x08, 0x04, 0x08, 0x04, 0x08, 0x04, 0x08, 0x04, 0x08, 0x04,
    0x08, 0x04, 0x08, 0x04, 0x08, 0x04, 0x08, 0x04, 0x08, 0x04, 0x08, 0x04, 0x08, 0x04, 0x08, 0x04,
    0x08, 0x04, 0x08, 0x04, 0x08, 0x04, 0x08, 0x04, 0x08, 0x04, 0x08, 0x04, 0x08, 0x04, 0x08, 0x04,
    0x08, 0x04, 0x08, 0x04, 0x08, 0x04, 0x08, 0x04, 0x08, 0x04, 0x08, 0x04, 0x08, 0x04, 0x08, 0x04,
    0x08, 0x04, 0x08, 0x04, 0x08, 0x04, 0x08, 0x04, 0x08, 0x04, 0x08, 0x04, 0x08, 0x04, 0x08, 0x04,
    0x08, 0x04, 0x08, 0x04, 0x08, 0x04, 0x08, 0x04, 0x08, 0x04, 0x08, 0x04, 0x08, 0x04, 0x08, 0x04,
    0x08, 0x04, 0x08, 0x04, 0x08, 0x04, 0x08, 0x04, 0x08, 0x04, 0x08, 0x04, 0x08, 0x04, 0x08, 0x04,
    0x08, 0x04, 0x08, 0x04, 0x08, 0x04, 0x08, 0x04, 0x08, 0x04, 0x08, 0x04, 0x08, 0x04, 0x08, 0x04,
    0x08, 0x04, 0x08, 0x04, 0x08, 0x04, 0x08, 0x04, 0x08, 0x04, 0x08, 0x04, 0x08, 0x04, 0x08, 0x04,
    0x08, 0x04, 0x08, 0x04, 0x08, 0x04, 0x08, 0x04, 0x08, 0x04, 0x08, 0x04, 0x08, 0x04, 0x08, 0x04,
    0x08, 0x04, 0x08, 0x04, 0x08, 0x04, 0x08, 0x04, 0x08, 0x04, 0x08, 0x04, 0x08, 0x04, 0x08, 0x04,
    0x08, 0x04, 0x08, 0x04, 0x08, 0x04, 0x08, 0x04, 0x08, 0x04, 0x08, 0x04, 0x08, 0x04, 0x08, 0x04,
    0x08, 0x04, 0x08, 0x04, 0x08, 0x04, 0x08, 0x04, 0x08, 0x04, 0x08, 0x04, 0x08, 0x04, 0x08, 0x04,
    0x08, 0x04, 0x08, 0x04, 0x08, 0x04, 0x08, 0x04, 0x08, 0x04, 0x08, 0x04, 0x08, 0x04, 0x08, 0x04,
    0x08, 0x04, 0x08, 0x04, 0x08, 0x04, 0x08, 0x04, 0x08, 0x04, 0x08, 0x04, 0x08, 0x04, 0x08, 0x04,
    0x08, 0x04, 0x08, 0x04, 0x08, 0x04, 0x08, 0x04, 0x08, 0x04, 0x08, 0x04, 0x08, 0x04, 0x08, 0x04,
    0x08, 0x04, 0x08, 0x04, 0x08, 0x04, 0x08, 0x04, 0x08, 0x04, 0x08, 0x04, 0x08, 0x04, 0x08, 0x04,
    0x08, 0x04, 0x08, 0x04, 0x08, 0x04, 0x08, 0x04, 0x08, 0x04, 0x08, 0x04, 0x08, 0x04, 0x08, 0x04,
    0x08, 0x04, 0x08, 0x04, 0x08, 0x04, 0x08, 0x04, 0x08, 0x04, 0x08, 0x04, 0x08, 0x04, 0x08, 0x04,
    0x08, 0x04, 0x08, 0x04, 0x08, 0x04, 0x08, 0x04, 0x08, 0x04, 0x08, 0x04, 0x08, 0x04, 0x08, 0x04,
};
// clang-format on
