// Copyright 2026 QMK -- generated source code only, image retains original copyright
// SPDX-License-Identifier: GPL-2.0-or-later

// This file was auto-generated by `painter_convert_graphics` with arguments:
//    format | rgb565
//    output | graphics
//    input  | logo_tux.png

// Image's metadata
// ----------------
// Width: 84
// Height: 96
// Single frame

#include <qp.h>

const uint32_t gfx_logo_tux_length = 16156;

// clang-format off
const uint8_t gfx_logo_tux[16156] = {
    0x00, 0xFF, 0x12, 0x00, 0x00, 0x51, 0x47, 0x46, 0x01, 0x1C, 0x3F, 0x00, 0x00, 0xE3, 0xC0, 0xFF,
    0xFF, 0x54, 0x00, 0x60, 0x00, 0x01, 0x00, 0x01, 0xFE, 0x04, 0x00, 0x00, 0x20, 0x00, 0x00, 0x00,
    0x02, 0xFD, 0x06, 0x00, 0x00, 0x08, 0x00, 0x01, 0xFF, 0xE8, 0x03, 0x05, 0xFA, 0xEC, 0x3E, 0x00,
    0xFF, 0x08, 0x04, 0x08, 0x04, 0x08, 0x04, 0x08, 0x04, 0x08, 0x04, 0x08, 0x04, 0x08, 0x04, 0x08,
    0x04, 0x08, 0x04, 0x08, 0x04, 0x08, 0x04, 0x08, 0x04, 0x08, 0x04, 0x08, 0x04, 0x08, 0x04, 0x08,
    0x04, 0x08, 0x04, 0x08, 0x04, 0x08, 0x04, 0x08, 0x04, 0x08, 0x04, 0x08, 0x04, 0x08, 0x04, 0x08,
    0x04, 0x08, 0x04, 0x08, 0x04, 0x08, 0x04, 0x08, 0x04, 0x08, 0x04, 0x08, 0x04, 0x08, 0x04, 0x08,
    0x04, 0x08, 0x04, 0x08, 0x04, 0x08, 0x04, 0x08, 0x04, 0x08, 0x04, 0x08, 0x04, 0x08, 0x04, 0x08,
    0x04, 0x08, 0x04, 0x08, 0x04, 0x08, 0x04, 0x08, 0x04, 0x08, 0x04, 0x08, 0x04, 0x08, 0x04, 0x08,
    0x04, 0x08, 0x04, 0x08, 0x04, 0x08, 0x04, 0x08, 0x04, 0x08, 0x04, 0x08, 0x04, 0x08, 0x04, 0x08,
    0x04, 0x08, 0x04, 0x08, 0x04, 0x08, 0x04, 0x08, 0x04, 0x08, 0x04, 0x08, 0x04, 0x08, 0x04, 0x08,
    0x04, 0xFF, 0x08, 0x04, 0x08, 0x04, 0x08, 0x04, 0x08, 0x04, 0x08, 0x04, 0x08, 0x04, 0x08, 0x04,
    0x08, 0x04, 0x08, 0x04, 0x08, 0x04, 0x08, 0x04, 0x08, 0x04, 0x08, 0x04, 0x08, 0x04, 0x08, 0x04,
    0x08, 0x04, 0x08, 0x04, 0x08, 0x04, 0x08, 0x04, 0x08, 0x04, 0x08, 0x04, 0x08, 0x04, 0x08, 0x04,
    0x08, 0x04, 0x08, 0x04, 0x08, 0x04, 0x08, 0x04, 0x08, 0x04, 0x08, 0x04, 0x08, 0x04, 0x08, 0x04,
    0x08, 0x04, 0x08, 0x04, 0x08, 0x04, 0x08, 0x04, 0x08, 0x04, 0x08, 0x04, 0x08, 0x04, 0x08, 0x04,
    0x08, 0x04, 0x08, 0x04, 0x08, 0x04, 0x08, 0x04, 0x08, 0x04, 0x08, 0x04, 0x08, 0x04, 0x08, 0x04,
    0x08, 0x04, 0x08, 0x04, 0x08, 0x04, 0x08, 0x04, 0x08, 0x04, 0x08, 0x04, 0x08, 0x04, 0x08, 0x04,
    0x08, 0x04, 0x08, 0x04, 0x08, 0x04, 0x08, 0x04, 0x08, 0x04, 0x08, 0x04, 0x08, 0x04, 0x08, 0x04,
    0x08, 0x04, 0xFF, 0x08, 0x04, 0x08, 0x04, 0x08, 0x04, 0x08, 0x04, 0x08, 0x04, 0x08, 0x04, 0x08,
    0x04, 0x08, 0x04, 0x08, 0x04, 0x08, 0x04, 0x08, 0x04, 0x08, 0x04, 0x08, 0x04, 0x08, 0x04, 0x08,
    0x04, 0x08, 0x04, 0x08, 0x04, 0x08, 0x04, 0x08, 0x04, 0x08, 0x04, 0x08, 0x04, 0x08, 0x04, 0x08,
    0x04, 0x08, 0x04, 0x08, 0x04, 0x08, 0x04, 0x08, 0x04, 0x08, 0x04, 0x08, 0x04, 0x08, 0x04, 0x08,
    0x04, 0x08, 0x04, 0x08, 0x04, 0x08, 0x04, 0x08, 0x04, 0x08, 0x04, 0x08, 0x04, 0x08, 0x04, 0x08,
    0x04, 0x08, 0x04, 0x08, 0x04, 0x08, 0x04, 0x08, 0x04, 0x08, 0x04, 0x08, 0x04, 0x08, 0x04, 0x08,
    0x04, 0x08, 0x04, 0x08, 0x04, 0x08, 0x04, 0x08, 0x04, 0x08, 0x04, 0x08, 0x04, 0x08, 0x04, 0x08,
    0x04, 0x08, 0x04, 0x08, 0x04, 0x08, 0x04, 0x08, 0x04, 0x08, 0x04, 0x08, 0x04, 0x08, 0x04, 0x08,
    0x04, 0x08, 0x04, 0xFF, 0x08, 0x04, 0x08, 0x04, 0x08, 0x04, 0x08, 0x04, 0x08, 0x04, 0x08, 0x04,
    0x08, 0x04, 0x08, 0x04, 0x08, 0x04, 0x08, 0x04, 0x08, 0x04, 0x08, 0x04, 0x08, 0x04, 0x08, 0x04,
    0x08, 0x04, 0x08, 0x04, 0x08, 0x04, 0x08, 0x04, 0x08, 0x04, 0x08, 0x04, 0x08, 0x04, 0x08, 0x04,
    0x08, 0x04, 0x08, 0x04, 0x08, 0x04, 0x08, 0x04, 0x08, 0x04, 0x08, 0x04, 0x08, 0x04, 0x08, 0x04,
    0x08, 0x04, 0x08, 0x04, 0x08, 0x04, 0x08, 0x04, 0x08, 0x04, 0x08, 0x04, 0x08, 0x04, 0x08, 0x04,
    0x08, 0x04, 0x08, 0x04, 0x08, 0x04, 0x08, 0x04, 0x08, 0x04, 0x08, 0x04, 0x08, 0x04, 0x08, 0x04,
    0x08, 0x04, 0x08, 0x04, 0x08, 0x04, 0x08, 0x04, 0x08, 0x04, 0x08, 0x04, 0x08, 0x04, 0x08, 0x04,
    0x08, 0x04, 0x08, 0x04, 0x08, 0x04, 0x08, 0x04, 0x08, 0x04, 0x08, 0x04, 0x08, 0x04, 0x08, 0x04,
    0x08, 0x04, 0x08, 0x04, 0xFF, 0x08, 0x04, 0x08, 0x04, 0x08, 0x04, 0x08, 0x04, 0x08, 0x04, 0x08,
    0x04, 0x08, 0x04, 0x08, 0x04, 0x08, 0x04, 0x08, 0x04, 0x08, 0x04, 0x08, 0x04, 0x08, 0x04, 0x08,
    0x04, 0x08, 0x04, 0x08, 0x04, 0x08, 0x04, 0x08, 0x04, 0x08, 0x04, 0x08, 0x04, 0x08, 0x04, 0x08,
    0x04, 0x08, 0x04, 0x08, 0x04, 0x08, 0x04, 0x08, 0x04, 0x08, 0x04, 0x08, 0x04, 0x08, 0x04, 0x08,
    0x04, 0x08, 0x04, 0x08, 0x04, 0x08, 0x04, 0x08, 0x04, 0x08, 0x04, 0x08, 0x04, 0x08, 0x04, 0x08,
    0x04, 0x08, 0x04, 0x08, 0x04, 0x08, 0x04, 0x08, 0x04, 0x08, 0x04, 0x08, 0x04, 0x08, 0x04, 0x08,
    0x04, 0x08, 0x04, 0x08, 0x04, 0x08, 0x04, 0x08, 0x04, 0x08, 0x04, 0x08, 0x04, 0x08, 0x04, 0x08,
    0x04, 0x08, 0x04, 0x08, 0x04, 0x08, 0x04, 0x08, 0x04, 0x08, 0x04, 0x08, 0x04, 0x08, 0x04, 0x08,
    0x04, 0x08, 0x04, 0x08, 0x04, 0xFF, 0x08, 0x04, 0x08, 0x04, 0x08, 0x04, 0x08, 0x04, 0x08, 0x04,
    0x08, 0x04, 0x08, 0x04, 0x08, 0x04, 0x08, 0x04, 0x08, 0x04, 0x08, 0x04, 0x08, 0x04, 0x08, 0x04,
    0x08, 0x04, 0x08, 0x04, 0x08, 0x04, 0x08, 0x04, 0x08, 0x04, 0x08, 0x04, 0x08, 0x04, 0x08, 0x04,
    0x08, 0x04, 0x08, 0x04, 0x08, 0x04, 0x08, 0x04, 0x08, 0x04, 0x08, 0x04, 0x08, 0x04, 0x08, 0x04,
    0x08, 0x04, 0x08, 0x04, 0x08, 0x04, 0x08, 0x04, 0x08, 0x04, 0x08, 0x04, 0x08, 0x04, 0x08, 0x04,
    0x08, 0x04, 0x08, 0x04, 0x08, 0x04, 0x08, 0x04, 0x08, 0x04, 0x08, 0x04, 0x08, 0x04, 0x08, 0x04,
    0x08, 0x04, 0x08, 0x04, 0x08, 0x04, 0x08, 0x04, 0x08, 0x04, 0x08, 0x04, 0x08, 0x24, 0x08, 0x24,
    0x08, 0x25, 0x08, 0x25, 0x10, 0x25, 0x10, 0x25, 0x10, 0x45, 0x10, 0x25, 0x08, 0x25, 0x08, 0x25,
    0x08, 0x24, 0x08, 0x24, 0x08, 0x24, 0xFF, 0x08, 0x04, 0x08, 0x04, 0x08, 0x04, 0x08, 0x04, 0x08,
    0x04, 0x08, 0x04, 0x08, 0x04, 0x08, 0x04, 0x08, 0x04, 0x08, 0x04, 0x08, 0x04, 0x08, 0x04, 0x08,
    0x04, 0x08, 0x04, 0x08, 0x04, 0x08, 0x04, 0x08, 0x04, 0x08, 0x04, 0x08, 0x04, 0x08, 0x04, 0x08,
    0x04, 0x08, 0x04, 0x08, 0x04, 0x08, 0x04, 0x08, 0x04, 0x08, 0x04, 0x08, 0x04, 0x08, 0x04, 0x08,
    0x04, 0x08, 0x04, 0x08, 0x04, 0x08, 0x04, 0x08, 0x04, 0x08, 0x04, 0x08, 0x04, 0x08, 0x04, 0x08,
    0x04, 0x08, 0x04, 0x08, 0x04, 0x08, 0x04, 0x08, 0x04, 0x08, 0x04, 0x08, 0x04, 0x08, 0x04, 0x08,
    0x04, 0x08, 0x04, 0x08, 0x04, 0x08, 0x04, 0x08, 0x04, 0x08, 0x04, 0x08, 0x04, 0x08, 0x04, 0x08,
    0x04, 0x08, 0x04, 0x08, 0x04, 0x08, 0x04, 0x08, 0x04, 0x08, 0x04, 0x08, 0x04, 0x08, 0x04, 0x08,
    0x04, 0x08, 0x04, 0x08, 0x04, 0x08, 0x04, 0xFF, 0x08, 0x04, 0x08, 0x04, 0x08, 0x04, 0x08, 0x04,
    0x08, 0x04, 0x08, 0x24, 0x08, 0x25, 0x10, 0x45, 0x10, 0x45, 0x10, 0x66, 0x10, 0x66, 0x10, 0x66,
    0x10, 0x66, 0x10, 0x66, 0x10, 0x66, 0x10, 0x66, 0x10, 0x66, 0x10, 0x46, 0x10, 0x45, 0x10, 0x45,
    0x08, 0x25, 0x08, 0x24, 0x08, 0x04, 0x08, 0x04, 0x08, 0x04, 0x08, 0x04, 0x08, 0x04, 0x08, 0x04,
    0x08, 0x04, 0x08, 0x04, 0x08, 0x04, 0x08, 0x04, 0x08, 0x04, 0x08, 0x04, 0x08, 0x04, 0x08, 0x04,
    0x08, 0x04, 0x08, 0x04, 0x08, 0x04, 0x08, 0x04, 0x08, 0x04, 0x08, 0x04, 0x08, 0x04, 0x08, 0x04,
    0x08, 0x04, 0x08, 0x04, 0x08, 0x04, 0x08, 0x04, 0x08, 0x04, 0x08, 0x04, 0x08, 0x04, 0x08, 0x04,
    0x08, 0x04, 0x08, 0x04, 0x08, 0x04, 0x08, 0x04, 0x08, 0x04, 0x08, 0x04, 0x08, 0x04, 0x08, 0x04,
    0x08, 0x04, 0x08, 0x04, 0x08, 0x04, 0x08, 0x04, 0xFF, 0x08, 0x04, 0x08, 0x04, 0x08, 0x04, 0x08,
    0x04, 0x08, 0x04, 0x08, 0x04, 0x08, 0x04, 0x08, 0x04, 0x08, 0x04, 0x08, 0x04, 0x08, 0x04, 0x08,
    0x04, 0x08, 0x04, 0x08, 0x04, 0x08, 0x04, 0x08, 0x04, 0x08, 0x04, 0x08, 0x04, 0x08, 0x04, 0x08,
    0x04, 0x08, 0x04, 0x08, 0x04, 0x08, 0x04, 0x08, 0x24, 0x08, 0x25, 0x10, 0x45, 0x10, 0x66, 0x10,
    0x87, 0x10, 0x87, 0x10, 0xA8, 0x18, 0xC8, 0x18, 0xC9, 0x18, 0xC9, 0x18, 0xC9, 0x18, 0xC9, 0x18,
    0xC8, 0x18, 0xA8, 0x10, 0xA8, 0x10, 0x87, 0x10, 0x66, 0x10, 0x46, 0x10, 0x45, 0x08, 0x25, 0x08,
    0x24, 0x08, 0x04, 0x08, 0x04, 0x08, 0x04, 0x08, 0x04, 0x08, 0x04, 0x08, 0x04, 0x08, 0x04, 0x08,
    0x04, 0x08, 0x04, 0x08, 0x04, 0x08, 0x04, 0x08, 0x04, 0x08, 0x04, 0x08, 0x04, 0x08, 0x04, 0x08,
    0x04, 0x08, 0x04, 0x08, 0x04, 0x08, 0x04, 0x08, 0x04, 0xFF, 0x08, 0x04, 0x08, 0x04, 0x08, 0x04,
    0x08, 0x04, 0x08, 0x04, 0x08, 0x04, 0x08, 0x04, 0x08, 0x04, 0x08, 0x04, 0x08, 0x04, 0x08, 0x04,
    0x08, 0x04, 0x08, 0x04, 0x08, 0x04, 0x08, 0x04, 0x08, 0x04, 0x08, 0x04, 0x08, 0x04, 0x08, 0x04,
    0x08, 0x04, 0x08, 0x04, 0x08, 0x04, 0x08, 0x04, 0x08, 0x04, 0x08, 0x04, 0x08, 0x04, 0x08, 0x04,
    0x08, 0x04, 0x08, 0x04, 0x08, 0x04, 0x08, 0x04, 0x08, 0x04, 0x08, 0x04, 0x08, 0x04, 0x08, 0x04,
    0x08, 0x04, 0x08, 0x04, 0x08, 0x04, 0x08, 0x04, 0x08, 0x04, 0x08, 0x04, 0x08, 0x04, 0x08, 0x24,
    0x08, 0x45, 0x10, 0x46, 0x10, 0x87, 0x10, 0xA8, 0x18, 0xC9, 0x19, 0x0A, 0x19, 0x0A, 0x19, 0x0A,
    0x19, 0x0A, 0x19, 0x0A, 0x19, 0x0A, 0x19, 0x0A, 0x19, 0x0A, 0x19, 0x0A, 0x19, 0x0A, 0x18, 0xE9,
    0x18, 0xC9, 0x10, 0x88, 0x10, 0x67, 0x10, 0x46, 0x10, 0x25, 0xFF, 0x08, 0x24, 0x08, 0x04, 0x08,
    0x04, 0x08, 0x04, 0x08, 0x04, 0x08, 0x04, 0x08, 0x04, 0x08, 0x04, 0x08, 0x04, 0x08, 0x04, 0x08,
    0x04, 0x08, 0x04, 0x08, 0x04, 0x08, 0x04, 0x08, 0x04, 0x08, 0x04, 0x08, 0x04, 0x08, 0x04, 0x08,
    0x04, 0x08, 0x04, 0x08, 0x04, 0x08, 0x04, 0x08, 0x04, 0x08, 0x04, 0x08, 0x04, 0x08, 0x04, 0x08,
    0x04, 0x08, 0x04, 0x08, 0x04, 0x08, 0x04, 0x08, 0x04, 0x08, 0x04, 0x08, 0x04, 0x08, 0x04, 0x08,
    0x04, 0x08, 0x04, 0x08, 0x04, 0x08, 0x04, 0x08, 0x04, 0x08, 0x04, 0x08, 0x04, 0x08, 0x04, 0x08,
    0x04, 0x08, 0x04, 0x08, 0x04, 0x08, 0x04, 0x08, 0x04, 0x08, 0x04, 0x08, 0x04, 0x08, 0x04, 0x08,
    0x04, 0x08, 0x04, 0x08, 0x04, 0x08, 0x04, 0x08, 0x04, 0x08, 0x04, 0x08, 0x04, 0x08, 0x04, 0x08,
    0x04, 0x08, 0x04, 0x08, 0x04, 0x08, 0x24, 0x10, 0x45, 0x10, 0x66, 0x8D, 0x10, 0x87, 0x18, 0xC9,
    0x19, 0x0A, 0x19, 0x2B, 0x19, 0x2C, 0x21, 0x6E, 0x29, 0xD0, 0x02, 0x32, 0xFF, 0x3A, 0x73, 0x3A,
    0x73, 0x3A, 0x53, 0x29, 0xD0, 0x21, 0x8F, 0x21, 0x4D, 0x19, 0x0B, 0x19, 0x0B, 0x18, 0xEA, 0x18,
    0xC9, 0x10, 0x87, 0x10, 0x66, 0x10, 0x45, 0x08, 0x25, 0x08, 0x04, 0x08, 0x04, 0x08, 0x04, 0x08,
    0x04, 0x08, 0x04, 0x08, 0x04, 0x08, 0x04, 0x08, 0x04, 0x08, 0x04, 0x08, 0x04, 0x08, 0x04, 0x08,
    0x04, 0x08, 0x04, 0x08, 0x04, 0x08, 0x04, 0x08, 0x04, 0x08, 0x04, 0x08, 0x04, 0x08, 0x04, 0x08,
    0x04, 0x08, 0x04, 0x08, 0x04, 0x08, 0x04, 0x08, 0x04, 0x08, 0x04, 0x08, 0x04, 0x08, 0x04, 0x08,
    0x04, 0x08, 0x04, 0x08, 0x04, 0x08, 0x04, 0x08, 0x04, 0x08, 0x04, 0x08, 0x04, 0x08, 0x04, 0x08,
    0x04, 0x08, 0x04, 0x08, 0x04, 0x08, 0x04, 0x08, 0x04, 0x08, 0x04, 0x08, 0x04, 0x08, 0x04, 0x08,
    0x04, 0x08, 0x04, 0x08, 0x04, 0x08, 0x04, 0x08, 0x04, 0x08, 0x04, 0x08, 0x04, 0x9D, 0x08, 0x04,
    0x08, 0x04, 0x08, 0x04, 0x08, 0x04, 0x08, 0x04, 0x08, 0x04, 0x08, 0x04, 0x08, 0x04, 0x08, 0x24,
    0x08, 0x45, 0x10, 0x66, 0x10, 0xA8, 0x18, 0xE9, 0x19, 0x2B, 0x19, 0x4C, 0x02, 0x32, 0xFF, 0x5B,
    0xD8, 0x7D, 0x3C, 0x9E, 0x3E, 0xAE, 0xDF, 0xB7, 0x1F, 0xB7, 0x1F, 0xB6, 0xFF, 0x9E, 0x5E, 0x95,
    0xBD, 0x74, 0x7B, 0x4A, 0xF6, 0x29, 0xB0, 0x21, 0x2C, 0x21, 0x0B, 0x18, 0xEA, 0x18, 0xA8, 0x10,
    0x66, 0x10, 0x45, 0x08, 0x25, 0x08, 0x04, 0x08, 0x04, 0x08, 0x04, 0x08, 0x04, 0x08, 0x04, 0x08,
    0x04, 0x08, 0x04, 0x08, 0x04, 0x08, 0x04, 0x08, 0x04, 0x08, 0x04, 0x08, 0x04, 0x08, 0x04, 0x08,
    0x04, 0x08, 0x04, 0x08, 0x04, 0x08, 0x04, 0x08, 0x04, 0x08, 0x04, 0x08, 0x04, 0x08, 0x04, 0x08,
    0x04, 0x08, 0x04, 0x08, 0x04, 0x08, 0x04, 0x08, 0x04, 0x08, 0x04, 0x08, 0x04, 0x08, 0x04, 0x08,
    0x04, 0x08, 0x04, 0x08, 0x04, 0x08, 0x04, 0x08, 0x04, 0x08, 0x04, 0x08, 0x04, 0x08, 0x04, 0x08,
    0x04, 0x08, 0x04, 0x08, 0x04, 0x08, 0x04, 0x08, 0x04, 0x08, 0x04, 0x08, 0x04, 0x08, 0x04, 0xFF,
    0x08, 0x04, 0x08, 0x04, 0x08, 0x04, 0x08, 0x04, 0x08, 0x04, 0x08, 0x04, 0x08, 0x04, 0x08, 0x04,
    0x08, 0x04, 0x08, 0x04, 0x08, 0x04, 0x08, 0x04, 0x08, 0x25, 0x10, 0x66, 0x10, 0xA7, 0x18, 0xE9,
    0x19, 0x2B, 0x21, 0x8E, 0x53, 0xB8, 0x9E, 0x9F, 0xC7, 0xFF, 0xCF, 0xFF, 0xBF, 0x9F, 0xA6, 0xBF,
    0x96, 0x1F, 0x95, 0xFF, 0xA6, 0x7F, 0xB6, 0xFF, 0xC7, 0xBF, 0xCF, 0xFF, 0xBF, 0x5F, 0x95, 0xBE,
    0x53, 0x37, 0x29, 0x8F, 0x21, 0x2B, 0x18, 0xEA, 0x18, 0xA8, 0x10, 0x66, 0x10, 0x45, 0x08, 0x24,
    0x08, 0x04, 0x08, 0x04, 0x08, 0x04, 0x08, 0x04, 0x08, 0x04, 0x08, 0x04, 0x08, 0x04, 0x08, 0x04,
    0x08, 0x04, 0x08, 0x04, 0x08, 0x04, 0x08, 0x04, 0x08, 0x04, 0x08, 0x04, 0x08, 0x04, 0x08, 0x04,
    0x08, 0x04, 0x08, 0x04, 0x08, 0x04, 0x08, 0x04, 0x08, 0x04, 0x08, 0x04, 0x08, 0x04, 0x08, 0x04,
    0xFF, 0x08, 0x04, 0x08, 0x04, 0x08, 0x04, 0x08, 0x04, 0x08, 0x04, 0x08, 0x04, 0x08, 0x04, 0x08,
    0x04, 0x08, 0x04, 0x08, 0x04, 0x08, 0x04, 0x08, 0x04, 0x08, 0x04, 0x08, 0x04, 0x08, 0x04, 0x08,
    0x04, 0x08, 0x04, 0x08, 0x04, 0x08, 0x04, 0x08, 0x04, 0x08, 0x04, 0x08, 0x04, 0x08, 0x04, 0x08,
    0x04, 0x08, 0x04, 0x08, 0x04, 0x08, 0x04, 0x08, 0x04, 0x08, 0x04, 0x08, 0x04, 0x08, 0x04, 0x08,
    0x24, 0x10, 0x45, 0x10, 0x87, 0x18, 0xE9, 0x19, 0x2B, 0x21, 0x8E, 0x64, 0x5A, 0xBF, 0x9F, 0xCF,
    0xFF, 0xAF, 0x1F, 0x7D, 0x1E, 0x53, 0xBB, 0x42, 0xF8, 0x3A, 0x96, 0x3A, 0x76, 0x42, 0xB7, 0x4B,
    0x19, 0x6C, 0x3C, 0x95, 0xBF, 0xC7, 0x5F, 0xDF, 0xFF, 0xCF, 0x7F, 0x7C, 0xDC, 0x31, 0xD1, 0x21,
    0x2C, 0x18, 0xEA, 0x18, 0xA8, 0x10, 0x66, 0x10, 0x25, 0x08, 0x24, 0x08, 0x04, 0x08, 0x04, 0x08,
    0x04, 0xF1, 0x08, 0x04, 0x08, 0x04, 0x08, 0x04, 0x08, 0x04, 0x08, 0x04, 0x08, 0x04, 0x08, 0x04,
    0x08, 0x04, 0x08, 0x04, 0x08, 0x04, 0x08, 0x04, 0x08, 0x04, 0x08, 0x04, 0x08, 0x04, 0x08, 0x04,
    0x08, 0x04, 0x08, 0x04, 0x08, 0x04, 0x08, 0x04, 0x08, 0x04, 0x08, 0x04, 0x08, 0x04, 0x08, 0x04,
    0x08, 0x04, 0x08, 0x04, 0x08, 0x04, 0x08, 0x04, 0x08, 0x04, 0x08, 0x04, 0x08, 0x04, 0x08, 0x04,
    0x08, 0x04, 0x08, 0x04, 0x08, 0x04, 0x08, 0x04, 0x08, 0x04, 0x08, 0x04, 0x08, 0x04, 0x08, 0x04,
    0x08, 0x04, 0x08, 0x04, 0x08, 0x04, 0x08, 0x04, 0x08, 0x04, 0x08, 0x04, 0x08, 0x04, 0x08, 0x04,
    0x08, 0x04, 0x08, 0x04, 0x08, 0x04, 0x08, 0x04, 0x08, 0x25, 0x10, 0x66, 0x10, 0xA8, 0x19, 0x0A,
    0x21, 0x6D, 0x5B, 0xF9, 0x02, 0xBF, 0x9C, 0xCF, 0xFF, 0x96, 0x3F, 0x53, 0xBB, 0x32, 0x96, 0x32,
    0x34, 0x32, 0x13, 0x32, 0x12, 0x32, 0x12, 0x32, 0x12, 0x32, 0x13, 0x3A, 0x55, 0x52, 0xDA, 0x8C,
    0x5F, 0xBE, 0x3F, 0xE7, 0x02, 0xDF, 0xFF, 0xFF, 0x85, 0x1D, 0x31, 0xD1, 0x21, 0x2B, 0x18, 0xCA,
    0x10, 0x87, 0x10, 0x46, 0x08, 0x25, 0x08, 0x04, 0x08, 0x04, 0x08, 0x04, 0x08, 0x04, 0x08, 0x04,
    0x08, 0x04, 0x08, 0x04, 0x08, 0x04, 0x08, 0x04, 0x08, 0x04, 0x08, 0x04, 0x08, 0x04, 0x08, 0x04,
    0x08, 0x04, 0x08, 0x04, 0x08, 0x04, 0x08, 0x04, 0x08, 0x04, 0x08, 0x04, 0x08, 0x04, 0x08, 0x04,
    0x08, 0x04, 0x08, 0x04, 0x08, 0x04, 0x08, 0x04, 0x08, 0x04, 0x08, 0x04, 0x08, 0x04, 0x08, 0x04,
    0x08, 0x04, 0x08, 0x04, 0x08, 0x04, 0x08, 0x04, 0x08, 0x04, 0x08, 0x04, 0x08, 0x04, 0x08, 0x04,
    0x08, 0x04, 0x08, 0x04, 0x08, 0x04, 0x08, 0x04, 0x08, 0x04, 0x08, 0x04, 0x08, 0x04, 0x08, 0x04,
    0x08, 0x04, 0x08, 0x04, 0x08, 0x04, 0x08, 0x04, 0x08, 0x04, 0x08, 0x04, 0x08, 0x04, 0x08, 0x04,
    0x08, 0x24, 0x10, 0x45, 0x10, 0x87, 0x18, 0xA5, 0xE9, 0x19, 0x2B, 0x3A, 0x93, 0xA6, 0xFF, 0xCF,
    0xFF, 0x96, 0x3F, 0x4B, 0x5A, 0x32, 0x75, 0x32, 0x53, 0x32, 0x12, 0x29, 0xD1, 0x29, 0xB0, 0x29,
    0xB0, 0x29, 0xB0, 0x31, 0xD1, 0x42, 0x14, 0x72, 0xFA, 0xE5, 0x9F, 0xDD, 0xBF, 0xBD, 0x02, 0xDF,
    0xFF, 0xBF, 0xD7, 0xDF, 0x7C, 0xBC, 0x29, 0x6F, 0x21, 0x0B, 0x18, 0xA9, 0x10, 0x66, 0x10, 0x25,
    0x08, 0x24, 0x08, 0x04, 0x08, 0x04, 0x08, 0x04, 0x08, 0x04, 0x08, 0x04, 0x08, 0x04, 0x08, 0x04,
    0x08, 0x04, 0x08, 0x04, 0x08, 0x04, 0x08, 0x04, 0x08, 0x04, 0x08, 0x04, 0x08, 0x04, 0x08, 0x04,
    0x08, 0x04, 0x08, 0x04, 0x08, 0x04, 0x08, 0x04, 0x08, 0x04, 0x08, 0x04, 0x08, 0x04, 0x08, 0x04,
    0x08, 0x04, 0x08, 0x04, 0x08, 0x04, 0x08, 0x04, 0x08, 0x04, 0x08, 0x04, 0x08, 0x04, 0x08, 0x04,
    0x08, 0x04, 0x08, 0x04, 0x08, 0x04, 0x08, 0x04, 0x08, 0x04, 0x08, 0x04, 0x08, 0x04, 0x08, 0x04,
    0x08, 0x04, 0x08, 0x04, 0x08, 0x04, 0x08, 0x04, 0x08, 0x04, 0x08, 0x04, 0x08, 0x04, 0x08, 0x04,
    0x08, 0x04, 0x08, 0x04, 0x08, 0x04, 0x08, 0x04, 0x08, 0x04, 0x08, 0x25, 0x10, 0x66, 0x10, 0xA8,
    0x19, 0xFF, 0x0A, 0x19, 0x4D, 0x6C, 0x7A, 0xCF, 0xFF, 0xA6, 0xFF, 0x4B, 0x9B, 0x32, 0x74, 0x32,
    0x33, 0x29, 0xD1, 0x29, 0x8F, 0x21, 0x6E, 0x21, 0x4D, 0x21, 0x2D, 0x21, 0x2D, 0x29, 0x6E, 0x39,
    0xB2, 0xA3, 0x7C, 0xFF, 0x7F, 0xFF, 0x5F, 0xBC, 0xBF, 0x95, 0x3F, 0xD7, 0xBF, 0xC7, 0x5F, 0x5B,
    0x37, 0x21, 0x0C, 0x18, 0xEA, 0x10, 0x87, 0x10, 0x46, 0x08, 0x24, 0x08, 0x04, 0x08, 0x04, 0x08,
    0x04, 0x08, 0x04, 0x08, 0x04, 0x08, 0x04, 0x08, 0x04, 0x08, 0x04, 0x08, 0x04, 0x08, 0x04, 0x08,
    0x04, 0x08, 0x04, 0x08, 0x04, 0x08, 0x04, 0x08, 0x04, 0x08, 0x04, 0x08, 0x04, 0x08, 0x04, 0x08,
    0x04, 0x08, 0x04, 0x08, 0x04, 0x08, 0x04, 0x08, 0x04, 0x08, 0x04, 0x08, 0x04, 0x08, 0x04, 0x08,
    0x04, 0x08, 0x04, 0x08, 0x04, 0x08, 0x04, 0x08, 0x04, 0x08, 0x04, 0x08, 0x04, 0x08, 0x04, 0x08,
    0x04, 0x08, 0xFF, 0x04, 0x08, 0x04, 0x08, 0x04, 0x08, 0x04, 0x08, 0x04, 0x08, 0x04, 0x08, 0x04,
    0x08, 0x04, 0x08, 0x04, 0x08, 0x04, 0x08, 0x04, 0x08, 0x04, 0x08, 0x04, 0x08, 0x04, 0x08, 0x04,
    0x08, 0x04, 0x08, 0x04, 0x08, 0x25, 0x10, 0x66, 0x18, 0xC8, 0x19, 0x2A, 0x29, 0xD0, 0x96, 0x1E,
    0xC7, 0xFF, 0x6C, 0xBE, 0x32, 0x75, 0x32, 0x33, 0x29, 0xD1, 0x29, 0x6E, 0x21, 0x2D, 0x21, 0x0C,
    0x18, 0xEB, 0x18, 0xEB, 0x20, 0xEB, 0x21, 0x0C, 0x31, 0x4F, 0x93, 0x3A, 0xD4, 0xDF, 0xA3, 0xDD,
    0x73, 0x1B, 0x52, 0xFA, 0x9D, 0xBF, 0xDF, 0xFF, 0x95, 0x7E, 0x29, 0x8F, 0x20, 0xEA, 0x18, 0xA8,
    0x10, 0x66, 0x10, 0x25, 0x08, 0x04, 0x08, 0x04, 0x08, 0x04, 0x08, 0x04, 0x08, 0x04, 0x08, 0x04,
    0x08, 0x04, 0x08, 0x04, 0x08, 0x04, 0x08, 0x04, 0x08, 0x04, 0x08, 0x04, 0x08, 0x04, 0x08, 0x04,
    0x08, 0x04, 0x08, 0xFF, 0x04, 0x08, 0x04, 0x08, 0x04, 0x08, 0x04, 0x08, 0x04, 0x08, 0x04, 0x08,
    0x04, 0x08, 0x04, 0x08, 0x04, 0x08, 0x04, 0x08, 0x04, 0x08, 0x04, 0x08, 0x04, 0x08, 0x04, 0x08,
    0x04, 0x08, 0x04, 0x08, 0x04, 0x08, 0x04, 0x08, 0x04, 0x08, 0x04, 0x08, 0x04, 0x08, 0x04, 0x08,
    0x04, 0x08, 0x04, 0x08, 0x04, 0x08, 0x04, 0x08, 0x04, 0x08, 0x04, 0x08, 0x04, 0x08, 0x04, 0x08,
    0x04, 0x08, 0x04, 0x08, 0x04, 0x08, 0x04, 0x08, 0x04, 0x08, 0x04, 0x08, 0x24, 0x10, 0x45, 0x10,
    0x87, 0x18, 0xE9, 0x19, 0x2B, 0x3A, 0x94, 0xB7, 0x5F, 0xAF, 0x3F, 0x4B, 0x5A, 0x32, 0x33, 0x29,
    0xF1, 0x29, 0x8E, 0x21, 0x2C, 0x18, 0xEB, 0x18, 0xCA, 0x18, 0xCA, 0x18, 0xA9, 0x18, 0xAA, 0x18,
    0xCA, 0x29, 0x0C, 0x41, 0x70, 0x49, 0xB3, 0x41, 0xD3, 0x42, 0x14, 0x3A, 0x35, 0x5B, 0x9C, 0xC7,
    0x1F, 0xC6, 0xFF, 0x4A, 0xFA, 0x95, 0x20, 0xEB, 0x18, 0xC9, 0x10, 0x67, 0x10, 0x25, 0x08, 0x24,
    0x08, 0x04, 0x08, 0x04, 0x08, 0x04, 0x08, 0x04, 0x08, 0x04, 0x08, 0x04, 0x08, 0x04, 0x08, 0x04,
    0x08, 0x04, 0x08, 0x04, 0x08, 0x04, 0x08, 0x04, 0x08, 0x04, 0x08, 0x04, 0x08, 0x04, 0x08, 0x04,
    0x08, 0x04, 0x08, 0x04, 0x08, 0x04, 0x08, 0x04, 0x08, 0x04, 0x08, 0x04, 0x08, 0x04, 0x08, 0x04,
    0x08, 0x04, 0x08, 0x04, 0x08, 0x04, 0x08, 0x04, 0x08, 0x04, 0x08, 0x04, 0x08, 0x04, 0x08, 0x04,
    0x08, 0x04, 0x08, 0x04, 0x08, 0x04, 0x08, 0x04, 0x08, 0x04, 0x08, 0x04, 0x08, 0x04, 0x08, 0x04,
    0x08, 0x04, 0x08, 0x04, 0x08, 0x04, 0x08, 0x04, 0x08, 0x04, 0x08, 0x04, 0x08, 0x04, 0x08, 0x04,
    0x08, 0x04, 0x08, 0x04, 0x08, 0x24, 0x10, 0x45, 0x10, 0x87, 0x18, 0xE9, 0x19, 0x2B, 0x4B, 0x56,
    0x02, 0xBF, 0xFF, 0x8D, 0xDF, 0x3A, 0x76, 0x32, 0x12, 0x29, 0xB0, 0x21, 0x2D, 0x20, 0xEB, 0x18,
    0xCA, 0x18, 0xA9, 0x18, 0x89, 0x18, 0x89, 0x18, 0xA9, 0x18, 0xA9, 0x20, 0xCA, 0x28, 0xEC, 0x29,
    0x2D, 0x31, 0x6F, 0x31, 0xB1, 0x31, 0xF3, 0x42, 0x77, 0x95, 0x7F, 0xD7, 0x9F, 0x63, 0x98, 0x21,
    0x0C, 0x18, 0xEA, 0x10, 0x87, 0x10, 0x45, 0x08, 0x24, 0x08, 0x04, 0x08, 0x04, 0x08, 0x04, 0x08,
    0x04, 0x08, 0x04, 0x08, 0x04, 0x08, 0x04, 0x08, 0x04, 0x08, 0x04, 0x08, 0x04, 0x08, 0x04, 0x08,
    0x04, 0x08, 0x04, 0x08, 0x04, 0x08, 0x04, 0x08, 0x04, 0x08, 0x04, 0x08, 0x04, 0x08, 0x04, 0x08,
    0x04, 0x08, 0x04, 0x08, 0x04, 0x08, 0x04, 0x08, 0x04, 0x08, 0x04, 0x08, 0x04, 0x08, 0x04, 0x08,
    0x04, 0x08, 0x04, 0x08, 0x04, 0x08, 0x04, 0x08, 0x04, 0x08, 0x04, 0x08, 0x04, 0x08, 0x04, 0x08,
    0x04, 0x08, 0x04, 0xFF, 0x08, 0x04, 0x08, 0x04, 0x08, 0x04, 0x08, 0x04, 0x08, 0x04, 0x08, 0x04,
    0x08, 0x04, 0x08, 0x04, 0x08, 0x04, 0x08, 0x04, 0x08, 0x04, 0x08, 0x04, 0x08, 0x04, 0x08, 0x24,
    0x10, 0x45, 0x10, 0x87, 0x18, 0xEA, 0x19, 0x2C, 0x64, 0x19, 0xC7, 0xDF, 0x74, 0xDD, 0x32, 0x34,
    0x31, 0xF2, 0x31, 0x8F, 0x29, 0x2D, 0x18, 0xCA, 0x18, 0xA9, 0x18, 0x88, 0x18, 0x88, 0x18, 0xA9,
    0x20, 0xAA, 0x28, 0xAA, 0x28, 0xCA, 0x28, 0xCB, 0x29, 0x0C, 0x29, 0x2D, 0x29, 0x6F, 0x31, 0xD1,
    0x31, 0xF4, 0x74, 0x3D, 0xD7, 0x7F, 0x7C, 0x5B, 0x21, 0x2D, 0x20, 0xEA, 0x18, 0x88, 0x10, 0x46,
    0x08, 0x24, 0x08, 0x04, 0x08, 0x04, 0x08, 0x04, 0x08, 0x04, 0x08, 0x04, 0x08, 0x04, 0x08, 0x04,
    0x08, 0x04, 0x08, 0x04, 0x08, 0x04, 0x08, 0x04, 0x08, 0x04, 0x08, 0x04, 0x08, 0x04, 0x08, 0x04,
    0x08, 0x04, 0x08, 0x04, 0xFF, 0x08, 0x04, 0x08, 0x04, 0x08, 0x04, 0x08, 0x04, 0x08, 0x04, 0x08,
    0x04, 0x08, 0x04, 0x08, 0x04, 0x08, 0x04, 0x08, 0x04, 0x08, 0x04, 0x08, 0x04, 0x08, 0x04, 0x08,
    0x04, 0x08, 0x04, 0x08, 0x04, 0x08, 0x04, 0x08, 0x04, 0x08, 0x04, 0x08, 0x04, 0x08, 0x04, 0x08,
    0x04, 0x08, 0x04, 0x08, 0x04, 0x08, 0x04, 0x08, 0x04, 0x08, 0x04, 0x08, 0x04, 0x08, 0x04, 0x08,
    0x04, 0x08, 0x04, 0x08, 0x04, 0x08, 0x04, 0x08, 0x24, 0x10, 0x46, 0x10, 0x87, 0x19, 0x0A, 0x19,
    0x2C, 0x6C, 0x7A, 0xC7, 0xBF, 0x6C, 0x3C, 0x42, 0x35, 0x52, 0x35, 0x49, 0xD2, 0x31, 0x4E, 0x28,
    0xEB, 0x18, 0xA9, 0x18, 0x88, 0x20, 0x89, 0x28, 0xAA, 0x41, 0x0D, 0x69, 0xD2, 0x72, 0x13, 0x69,
    0xD2, 0x49, 0x4F, 0x31, 0x2E, 0x31, 0x4F, 0x31, 0xB0, 0x31, 0xD2, 0x5B, 0x5A, 0xC7, 0x1F, 0x95,
    0x3D, 0x29, 0x4E, 0x20, 0xEA, 0xFF, 0x18, 0x88, 0x10, 0x46, 0x08, 0x25, 0x08, 0x04, 0x08, 0x04,
    0x08, 0x04, 0x08, 0x04, 0x08, 0x04, 0x08, 0x04, 0x08, 0x04, 0x08, 0x04, 0x08, 0x04, 0x08, 0x04,
    0x08, 0x04, 0x08, 0x04, 0x08, 0x04, 0x08, 0x04, 0x08, 0x04, 0x08, 0x04, 0x08, 0x04, 0x08, 0x04,
    0x08, 0x04, 0x08, 0x04, 0x08, 0x04, 0x08, 0x04, 0x08, 0x04, 0x08, 0x04, 0x08, 0x04, 0x08, 0x04,
    0x08, 0x04, 0x08, 0x04, 0x08, 0x04, 0x08, 0x04, 0x08, 0x04, 0x08, 0x04, 0x08, 0x04, 0x08, 0x04,
    0x08, 0x04, 0x08, 0x04, 0x08, 0x04, 0x08, 0x04, 0x08, 0x04, 0x08, 0x04, 0x08, 0x04, 0x08, 0x04,
    0x08, 0x04, 0x08, 0x04, 0x08, 0x04, 0x08, 0x04, 0x08, 0x04, 0x08, 0x04, 0x08, 0x04, 0x08, 0x04,
    0x08, 0x25, 0x10, 0x46, 0x10, 0xA7, 0x19, 0x0A, 0x19, 0x2C, 0x74, 0x7A, 0xC7, 0x5F, 0x73, 0xDD,
    0x93, 0x7C, 0xD4, 0xBF, 0xD4, 0x5E, 0xFF, 0x8A, 0x97, 0x39, 0x0D, 0x20, 0xAA, 0x18, 0x89, 0x28,
    0xAA, 0x49, 0x2E, 0xBB, 0x5A, 0xF4, 0x9F, 0xF4, 0x7F, 0xF4, 0x7F, 0xD3, 0xFD, 0x72, 0x14, 0x39,
    0x6F, 0x31, 0x90, 0x31, 0xB1, 0x4A, 0xB8, 0xBE, 0x9F, 0x9D, 0x5D, 0x29, 0x4E, 0x20, 0xEA, 0x18,
    0xA8, 0x10, 0x66, 0x10, 0x25, 0x08, 0x04, 0x08, 0x04, 0x08, 0x04, 0x08, 0x04, 0x08, 0x04, 0x08,
    0x04, 0x08, 0x04, 0x08, 0x04, 0x08, 0x04, 0x08, 0x04, 0x08, 0x04, 0x08, 0x04, 0x08, 0x04, 0x08,
    0x04, 0x08, 0x04, 0x08, 0x04, 0x08, 0x04, 0x08, 0x04, 0x08, 0x04, 0x08, 0x04, 0x08, 0x04, 0x08,
    0x04, 0x08, 0x04, 0x08, 0x04, 0x08, 0x04, 0x08, 0x04, 0x08, 0x04, 0x08, 0x04, 0x08, 0x04, 0x08,
    0x04, 0x08, 0x04, 0x08, 0x04, 0x08, 0x04, 0x08, 0x04, 0x08, 0x04, 0x08, 0x04, 0x08, 0x04, 0x08,
    0x04, 0x08, 0x04, 0x08, 0x04, 0x08, 0x04, 0xFF, 0x08, 0x04, 0x08, 0x04, 0x08, 0x04, 0x08, 0x04,
    0x08, 0x04, 0x08, 0x04, 0x08, 0x04, 0x08, 0x04, 0x08, 0x04, 0x08, 0x25, 0x10, 0x46, 0x10, 0xA7,
    0x19, 0x0A, 0x19, 0x2C, 0x74, 0x9A, 0xCF, 0x7F, 0xB4, 0xBF, 0xFE, 0x7F, 0xFE, 0xFF, 0xFE, 0x7F,
    0xFD, 0x5F, 0x79, 0xF4, 0x30, 0xCB, 0x28, 0xAA, 0x38, 0xCC, 0xAA, 0xF8, 0xFD, 0x5F, 0xFC, 0xFF,
    0xFC, 0xBF, 0xFC, 0xFF, 0xFD, 0x9F, 0xDC, 0x1E, 0x59, 0xB3, 0x39, 0x90, 0x31, 0xB1, 0x42, 0x56,
    0xAE, 0x1F, 0xA5, 0xBE, 0x31, 0x90, 0x20, 0xEA, 0x18, 0xA8, 0x10, 0x66, 0x10, 0x25, 0x08, 0x04,
    0x08, 0x04, 0x08, 0x04, 0x08, 0x04, 0x08, 0x04, 0x08, 0x04, 0x08, 0x04, 0x08, 0x04, 0x08, 0x04,
    0x08, 0x04, 0x08, 0x04, 0x08, 0x04, 0x08, 0x04, 0x08, 0x04, 0x08, 0x04, 0x08, 0x04, 0x08, 0x04,
    0x08, 0x04, 0x08, 0x04, 0x08, 0x04, 0x08, 0x04, 0xFF, 0x08, 0x04, 0x08, 0x04, 0x08, 0x04, 0x08,
    0x04, 0x08, 0x04, 0x08, 0x04, 0x08, 0x04, 0x08, 0x04, 0x08, 0x04, 0x08, 0x04, 0x08, 0x04, 0x08,
    0x04, 0x08, 0x04, 0x08, 0x04, 0x08, 0x04, 0x08, 0x04, 0x08, 0x04, 0x08, 0x04, 0x08, 0x04, 0x08,
    0x04, 0x08, 0x04, 0x08, 0x04, 0x08, 0x04, 0x08, 0x04, 0x08, 0x04, 0x08, 0x04, 0x08, 0x04, 0x08,
    0x04, 0x08, 0x04, 0x08, 0x25, 0x10, 0x46, 0x10, 0xA7, 0x19, 0x0A, 0x19, 0x2C, 0x74, 0x9A, 0xD7,
    0x7F, 0xEE, 0x5F, 0xFF, 0x9F, 0xFD, 0xDF, 0xFE, 0x1F, 0xFE, 0xFF, 0xC3, 0x7A, 0x49, 0x2D, 0x39,
    0x0B, 0x61, 0x90, 0xEC, 0x9E, 0xFD, 0xFF, 0xFC, 0xDF, 0xFC, 0xBF, 0xFC, 0xDF, 0xFD, 0xDF, 0xFD,
    0xBF, 0x92, 0x78, 0x41, 0x91, 0x31, 0xB1, 0x42, 0x36, 0xAD, 0xFF, 0xB6, 0x5F, 0x39, 0xF1, 0x20,
    0xEA, 0x18, 0xA9, 0x10, 0x66, 0x10, 0x25, 0x08, 0x24, 0xFF, 0x08, 0x04, 0x08, 0x04, 0x08, 0x04,
    0x08, 0x04, 0x08, 0x04, 0x08, 0x04, 0x08, 0x04, 0x08, 0x04, 0x08, 0x04, 0x08, 0x04, 0x08, 0x04,
    0x08, 0x04, 0x08, 0x04, 0x08, 0x04, 0x08, 0x04, 0x08, 0x04, 0x08, 0x04, 0x08, 0x04, 0x08, 0x04,
    0x08, 0x04, 0x08, 0x04, 0x08, 0x04, 0x08, 0x04, 0x08, 0x04, 0x08, 0x04, 0x08, 0x04, 0x08, 0x04,
    0x08, 0x04, 0x08, 0x04, 0x08, 0x04, 0x08, 0x04, 0x08, 0x04, 0x08, 0x04, 0x08, 0x04, 0x08, 0x04,
    0x08, 0x04, 0x08, 0x04, 0x08, 0x04, 0x08, 0x04, 0x08, 0x04, 0x08, 0x04, 0x08, 0x04, 0x08, 0x04,
    0x08, 0x04, 0x08, 0x04, 0x08, 0x04, 0x08, 0x04, 0x08, 0x04, 0x08, 0x04, 0x08, 0x25, 0x10, 0x46,
    0x10, 0xA7, 0x18, 0xEA, 0x19, 0x2C, 0x7C, 0x9A, 0xDF, 0x9F, 0xFE, 0x9F, 0xED, 0x5F, 0xDB, 0xFF,
    0xFD, 0x3F, 0xFF, 0x3F, 0xED, 0x3D, 0x71, 0xD0, 0x51, 0x8C, 0xFF, 0x92, 0x74, 0xFD, 0xBF, 0xFD,
    0xBF, 0xBA, 0xF9, 0xBA, 0xFA, 0xFC, 0x5F, 0xFC, 0xFF, 0xFE, 0x7F, 0xC3, 0x9C, 0x49, 0x92, 0x39,
    0xB1, 0x39, 0xF4, 0x9D, 0x5F, 0xB6, 0x5F, 0x39, 0xF1, 0x20, 0xEB, 0x18, 0xA9, 0x10, 0x67, 0x10,
    0x25, 0x08, 0x04, 0x08, 0x04, 0x08, 0x04, 0x08, 0x04, 0x08, 0x04, 0x08, 0x04, 0x08, 0x04, 0x08,
    0x04, 0x08, 0x04, 0x08, 0x04, 0x08, 0x04, 0x08, 0x04, 0x08, 0x04, 0x08, 0x04, 0x08, 0x04, 0x08,
    0x04, 0x08, 0x04, 0x08, 0x04, 0x08, 0x04, 0x08, 0x04, 0x08, 0x04, 0x08, 0x04, 0x08, 0x04, 0x08,
    0x04, 0x08, 0x04, 0x08, 0x04, 0x08, 0x04, 0x08, 0x04, 0x08, 0x04, 0x08, 0x04, 0x08, 0x04, 0x08,
    0x04, 0x08, 0x04, 0x08, 0x04, 0x08, 0x04, 0x08, 0x04, 0x08, 0x04, 0x08, 0x04, 0x08, 0x04, 0x08,
    0x04, 0x08, 0x04, 0x08, 0x04, 0x08, 0x04, 0x08, 0x04, 0x08, 0x04, 0xFF, 0x08, 0x04, 0x08, 0x04,
    0x08, 0x04, 0x08, 0x04, 0x08, 0x04, 0x08, 0x25, 0x10, 0x46, 0x10, 0x87, 0x18, 0xEA, 0x19, 0x2C,
    0x7C, 0x7A, 0xEF, 0xFF, 0xFE, 0xDF, 0xC4, 0x3E, 0xB3, 0xDD, 0xFD, 0x3F, 0xFE, 0x9F, 0xF5, 0xDE,
    0x8A, 0x30, 0x69, 0xEC, 0xAA, 0xF5, 0xFE, 0x5F, 0xEC, 0xDD, 0x81, 0xF1, 0x79, 0xF1, 0xDB, 0xBC,
    0xFC, 0x1F, 0xFE, 0x1F, 0xD4, 0x3E, 0x51, 0xB3, 0x39, 0xB1, 0x31, 0xD3, 0x94, 0xFE, 0xBE, 0x7F,
    0x42, 0x33, 0x20, 0xEB, 0x18, 0xC9, 0x10, 0x67, 0x10, 0x45, 0x08, 0x04, 0x08, 0x04, 0x08, 0x04,
    0x08, 0x04, 0x08, 0x04, 0x08, 0x04, 0x08, 0x04, 0x08, 0x04, 0x08, 0x04, 0x08, 0x04, 0x08, 0x04,
    0x08, 0x04, 0x08, 0x04, 0x08, 0x04, 0x08, 0x04, 0x08, 0x04, 0x08, 0x04, 0x08, 0x04, 0x08, 0x04,
    0x08, 0x04, 0x08, 0x04, 0x08, 0x04, 0x08, 0x04, 0x08, 0x04, 0x08, 0x04, 0xBE, 0x08, 0x04, 0x08,
    0x04, 0x08, 0x04, 0x08, 0x04, 0x08, 0x04, 0x08, 0x04, 0x08, 0x04, 0x08, 0x04, 0x08, 0x04, 0x08,
    0x04, 0x08, 0x04, 0x08, 0x04, 0x08, 0x04, 0x08, 0x04, 0x08, 0x04, 0x08, 0x04, 0x08, 0x04, 0x08,
    0x04, 0x08, 0x04, 0x08, 0x04, 0x08, 0x04, 0x08, 0x04, 0x08, 0x04, 0x08, 0x04, 0x08, 0x04, 0x08,
    0x24, 0x10, 0x45, 0x10, 0x87, 0x18, 0xEA, 0x19, 0x0B, 0x74, 0x19, 0xEF, 0x02, 0xFF, 0x88, 0x7F,
    0xED, 0x7F, 0xAB, 0x7A, 0xD4, 0x3C, 0xFE, 0x7F, 0x02, 0xFE, 0xFF, 0xCC, 0x93, 0xAB, 0xEF, 0xD4,
    0x56, 0xFE, 0xFF, 0xED, 0x1C, 0x82, 0x2F, 0x69, 0xED, 0x8A, 0x52, 0xE3, 0xDD, 0xFE, 0x1F, 0xD4,
    0x3D, 0x59, 0xB3, 0x39, 0xB1, 0x39, 0xD3, 0x8C, 0xFE, 0xCE, 0xFF, 0x52, 0xD5, 0x20, 0xEB, 0x18,
    0xC9, 0x10, 0x67, 0x10, 0x45, 0x08, 0x24, 0x08, 0x04, 0x08, 0x04, 0x08, 0x04, 0x08, 0x04, 0x08,
    0x04, 0x08, 0x04, 0x08, 0x04, 0x08, 0x04, 0x08, 0x04, 0x08, 0x04, 0x08, 0x04, 0x08, 0x04, 0x08,
    0x04, 0x08, 0x04, 0x08, 0x04, 0x08, 0x04, 0x08, 0x04, 0x08, 0x04, 0x08, 0x04, 0x08, 0x04, 0x08,
    0x04, 0x08, 0x04, 0x08, 0x04, 0x08, 0x04, 0x08, 0x04, 0x08, 0x04, 0x08, 0x04, 0x08, 0x04, 0x08,
    0x04, 0x08, 0x04, 0x08, 0x04, 0x08, 0x04, 0x08, 0x04, 0x08, 0x04, 0x08, 0x04, 0x08, 0x04, 0x08,
    0x04, 0x08, 0x04, 0x08, 0x04, 0x08, 0x04, 0x08, 0x04, 0x08, 0x04, 0x9C, 0x08, 0x04, 0x08, 0x04,
    0x08, 0x04, 0x08, 0x04, 0x08, 0x04, 0x08, 0x04, 0x08, 0x04, 0x08, 0x24, 0x10, 0x45, 0x10, 0x87,
    0x18, 0xEA, 0x19, 0x0B, 0x5B, 0x76, 0xE7, 0xBF, 0xF6, 0x02, 0xFF, 0xFF, 0x7F, 0xDC, 0xFC, 0xD4,
    0xB7, 0xFE, 0xDA, 0xFF, 0xFD, 0xFF, 0xFC, 0xFF, 0xDA, 0xFE, 0x97, 0xFF, 0xBE, 0xFE, 0xBC, 0xA3,
    0x0D, 0x6A, 0x2B, 0x7A, 0x2E, 0xE4, 0x9C, 0xFE, 0xFF, 0xD4, 0x1C, 0x51, 0xD1, 0x39, 0xB0, 0x31,
    0xB2, 0x7C, 0x5C, 0xCE, 0xDF, 0x52, 0xD6, 0x20, 0xEB, 0x20, 0xCA, 0x18, 0x87, 0x10, 0x45, 0x08,
    0x24, 0x08, 0x04, 0x08, 0x04, 0x08, 0x04, 0x08, 0x04, 0x08, 0x04, 0x08, 0x04, 0x08, 0x04, 0x08,
    0x04, 0x08, 0x04, 0x08, 0x04, 0x08, 0x04, 0x08, 0x04, 0x08, 0x04, 0x08, 0x04, 0x08, 0x04, 0x08,
    0x04, 0x08, 0x04, 0x08, 0x04, 0x08, 0x04, 0x08, 0x04, 0x08, 0x04, 0x08, 0x04, 0x08, 0x04, 0x08,
    0x04, 0x08, 0x04, 0x08, 0x04, 0x08, 0x04, 0x08, 0x04, 0x08, 0x04, 0x08, 0x04, 0x08, 0x04, 0x08,
    0x04, 0x08, 0x04, 0x08, 0x04, 0x08, 0x04, 0x08, 0x04, 0x08, 0x04, 0x08, 0xFF, 0x04, 0x08, 0x04,
    0x08, 0x04, 0x08, 0x04, 0x08, 0x04, 0x08, 0x04, 0x08, 0x04, 0x08, 0x04, 0x08, 0x04, 0x08, 0x04,
    0x08, 0x04, 0x08, 0x04, 0x08, 0x24, 0x10, 0x45, 0x10, 0x87, 0x18, 0xE9, 0x21, 0x0B, 0x63, 0x76,
    0xE7, 0xDF, 0xD6, 0x1F, 0xF6, 0x9F, 0xFF, 0x5F, 0xFF, 0xBE, 0xFF, 0xBB, 0xFF, 0xFC, 0xFF, 0xF7,
    0xFF, 0xF9, 0xFF, 0xD9, 0xFF, 0xFC, 0xFF, 0xFD, 0xF6, 0xF7, 0xC4, 0xCF, 0xAB, 0x8E, 0xD4, 0x36,
    0xE4, 0xFB, 0x9A, 0xF5, 0x51, 0xCF, 0x41, 0xD0, 0x31, 0xB1, 0x73, 0xFC, 0xCE, 0xFF, 0x6B, 0x78,
    0x20, 0xEC, 0x20, 0xEA, 0x18, 0x88, 0x10, 0x46, 0x08, 0x25, 0x08, 0x04, 0x08, 0x04, 0x08, 0x04,
    0x08, 0x04, 0x08, 0x04, 0x08, 0x04, 0x08, 0x04, 0x08, 0x04, 0x08, 0x04, 0x08, 0x04, 0x08, 0x04,
    0x08, 0x04, 0x08, 0x04, 0x08, 0x04, 0x08, 0x04, 0x08, 0x04, 0x08, 0x04, 0x08, 0xD0, 0x04, 0x08,
    0x04, 0x08, 0x04, 0x08, 0x04, 0x08, 0x04, 0x08, 0x04, 0x08, 0x04, 0x08, 0x04, 0x08, 0x04, 0x08,
    0x04, 0x08, 0x04, 0x08, 0x04, 0x08, 0x04, 0x08, 0x04, 0x08, 0x04, 0x08, 0x04, 0x08, 0x04, 0x08,
    0x04, 0x08, 0x04, 0x08, 0x04, 0x08, 0x04, 0x08, 0x04, 0x08, 0x04, 0x08, 0x04, 0x08, 0x04, 0x08,
    0x04, 0x08, 0x04, 0x08, 0x04, 0x08, 0x04, 0x08, 0x04, 0x08, 0x04, 0x08, 0x04, 0x08, 0x24, 0x10,
    0x45, 0x10, 0x87, 0x18, 0xE9, 0x21, 0x2B, 0x63, 0x96, 0xE7, 0xFF, 0xCE, 0x1E, 0xEE, 0x9E, 0x03,
    0xFF, 0xFF, 0xFE, 0xFF, 0xFA, 0xFF, 0xF6, 0xFF, 0x8D, 0xFF, 0x8E, 0xFF, 0xD0, 0xFF, 0xD0, 0xFF,
    0xF2, 0xFF, 0xF8, 0xFF, 0xFA, 0xFF, 0x78, 0xEE, 0x55, 0xC4, 0x71, 0x7A, 0x8E, 0x52, 0x0E, 0x41,
    0xCF, 0x39, 0xB1, 0x73, 0xBB, 0xD7, 0x1F, 0x7C, 0x1A, 0x21, 0x0D, 0x20, 0xEB, 0x18, 0x88, 0x10,
    0x46, 0x10, 0x25, 0x08, 0x04, 0x08, 0x04, 0x08, 0x04, 0x08, 0x04, 0x08, 0x04, 0x08, 0x04, 0x08,
    0x04, 0x08, 0x04, 0x08, 0x04, 0x08, 0x04, 0x08, 0x04, 0x08, 0x04, 0x08, 0x04, 0x08, 0x04, 0x08,
    0x04, 0x08, 0x04, 0x08, 0x04, 0x08, 0x04, 0x08, 0x04, 0x08, 0x04, 0x08, 0x04, 0x08, 0x04, 0x08,
    0x04, 0x08, 0x04, 0x08, 0x04, 0x08, 0x04, 0x08, 0x04, 0x08, 0x04, 0x08, 0x04, 0x08, 0x04, 0x08,
    0x04, 0x08, 0x04, 0x08, 0x04, 0x08, 0x04, 0x08, 0x04, 0x08, 0x04, 0x08, 0x04, 0x08, 0x04, 0x08,
    0x04, 0x08, 0xA2, 0x04, 0x08, 0x04, 0x08, 0x04, 0x08, 0x04, 0x08, 0x04, 0x08, 0x04, 0x08, 0x04,
    0x08, 0x04, 0x08, 0x04, 0x08, 0x04, 0x08, 0x24, 0x10, 0x45, 0x10, 0x87, 0x18, 0xE9, 0x21, 0x2B,
    0x6B, 0xB6, 0xE7, 0xDF, 0xF7, 0xBF, 0x03, 0xFF, 0xFF, 0xFB, 0xFF, 0xD0, 0xFF, 0x8C, 0xFF, 0x4B,
    0xFE, 0xEA, 0xFE, 0xE9, 0xFF, 0x09, 0xFF, 0x49, 0xFF, 0xA9, 0xFF, 0xEB, 0xFF, 0xF2, 0xFF, 0xFC,
    0xFF, 0xFE, 0xFF, 0xFB, 0xBC, 0xB1, 0x52, 0x0D, 0x49, 0xEF, 0x39, 0xD1, 0x63, 0x3A, 0xCE, 0xDF,
    0x94, 0xDC, 0x29, 0x4F, 0x21, 0x0B, 0x18, 0xA9, 0x10, 0x67, 0x10, 0x25, 0x08, 0x04, 0x08, 0x04,
    0x08, 0x04, 0x08, 0x04, 0x08, 0x04, 0x08, 0x04, 0x08, 0x04, 0x08, 0x04, 0x08, 0x04, 0x08, 0x04,
    0x08, 0x04, 0x08, 0x04, 0x08, 0x04, 0x08, 0x04, 0x08, 0x04, 0x08, 0x04, 0x08, 0x04, 0x08, 0x04,
    0x08, 0x04, 0x08, 0x04, 0x08, 0x04, 0x08, 0x04, 0x08, 0x04, 0x08, 0x04, 0x08, 0x04, 0x08, 0x04,
    0x08, 0x04, 0x08, 0x04, 0x08, 0x04, 0x08, 0x04, 0x08, 0x04, 0x08, 0x04, 0x08, 0x04, 0x08, 0x04,
    0x08, 0x04, 0x08, 0x04, 0x08, 0x04, 0x08, 0x04, 0x08, 0xA1, 0x04, 0x08, 0x04, 0x08, 0x04, 0x08,
    0x04, 0x08, 0x04, 0x08, 0x04, 0x08, 0x04, 0x08, 0x04, 0x08, 0x04, 0x08, 0x04, 0x08, 0x04, 0x08,
    0x24, 0x10, 0x45, 0x10, 0x87, 0x18, 0xE9, 0x21, 0x2B, 0x6B, 0xB6, 0xEF, 0x06, 0xFF, 0xFF, 0xF8,
    0xFF, 0xAC, 0xFF, 0x2B, 0xFE, 0xEA, 0xFE, 0xEA, 0xFE, 0xEA, 0xFF, 0x49, 0xFF, 0xAA, 0xFF, 0xED,
    0xFF, 0xF2, 0xFF, 0xF8, 0xFF, 0xFA, 0xFF, 0xB6, 0xFF, 0xFC, 0xDD, 0xF4, 0x62, 0x2C, 0x4A, 0x0F,
    0x41, 0xD1, 0x5A, 0xD9, 0xC6, 0x9F, 0xB5, 0xDF, 0x39, 0xB2, 0x21, 0x0C, 0x20, 0xCA, 0x18, 0x87,
    0x10, 0x46, 0x08, 0x24, 0x08, 0x04, 0x08, 0x04, 0x08, 0x04, 0x08, 0x04, 0x08, 0x04, 0x08, 0x04,
    0x08, 0x04, 0x08, 0x04, 0x08, 0x04, 0x08, 0x04, 0x08, 0x04, 0x08, 0x04, 0x08, 0x04, 0x08, 0x04,
    0x08, 0x04, 0x08, 0x04, 0x08, 0x04, 0x08, 0x04, 0x08, 0x04, 0x08, 0x04, 0x08, 0x04, 0x08, 0x04,
    0x08, 0x04, 0x08, 0x04, 0x08, 0x04, 0x08, 0x04, 0x08, 0x04, 0x08, 0x04, 0x08, 0x04, 0x08, 0x04,
    0x08, 0x04, 0x08, 0x04, 0x08, 0x04, 0x08, 0x04, 0x08, 0x04, 0x08, 0x04, 0x08, 0x04, 0x08, 0xA6,
    0x04, 0x08, 0x04, 0x08, 0x04, 0x08, 0x04, 0x08, 0x04, 0x08, 0x04, 0x08, 0x04, 0x08, 0x04, 0x08,
    0x04, 0x08, 0x04, 0x08, 0x04, 0x08, 0x24, 0x10, 0x45, 0x10, 0x87, 0x18, 0xE9, 0x21, 0x2B, 0x5B,
    0x34, 0xE7, 0xBF, 0xEF, 0x7F, 0xF7, 0x7E, 0x03, 0xFF, 0xFF, 0xF6, 0xFF, 0x8C, 0xFF, 0x4A, 0xFF,
    0x6B, 0xFF, 0xAD, 0xFF, 0xF1, 0xFF, 0xF6, 0xFF, 0xF9, 0xFF, 0xF9, 0xFF, 0xD7, 0xFF, 0x73, 0xFF,
    0x76, 0xFF, 0xFC, 0xC5, 0x12, 0x62, 0x2D, 0x5A, 0x31, 0x5A, 0x14, 0x5A, 0x99, 0xC6, 0x1F, 0xDF,
    0x1F, 0x5A, 0xF7, 0x29, 0x0D, 0x20, 0xEB, 0x18, 0x88, 0x10, 0x46, 0x10, 0x25, 0x08, 0x04, 0x08,
    0x04, 0x08, 0x04, 0x08, 0x04, 0x08, 0x04, 0x08, 0x04, 0x08, 0x04, 0x08, 0x04, 0x08, 0x04, 0x08,
    0x04, 0x08, 0x04, 0x08, 0x04, 0x08, 0x04, 0x08, 0x04, 0x08, 0x04, 0x08, 0x04, 0x08, 0x04, 0x08,
    0x04, 0x08, 0x04, 0x08, 0x04, 0x08, 0x04, 0x08, 0x04, 0x08, 0x04, 0x08, 0x04, 0x08, 0x04, 0x08,
    0x04, 0x08, 0x04, 0x08, 0x04, 0x08, 0x04, 0x08, 0x04, 0x08, 0x04, 0x08, 0x04, 0x08, 0x04, 0x08,
    0x04, 0x08, 0x04, 0x08, 0x04, 0x08, 0x04, 0x08, 0x04, 0x08, 0xA6, 0x04, 0x08, 0x04, 0x08, 0x04,
    0x08, 0x04, 0x08, 0x04, 0x08, 0x04, 0x08, 0x04, 0x08, 0x04, 0x08, 0x04, 0x08, 0x04, 0x08, 0x24,
    0x10, 0x45, 0x10, 0x87, 0x18, 0xE9, 0x21, 0x2B, 0x4A, 0x92, 0xD7, 0x5F, 0xC6, 0x7E, 0x9C, 0x76,
    0xF7, 0x3B, 0x03, 0xFF, 0x92, 0xF9, 0xFF, 0xF5, 0xFF, 0xF7, 0xFF, 0xF9, 0xFF, 0xF9, 0xFF, 0x96,
    0xFF, 0x73, 0xFF, 0x93, 0xFF, 0xB6, 0xFF, 0xFB, 0x03, 0xFF, 0xFF, 0xDD, 0xAB, 0xD0, 0x59, 0xED,
    0x82, 0xB5, 0xCC, 0x5E, 0xA3, 0x5D, 0xC5, 0x3F, 0xF7, 0xBF, 0x9C, 0xDD, 0x31, 0x4F, 0x29, 0x0C,
    0x20, 0xC9, 0x18, 0x67, 0x10, 0x45, 0x08, 0x24, 0x08, 0x04, 0x08, 0x04, 0x08, 0x04, 0x08, 0x04,
    0x08, 0x04, 0x08, 0x04, 0x08, 0x04, 0x08, 0x04, 0x08, 0x04, 0x08, 0x04, 0x08, 0x04, 0x08, 0x04,
    0x08, 0x04, 0x08, 0x04, 0x08, 0x04, 0x08, 0x04, 0x08, 0x04, 0x08, 0x04, 0x08, 0x04, 0x08, 0x04,
    0x08, 0x04, 0x08, 0x04, 0x08, 0x04, 0x08, 0x04, 0x08, 0x04, 0x08, 0x04, 0x08, 0x04, 0x08, 0x04,
    0x08, 0x04, 0x08, 0x04, 0x08, 0x04, 0x08, 0x04, 0x08, 0x04, 0x08, 0x04, 0x08, 0x04, 0x08, 0x04,
    0x08, 0x04, 0x08, 0x04, 0x08, 0x04, 0x08, 0x04, 0x08, 0x04, 0x08, 0x04, 0x08, 0x04, 0x08, 0x04,
    0x08, 0x04, 0x08, 0x04, 0x08, 0x04, 0x08, 0x24, 0x10, 0x46, 0x10, 0x92, 0x87, 0x18, 0xEA, 0x21,
    0x4C, 0x42, 0x93, 0xCF, 0x3F, 0xBE, 0x5F, 0x73, 0x75, 0xA4, 0x53, 0xDE, 0x36, 0xF6, 0xD7, 0x02,
    0xF6, 0xFF, 0xFE, 0xF4, 0xFE, 0x92, 0xFE, 0x91, 0xFF, 0x13, 0xFF, 0xD8, 0xFF, 0xFC, 0xFF, 0xFC,
    0xFE, 0xD8, 0xFF, 0x3E, 0xFF, 0x1F, 0x9A, 0xF2, 0x59, 0xEE, 0x7A, 0x34, 0xFD, 0x9F, 0xFE, 0xBF,
    0xED, 0xDF, 0xFF, 0x7F, 0xD6, 0xDF, 0x5A, 0xD7, 0x29, 0x0D, 0x20, 0xEB, 0x18, 0x88, 0x10, 0x46,
    0x10, 0x25, 0x08, 0x04, 0x08, 0x04, 0x08, 0x04, 0x08, 0x04, 0x08, 0x04, 0x08, 0x04, 0x08, 0x04,
    0x08, 0x04, 0x08, 0x04, 0x08, 0x04, 0x08, 0x04, 0x08, 0x04, 0x08, 0x04, 0x08, 0x04, 0x08, 0x04,
    0x08, 0x04, 0x08, 0x04, 0x08, 0x04, 0x08, 0x04, 0x08, 0x04, 0x08, 0x04, 0x08, 0x04, 0x08, 0x04,
    0x08, 0x04, 0x08, 0x04, 0x08, 0x04, 0x08, 0x04, 0x08, 0x04, 0x08, 0x04, 0x08, 0x04, 0x08, 0x04,
    0x08, 0x04, 0x08, 0x04, 0x08, 0x04, 0x08, 0x04, 0x08, 0x04, 0x08, 0x04, 0x08, 0x04, 0x08, 0x04,
    0x08, 0x04, 0xFF, 0x08, 0x04, 0x08, 0x04, 0x08, 0x04, 0x08, 0x04, 0x08, 0x04, 0x08, 0x04, 0x08,
    0x04, 0x08, 0x25, 0x10, 0x66, 0x18, 0xA8, 0x21, 0x0B, 0x21, 0x4C, 0x42, 0x74, 0xCF, 0x3F, 0xD6,
    0x9F, 0x93, 0xBA, 0x93, 0x94, 0xDD, 0xD6, 0xF6, 0xF7, 0xF6, 0xF5, 0xF6, 0xF4, 0xFF, 0x35, 0xFF,
    0xF9, 0xFF, 0xFC, 0xFF, 0xDB, 0xF6, 0x96, 0xF5, 0x34, 0xF4, 0xD9, 0xFE, 0x7F, 0xFE, 0x9F, 0xB3,
    0x16, 0x59, 0x8E, 0x59, 0x91, 0xA3, 0x1B, 0xFE, 0x9F, 0xFE, 0x7F, 0xE6, 0x1F, 0xF7, 0x9F, 0xA5,
    0x1E, 0x31, 0x91, 0x29, 0x0C, 0x20, 0xCA, 0x18, 0x67, 0x10, 0x46, 0x08, 0x24, 0x08, 0x04, 0x08,
    0x04, 0x08, 0x04, 0x08, 0x04, 0x08, 0x04, 0x08, 0x04, 0x08, 0x04, 0x08, 0x04, 0x08, 0x04, 0x08,
    0x04, 0x08, 0x04, 0x08, 0x04, 0x08, 0x04, 0x08, 0x04, 0x08, 0x04, 0x08, 0x04, 0x08, 0x04, 0x08,
    0x04, 0x08, 0x04, 0xFF, 0x08, 0x04, 0x08, 0x04, 0x08, 0x04, 0x08, 0x04, 0x08, 0x04, 0x08, 0x04,
    0x08, 0x04, 0x08, 0x04, 0x08, 0x04, 0x08, 0x04, 0x08, 0x04, 0x08, 0x04, 0x08, 0x04, 0x08, 0x04,
    0x08, 0x04, 0x08, 0x04, 0x08, 0x04, 0x08, 0x04, 0x08, 0x04, 0x08, 0x04, 0x08, 0x04, 0x08, 0x04,
    0x08, 0x04, 0x08, 0x04, 0x08, 0x04, 0x08, 0x04, 0x08, 0x24, 0x10, 0x45, 0x10, 0x87, 0x18, 0xE9,
    0x21, 0x4C, 0x21, 0x6E, 0x63, 0xB9, 0xEF, 0xBF, 0xFF, 0xBF, 0xF6, 0x5F, 0xAB, 0xB9, 0xC4, 0xF6,
    0xFF, 0x9B, 0xFF, 0xFD, 0xFF, 0xFC, 0xFF, 0xFB, 0xFF, 0x78, 0xE5, 0xF3, 0xD4, 0x71, 0xE4, 0x77,
    0xFD, 0x9E, 0xFD, 0xDF, 0xFD, 0x1F, 0xFD, 0x5F, 0xDB, 0xFC, 0x59, 0x70, 0x49, 0x4F, 0x59, 0x92,
    0x9A, 0xFA, 0x9B, 0x3C, 0x83, 0xBE, 0xDE, 0xDF, 0xD6, 0xDF, 0x62, 0xF8, 0x29, 0x0D, 0x20, 0xEB,
    0x18, 0x88, 0x10, 0x46, 0xE9, 0x10, 0x25, 0x08, 0x04, 0x08, 0x04, 0x08, 0x04, 0x08, 0x04, 0x08,
    0x04, 0x08, 0x04, 0x08, 0x04, 0x08, 0x04, 0x08, 0x04, 0x08, 0x04, 0x08, 0x04, 0x08, 0x04, 0x08,
    0x04, 0x08, 0x04, 0x08, 0x04, 0x08, 0x04, 0x08, 0x04, 0x08, 0x04, 0x08, 0x04, 0x08, 0x04, 0x08,
    0x04, 0x08, 0x04, 0x08, 0x04, 0x08, 0x04, 0x08, 0x04, 0x08, 0x04, 0x08, 0x04, 0x08, 0x04, 0x08,
    0x04, 0x08, 0x04, 0x08, 0x04, 0x08, 0x04, 0x08, 0x04, 0x08, 0x04, 0x08, 0x04, 0x08, 0x04, 0x08,
    0x04, 0x08, 0x04, 0x08, 0x04, 0x08, 0x04, 0x08, 0x04, 0x08, 0x04, 0x08, 0x04, 0x08, 0x04, 0x08,
    0x24, 0x10, 0x45, 0x10, 0x66, 0x18, 0xA8, 0x21, 0x0B, 0x21, 0x4D, 0x3A, 0x54, 0xBE, 0x9F, 0x05,
    0xFF, 0xFF, 0x9F, 0xE5, 0x1E, 0x8A, 0xB3, 0x9B, 0x70, 0xBC, 0xD1, 0xCD, 0x11, 0xC4, 0x90, 0xAB,
    0x6D, 0xBB, 0x52, 0xF4, 0xFC, 0xFD, 0xBF, 0xFC, 0xBF, 0xE3, 0x9B, 0xDB, 0x1B, 0xF3, 0xBE, 0xFC,
    0xBF, 0x9A, 0x97, 0x41, 0x0E, 0x41, 0x4F, 0x41, 0x71, 0x41, 0xB3, 0x52, 0x37, 0xA5, 0x1F, 0xEF,
    0x7F, 0xAD, 0x5F, 0x39, 0xB2, 0x29, 0x0C, 0x20, 0xCA, 0x18, 0x88, 0x10, 0x46, 0x10, 0x25, 0x08,
    0x04, 0x08, 0x04, 0x08, 0x04, 0x08, 0x04, 0x08, 0x04, 0x08, 0x04, 0x08, 0x04, 0x08, 0x04, 0x08,
    0x04, 0x08, 0x04, 0x08, 0x04, 0x08, 0x04, 0x08, 0x04, 0x08, 0x04, 0x08, 0x04, 0x08, 0x04, 0x08,
    0x04, 0x08, 0x04, 0x08, 0x04, 0x08, 0x04, 0x08, 0x04, 0x08, 0x04, 0x08, 0x04, 0x08, 0x04, 0x08,
    0x04, 0x08, 0x04, 0x08, 0x04, 0x08, 0x04, 0x08, 0x04, 0x08, 0x04, 0x08, 0x04, 0x08, 0x04, 0x08,
    0x04, 0x08, 0xA1, 0x04, 0x08, 0x04, 0x08, 0x04, 0x08, 0x04, 0x08, 0x04, 0x08, 0x04, 0x08, 0x04,
    0x08, 0x04, 0x08, 0x04, 0x08, 0x04, 0x08, 0x25, 0x10, 0x46, 0x10, 0x88, 0x18, 0xEA, 0x21, 0x4C,
    0x29, 0xB0, 0x85, 0x1D, 0xEF, 0x04, 0xFF, 0xFF, 0x1F, 0xFD, 0x9F, 0xFE, 0x1F, 0xBB, 0xDA, 0x6A,
    0x0F, 0x61, 0xEC, 0x69, 0xEB, 0x72, 0x0D, 0xBB, 0x55, 0xFD, 0x3F, 0xFD, 0x3F, 0xE3, 0xBC, 0xC2,
    0xB8, 0xAA, 0x76, 0xAA, 0x76, 0xBA, 0x79, 0xF3, 0xDE, 0xEC, 0x3F, 0x69, 0xB2, 0x39, 0x0D, 0x31,
    0x4E, 0x39, 0x90, 0x39, 0xB3, 0x63, 0x3B, 0xCE, 0x9F, 0xE7, 0x1F, 0x73, 0x7A, 0x29, 0x2E, 0x29,
    0x0C, 0x18, 0xA9, 0x10, 0x67, 0x10, 0x45, 0x08, 0x24, 0x08, 0x04, 0x08, 0x04, 0x08, 0x04, 0x08,
    0x04, 0x08, 0x04, 0x08, 0x04, 0x08, 0x04, 0x08, 0x04, 0x08, 0x04, 0x08, 0x04, 0x08, 0x04, 0x08,
    0x04, 0x08, 0x04, 0x08, 0x04, 0x08, 0x04, 0x08, 0x04, 0x08, 0x04, 0x08, 0x04, 0x08, 0x04, 0x08,
    0x04, 0x08, 0x04, 0x08, 0x04, 0x08, 0x04, 0x08, 0x04, 0x08, 0x04, 0x08, 0x04, 0x08, 0x04, 0x08,
    0x04, 0x08, 0x04, 0x08, 0x04, 0x08, 0x04, 0x08, 0xFF, 0x04, 0x08, 0x04, 0x08, 0x04, 0x08, 0x04,
    0x08, 0x04, 0x08, 0x04, 0x08, 0x04, 0x08, 0x04, 0x08, 0x04, 0x08, 0x04, 0x08, 0x24, 0x10, 0x45,
    0x10, 0x87, 0x18, 0xC9, 0x21, 0x2C, 0x21, 0x6E, 0x63, 0xD9, 0xD7, 0x9F, 0xF7, 0xDF, 0xFF, 0x1F,
    0xFD, 0xBF, 0xF3, 0xDF, 0xFC, 0xDF, 0xFD, 0x3F, 0xAB, 0x38, 0x7A, 0x11, 0x82, 0x51, 0xC3, 0x78,
    0xFD, 0x1F, 0xF4, 0x5E, 0xCA, 0xF9, 0xAA, 0x56, 0x92, 0x34, 0x89, 0xF3, 0x89, 0xF4, 0x9A, 0x35,
    0xC2, 0x9A, 0xFC, 0x5F, 0xB3, 0x1A, 0x41, 0x0E, 0x31, 0x0D, 0x31, 0x4F, 0x39, 0x91, 0x41, 0xF5,
    0x94, 0x9F, 0xE7, 0x5F, 0xBD, 0xFF, 0x4A, 0x35, 0x29, 0x0D, 0x20, 0xEB, 0x18, 0x88, 0x10, 0x46,
    0x10, 0x25, 0x08, 0x04, 0x08, 0x04, 0x08, 0x04, 0x08, 0x04, 0x08, 0x04, 0x08, 0x04, 0x08, 0x04,
    0x08, 0x04, 0x08, 0x04, 0x08, 0x04, 0x08, 0x04, 0x08, 0xFF, 0x04, 0x08, 0x04, 0x08, 0x04, 0x08,
    0x04, 0x08, 0x04, 0x08, 0x04, 0x08, 0x04, 0x08, 0x04, 0x08, 0x04, 0x08, 0x04, 0x08, 0x04, 0x08,
    0x04, 0x08, 0x04, 0x08, 0x04, 0x08, 0x04, 0x08, 0x04, 0x08, 0x04, 0x08, 0x04, 0x08, 0x04, 0x08,
    0x04, 0x08, 0x04, 0x08, 0x04, 0x08, 0x04, 0x08, 0x04, 0x08, 0x04, 0x08, 0x04, 0x08, 0x04, 0x08,
    0x04, 0x08, 0x04, 0x08, 0x24, 0x10, 0x45, 0x10, 0x66, 0x18, 0xA8, 0x21, 0x0B, 0x21, 0x4D, 0x42,
    0x95, 0xB6, 0xBF, 0xEF, 0xFF, 0xE6, 0xDF, 0xFE, 0x3F, 0xF4, 0x7F, 0xCB, 0x3E, 0xCB, 0x3D, 0xF4,
    0x3F, 0xF4, 0x9F, 0xDB, 0xFD, 0xE4, 0x1D, 0xFC, 0x7F, 0xE3, 0x9D, 0xB2, 0x77, 0x9A, 0x34, 0x89,
    0xF3, 0x81, 0xD2, 0x79, 0xD2, 0x81, 0xD2, 0x89, 0xF4, 0xA2, 0x36, 0xE3, 0x7D, 0xEC, 0x1F, 0x61,
    0x92, 0x30, 0xED, 0x29, 0x0D, 0x31, 0x70, 0x39, 0xB2, 0x5A, 0xFF, 0xDA, 0xC6, 0x1F, 0xEF, 0x5F,
    0x94, 0x9D, 0x31, 0x70, 0x29, 0x0C, 0x20, 0xCA, 0x18, 0x88, 0x10, 0x46, 0x10, 0x25, 0x08, 0x04,
    0x08, 0x04, 0x08, 0x04, 0x08, 0x04, 0x08, 0x04, 0x08, 0x04, 0x08, 0x04, 0x08, 0x04, 0x08, 0x04,
    0x08, 0x04, 0x08, 0x04, 0x08, 0x04, 0x08, 0x04, 0x08, 0x04, 0x08, 0x04, 0x08, 0x04, 0x08, 0x04,
    0x08, 0x04, 0x08, 0x04, 0x08, 0x04, 0x08, 0x04, 0x08, 0x04, 0x08, 0x04, 0x08, 0x04, 0x08, 0x04,
    0x08, 0x04, 0x08, 0x04, 0x08, 0x04, 0x08, 0x04, 0x08, 0x04, 0x08, 0x04, 0x08, 0x04, 0x08, 0x04,
    0x08, 0x04, 0x08, 0x04, 0x08, 0x04, 0x08, 0x04, 0x08, 0x04, 0x08, 0x04, 0x08, 0x25, 0x10, 0x66,
    0x10, 0xA8, 0x18, 0xEA, 0x21, 0x4C, 0x29, 0xD0, 0x8D, 0x5E, 0xE7, 0xFF, 0xD6, 0xFF, 0xDD, 0xDF,
    0xFD, 0x9F, 0xCB, 0x7E, 0xAA, 0xDA, 0xA2, 0x98, 0xAA, 0x78, 0xC2, 0xFF, 0xDA, 0xCA, 0xFA, 0xC2,
    0xFA, 0xB2, 0x98, 0x9A, 0x35, 0x89, 0xF3, 0x81, 0xD2, 0x79, 0xB1, 0x79, 0xB1, 0x79, 0xB1, 0x79,
    0xB1, 0x81, 0xD2, 0x92, 0x14, 0xC2, 0x99, 0xF4, 0x3F, 0x92, 0x76, 0x38, 0xED, 0x31, 0x0D, 0x29,
    0x2E, 0x39, 0x91, 0x41, 0xD4, 0x7B, 0xDD, 0xDE, 0xDF, 0xDE, 0xDF, 0x73, 0x5A, 0x29, 0x2E, 0x28,
    0xEC, 0x20, 0xA9, 0x18, 0x67, 0x10, 0x46, 0x10, 0x25, 0x08, 0x04, 0x08, 0x04, 0x08, 0x04, 0x08,
    0x04, 0x08, 0x04, 0x08, 0x04, 0x08, 0x04, 0x08, 0x04, 0x08, 0x04, 0x08, 0x04, 0x08, 0x04, 0x08,
    0x04, 0x08, 0x04, 0x08, 0x04, 0x08, 0x04, 0x08, 0x04, 0x08, 0x04, 0x08, 0x04, 0x08, 0x04, 0x08,
    0x04, 0x08, 0x04, 0x08, 0x04, 0x08, 0x04, 0x08, 0x04, 0x08, 0x04, 0x08, 0x04, 0x08, 0x04, 0x08,
    0x04, 0x08, 0x04, 0x08, 0x04, 0x08, 0x04, 0x08, 0x04, 0x08, 0x04, 0x08, 0xFF, 0x04, 0x08, 0x04,
    0x08, 0x04, 0x08, 0x04, 0x08, 0x24, 0x10, 0x45, 0x10, 0x87, 0x18, 0xC9, 0x21, 0x2C, 0x21, 0x6E,
    0x63, 0xFA, 0xCF, 0xBF, 0xD7, 0xBF, 0xAD, 0x1F, 0xF5, 0x9F, 0xEC, 0x7F, 0xB2, 0xDC, 0x9A, 0x77,
    0x8A, 0x35, 0x8A, 0x14, 0x89, 0xF4, 0x89, 0xF4, 0x89, 0xF4, 0x89, 0xF3, 0x81, 0xD2, 0x79, 0xB1,
    0x71, 0xB1, 0x71, 0xB1, 0x71, 0xB1, 0x71, 0xB1, 0x71, 0xB1, 0x79, 0xB1, 0x89, 0xF3, 0xAA, 0x37,
    0xEB, 0xBE, 0xBB, 0x5B, 0x41, 0x0E, 0x30, 0xEC, 0x31, 0x0D, 0x39, 0x70, 0x41, 0xB3, 0x52, 0x38,
    0xA4, 0xFF, 0xEF, 0x5F, 0xCE, 0x3F, 0x5A, 0x76, 0x29, 0x0D, 0x20, 0xEB, 0x18, 0x89, 0x10, 0x47,
    0x10, 0x25, 0x08, 0x24, 0x08, 0x04, 0x08, 0x04, 0x08, 0x04, 0x08, 0x04, 0x08, 0x04, 0x08, 0x04,
    0x08, 0x04, 0x08, 0x04, 0x08, 0x04, 0x08, 0x04, 0x08, 0x04, 0x08, 0x04, 0x08, 0xFF, 0x04, 0x08,
    0x04, 0x08, 0x04, 0x08, 0x04, 0x08, 0x04, 0x08, 0x04, 0x08, 0x04, 0x08, 0x04, 0x08, 0x04, 0x08,
    0x04, 0x08, 0x04, 0x08, 0x04, 0x08, 0x04, 0x08, 0x04, 0x08, 0x04, 0x08, 0x04, 0x08, 0x04, 0x08,
    0x04, 0x08, 0x04, 0x08, 0x04, 0x08, 0x04, 0x08, 0x04, 0x08, 0x04, 0x08, 0x24, 0x10, 0x45, 0x10,
    0x66, 0x18, 0xA8, 0x21, 0x0B, 0x21, 0x4D, 0x4A, 0xF7, 0xB6, 0xFF, 0xDF, 0xFF, 0x9D, 0x9F, 0x8B,
    0xBE, 0xF5, 0x3F, 0xD3, 0x7E, 0xA2, 0x99, 0x8A, 0x35, 0x81, 0xF3, 0x79, 0xF3, 0x79, 0xD2, 0x79,
    0xD2, 0x79, 0xD2, 0x79, 0xB1, 0x71, 0xB1, 0x71, 0xB1, 0x71, 0xB0, 0x71, 0x90, 0x71, 0x90, 0x71,
    0x90, 0x71, 0xB1, 0x79, 0xB1, 0x81, 0xD2, 0x9A, 0x15, 0xDB, 0x3C, 0xDB, 0xDE, 0x59, 0x70, 0x30,
    0xCC, 0x30, 0xED, 0x6A, 0x14, 0x72, 0x58, 0x51, 0xF5, 0x6A, 0xDB, 0xC5, 0xBF, 0xF7, 0xFF, 0x5F,
    0xB5, 0x3F, 0x41, 0xD3, 0x28, 0xEC, 0x20, 0xCA, 0x18, 0x88, 0x10, 0x46, 0x10, 0x25, 0x08, 0x04,
    0x08, 0x04, 0x08, 0x04, 0x08, 0x04, 0x08, 0x04, 0x08, 0x04, 0x08, 0x04, 0x08, 0x04, 0x08, 0x04,
    0x08, 0x04, 0x08, 0x04, 0x08, 0x04, 0x08, 0x04, 0x08, 0x04, 0x08, 0x04, 0x08, 0x04, 0x08, 0x04,
    0x08, 0x04, 0x08, 0x04, 0x08, 0x04, 0x08, 0x04, 0x08, 0x04, 0x08, 0x04, 0x08, 0x04, 0x08, 0x04,
    0x08, 0x04, 0x08, 0x04, 0x08, 0x04, 0x08, 0x04, 0x08, 0x04, 0x08, 0x04, 0x08, 0x04, 0x08, 0x04,
    0x08, 0x04, 0x08, 0x04, 0x08, 0x25, 0x10, 0x46, 0x10, 0x88, 0x18, 0xEA, 0x21, 0x4C, 0x3A, 0x33,
    0x9E, 0x1F, 0xDF, 0xFF, 0xAE, 0x7F, 0x63, 0x3B, 0x7B, 0x3B, 0xEC, 0xBF, 0xC3, 0x1C, 0x92, 0x57,
    0x82, 0x14, 0x79, 0xF3, 0x79, 0xD2, 0x71, 0xB1, 0x71, 0xB1, 0x71, 0xB1, 0x71, 0xB1, 0x71, 0xFF,
    0xB0, 0x71, 0x90, 0x71, 0x90, 0x71, 0x90, 0x71, 0x90, 0x71, 0x90, 0x71, 0x90, 0x71, 0xB1, 0x79,
    0xD2, 0x91, 0xF4, 0xC2, 0xB9, 0xF4, 0x1F, 0x82, 0x14, 0x38, 0xCC, 0x30, 0xEC, 0x7A, 0x56, 0xE4,
    0x7F, 0x92, 0xDB, 0x5A, 0x17, 0x83, 0x7D, 0xD6, 0x7F, 0xEF, 0x1F, 0x94, 0x3D, 0x31, 0x50, 0x28,
    0xEC, 0x20, 0xA9, 0x18, 0x67, 0x10, 0x25, 0x08, 0x24, 0x08, 0x04, 0x08, 0x04, 0x08, 0x04, 0x08,
    0x04, 0x08, 0x04, 0x08, 0x04, 0x08, 0x04, 0x08, 0x04, 0x08, 0x04, 0x08, 0x04, 0x08, 0x04, 0x08,
    0x04, 0x08, 0x04, 0x08, 0x04, 0x08, 0x04, 0x08, 0x04, 0x08, 0x04, 0x08, 0x04, 0x08, 0x04, 0x08,
    0x04, 0x08, 0x04, 0x08, 0x04, 0x08, 0x04, 0x08, 0x04, 0x08, 0x04, 0x08, 0x04, 0x08, 0x04, 0x08,
    0x04, 0x08, 0x04, 0x08, 0x04, 0x08, 0x04, 0x08, 0x04, 0x08, 0x04, 0x08, 0x24, 0x10, 0x45, 0x10,
    0xFF, 0x67, 0x18, 0xC9, 0x21, 0x2B, 0x29, 0x8F, 0x84, 0xDD, 0xDF, 0xFF, 0xC7, 0x3F, 0x6B, 0xFD,
    0x4A, 0x57, 0x7B, 0x1A, 0xE4, 0x7F, 0xBA, 0xFB, 0x92, 0x36, 0x79, 0xF3, 0x79, 0xD2, 0x71, 0xB1,
    0x71, 0xB1, 0x71, 0xB0, 0x71, 0xB0, 0x71, 0xB0, 0x71, 0x90, 0x71, 0x90, 0x71, 0x90, 0x71, 0x90,
    0x71, 0x90, 0x71, 0x90, 0x71, 0x90, 0x71, 0xB1, 0x79, 0xB1, 0x89, 0xF3, 0xAA, 0x37, 0xF3, 0xDF,
    0xBB, 0x3A, 0x49, 0x0E, 0x38, 0xED, 0x49, 0x30, 0xCB, 0xDC, 0xF4, 0xDF, 0x82, 0x7A, 0x62, 0x38,
    0x94, 0x3F, 0xE6, 0xDF, 0xDE, 0x9F, 0x6A, 0xF9, 0x29, 0x0D, 0x28, 0xCB, 0x18, 0x88, 0x10, 0x46,
    0x10, 0x25, 0x08, 0x04, 0x08, 0x04, 0x08, 0x04, 0x08, 0x04, 0x08, 0x04, 0x08, 0x04, 0x08, 0x04,
    0x08, 0x04, 0x08, 0x04, 0x08, 0x04, 0x08, 0x04, 0x08, 0x04, 0x08, 0x04, 0x08, 0x04, 0x08, 0x04,
    0x08, 0xB0, 0x04, 0x08, 0x04, 0x08, 0x04, 0x08, 0x04, 0x08, 0x04, 0x08, 0x04, 0x08, 0x04, 0x08,
    0x04, 0x08, 0x04, 0x08, 0x04, 0x08, 0x04, 0x08, 0x04, 0x08, 0x04, 0x08, 0x04, 0x08, 0x04, 0x08,
    0x04, 0x08, 0x04, 0x08, 0x04, 0x08, 0x25, 0x10, 0x66, 0x10, 0xA8, 0x19, 0x0A, 0x21, 0x2C, 0x5B,
    0x37, 0xD7, 0x7F, 0x02, 0xFF, 0xFF, 0xA5, 0x5F, 0x52, 0x98, 0x52, 0x56, 0x8B, 0x1B, 0xEC, 0x9F,
    0xBA, 0xDA, 0x8A, 0x15, 0x79, 0xD2, 0x71, 0xB1, 0x71, 0xB1, 0x71, 0xB0, 0x71, 0xB0, 0x71, 0xB0,
    0x71, 0x90, 0x71, 0x90, 0x71, 0x90, 0x71, 0x90, 0x71, 0x90, 0x71, 0x90, 0x71, 0x90, 0x71, 0x90,
    0x71, 0xB0, 0x79, 0xB1, 0x81, 0xD2, 0x9A, 0x15, 0xD3, 0x1B, 0xF4, 0x3F, 0x79, 0xD3, 0x38, 0xCC,
    0x41, 0x0D, 0x71, 0xD5, 0xFD, 0x3F, 0xDC, 0x5F, 0x72, 0x19, 0x62, 0x7A, 0xAC, 0xFF, 0xF7, 0x1F,
    0xBD, 0x7F, 0x41, 0xD3, 0x28, 0xEC, 0x20, 0xAA, 0x18, 0x67, 0x10, 0x46, 0x10, 0x25, 0x08, 0x04,
    0x08, 0x04, 0x08, 0x04, 0x08, 0x04, 0x08, 0x04, 0x08, 0x04, 0x08, 0x04, 0x08, 0x04, 0x08, 0x04,
    0x08, 0x04, 0x08, 0x04, 0x08, 0x04, 0x08, 0x04, 0x08, 0x04, 0x08, 0x04, 0x08, 0x04, 0x08, 0x04,
    0x08, 0x04, 0x08, 0x04, 0x08, 0x04, 0xA4, 0x08, 0x04, 0x08, 0x04, 0x08, 0x04, 0x08, 0x04, 0x08,
    0x04, 0x08, 0x04, 0x08, 0x04, 0x08, 0x04, 0x08, 0x04, 0x08, 0x04, 0x08, 0x04, 0x08, 0x24, 0x10,
    0x45, 0x10, 0x67, 0x18, 0xC9, 0x21, 0x2B, 0x29, 0xB0, 0x9D, 0xBE, 0xF7, 0x03, 0xFF, 0xFF, 0x9C,
    0x5E, 0x52, 0x57, 0x6A, 0x78, 0xDC, 0x9F, 0xF4, 0x5F, 0xAA, 0x78, 0x82, 0x14, 0x79, 0xD2, 0x71,
    0xB1, 0x71, 0xB1, 0x71, 0xB0, 0x71, 0xB0, 0x71, 0xB0, 0x71, 0x90, 0x71, 0x90, 0x71, 0x90, 0x71,
    0x90, 0x71, 0x90, 0x71, 0x90, 0x71, 0x90, 0x71, 0x90, 0x71, 0x90, 0x71, 0xB1, 0x79, 0xB1, 0x89,
    0xF3, 0xB2, 0x58, 0xF4, 0x1F, 0xC3, 0x5B, 0x49, 0x0E, 0x38, 0xED, 0x49, 0x0F, 0xB3, 0x3B, 0xFD,
    0xBF, 0xA2, 0xFC, 0x61, 0xF7, 0x72, 0xFC, 0xCD, 0xFF, 0xEE, 0xFF, 0x8B, 0xDC, 0x31, 0x0E, 0x28,
    0xCB, 0x18, 0x89, 0x10, 0x46, 0x10, 0x25, 0x08, 0x04, 0x08, 0x04, 0x08, 0x04, 0x08, 0x04, 0x08,
    0x04, 0x08, 0x04, 0x08, 0x04, 0x08, 0x04, 0x08, 0x04, 0x08, 0x04, 0x08, 0x04, 0x08, 0x04, 0x08,
    0x04, 0x08, 0x04, 0x08, 0x04, 0x08, 0x04, 0x08, 0x04, 0x08, 0x04, 0x08, 0x04, 0x08, 0x04, 0xA3,
    0x08, 0x04, 0x08, 0x04, 0x08, 0x04, 0x08, 0x04, 0x08, 0x04, 0x08, 0x04, 0x08, 0x04, 0x08, 0x04,
    0x08, 0x04, 0x08, 0x04, 0x08, 0x04, 0x08, 0x24, 0x10, 0x46, 0x10, 0x87, 0x18, 0xEA, 0x21, 0x2C,
    0x52, 0xF6, 0xCF, 0x5F, 0x02, 0xFF, 0xFF, 0xDE, 0x1F, 0x72, 0xFB, 0x5A, 0x57, 0xB3, 0xBD, 0xFD,
    0x1F, 0xCB, 0x1C, 0x92, 0x36, 0x81, 0xF3, 0x79, 0xD1, 0x71, 0xB1, 0x71, 0xB1, 0x71, 0xB0, 0x71,
    0xB0, 0x71, 0x90, 0x71, 0x90, 0x71, 0x90, 0x71, 0x90, 0x71, 0x90, 0x71, 0x90, 0x71, 0x90, 0x71,
    0x90, 0x71, 0x90, 0x71, 0x90, 0x71, 0xB0, 0x79, 0xB1, 0x81, 0xD2, 0x9A, 0x15, 0xD3, 0x1B, 0xFC,
    0x5F, 0x82, 0x14, 0x38, 0xCC, 0x40, 0xED, 0x69, 0x73, 0xEC, 0xDF, 0xEC, 0xBF, 0x7A, 0x39, 0x59,
    0xF7, 0x93, 0xFE, 0xEE, 0xDF, 0xD5, 0xFF, 0x52, 0x15, 0x28, 0xEC, 0x20, 0xAA, 0x18, 0x67, 0x10,
    0x46, 0x08, 0x24, 0x08, 0x04, 0x08, 0x04, 0x08, 0x04, 0x08, 0x04, 0x08, 0x04, 0x08, 0x04, 0x08,
    0x04, 0x08, 0x04, 0x08, 0x04, 0x08, 0x04, 0x08, 0x04, 0x08, 0x04, 0x08, 0x04, 0x08, 0x04, 0x08,
    0x04, 0x08, 0x04, 0x08, 0x04, 0x08, 0x04, 0xFF, 0x08, 0x04, 0x08, 0x04, 0x08, 0x04, 0x08, 0x04,
    0x08, 0x04, 0x08, 0x04, 0x08, 0x04, 0x08, 0x04, 0x08, 0x04, 0x08, 0x04, 0x08, 0x04, 0x08, 0x04,
    0x08, 0x25, 0x10, 0x66, 0x18, 0xC8, 0x21, 0x2B, 0x21, 0x6E, 0x7C, 0xBC, 0xE7, 0xFF, 0xC6, 0x7F,
    0x6B, 0x1B, 0x52, 0x57, 0x7A, 0xB9, 0xF4, 0xFF, 0xEB, 0xFE, 0xAA, 0x78, 0x8A, 0x14, 0x79, 0xD2,
    0x71, 0xB1, 0x71, 0xB1, 0x71, 0xB0, 0x71, 0xB0, 0x71, 0xB0, 0x71, 0x90, 0x71, 0x90, 0x71, 0x90,
    0x71, 0x90, 0x71, 0x90, 0x71, 0x90, 0x71, 0x90, 0x71, 0x90, 0x71, 0x90, 0x71, 0x90, 0x71, 0xB0,
    0x71, 0xB1, 0x79, 0xB1, 0x89, 0xF3, 0xAA, 0x37, 0xF3, 0xFF, 0xCB, 0x7C, 0x49, 0x0E, 0x38, 0xCC,
    0x40, 0xEE, 0xA2, 0xB9, 0xFD, 0xBF, 0xAB, 0x1C, 0x59, 0xD6, 0x62, 0x5A, 0xBD, 0x5F, 0xF6, 0xFF,
    0x8B, 0xFC, 0x31, 0x0E, 0x28, 0xCB, 0x18, 0x88, 0xFF, 0x10, 0x46, 0x10, 0x25, 0x08, 0x04, 0x08,
    0x04, 0x08, 0x04, 0x08, 0x04, 0x08, 0x04, 0x08, 0x04, 0x08, 0x04, 0x08, 0x04, 0x08, 0x04, 0x08,
    0x04, 0x08, 0x04, 0x08, 0x04, 0x08, 0x04, 0x08, 0x04, 0x08, 0x04, 0x08, 0x04, 0x08, 0x04, 0x08,
    0x04, 0x08, 0x04, 0x08, 0x04, 0x08, 0x04, 0x08, 0x04, 0x08, 0x04, 0x08, 0x04, 0x08, 0x04, 0x08,
    0x04, 0x08, 0x04, 0x08, 0x04, 0x08, 0x04, 0x08, 0x24, 0x10, 0x45, 0x10, 0x87, 0x18, 0xEA, 0x21,
    0x2C, 0x32, 0x12, 0xAE, 0x7F, 0xCF, 0x9F, 0x74, 0x1D, 0x4A, 0x56, 0x5A, 0x35, 0xAB, 0x9C, 0xFC,
    0xDF, 0xC2, 0xDB, 0x92, 0x36, 0x81, 0xF3, 0x79, 0xD2, 0x71, 0xB1, 0x71, 0xB0, 0x71, 0xB0, 0x71,
    0xB0, 0x71, 0x90, 0x71, 0x90, 0x71, 0x90, 0x71, 0x90, 0x71, 0x90, 0x71, 0x90, 0x71, 0x90, 0x71,
    0x90, 0x71, 0x90, 0x71, 0x90, 0x71, 0x90, 0x71, 0x90, 0xFF, 0x71, 0xB1, 0x79, 0xB1, 0x81, 0xD2,
    0x9A, 0x15, 0xD2, 0xFB, 0xF4, 0x3F, 0x79, 0xD2, 0x30, 0xAB, 0x38, 0xEC, 0x69, 0x73, 0xF4, 0xDF,
    0xE4, 0x7F, 0x71, 0xF7, 0x51, 0xD6, 0x83, 0x7D, 0xEE, 0x9F, 0xCD, 0xBF, 0x49, 0xD3, 0x28, 0xCB,
    0x20, 0xA9, 0x18, 0x67, 0x10, 0x25, 0x08, 0x04, 0x08, 0x04, 0x08, 0x04, 0x08, 0x04, 0x08, 0x04,
    0x08, 0x04, 0x08, 0x04, 0x08, 0x04, 0x08, 0x04, 0x08, 0x04, 0x08, 0x04, 0x08, 0x04, 0x08, 0x04,
    0x08, 0x04, 0x08, 0x04, 0x08, 0x04, 0x08, 0x04, 0x08, 0x04, 0x08, 0x04, 0x08, 0x04, 0x08, 0x04,
    0x08, 0x04, 0x08, 0x04, 0x08, 0x04, 0x08, 0x04, 0x08, 0x04, 0x08, 0x04, 0x08, 0x04, 0x08, 0x04,
    0x08, 0x25, 0x10, 0x66, 0x18, 0xA8, 0x21, 0x0B, 0x21, 0x4D, 0x5B, 0x98, 0xCF, 0x9F, 0xAE, 0x7F,
    0x4A, 0xD9, 0x4A, 0x14, 0x6A, 0x57, 0xE4, 0x9F, 0xEB, 0xFF, 0xFF, 0xA2, 0x58, 0x8A, 0x14, 0x79,
    0xD2, 0x79, 0xB1, 0x71, 0xB1, 0x71, 0xB0, 0x71, 0xB0, 0x71, 0x90, 0x71, 0x90, 0x71, 0x90, 0x71,
    0x90, 0x71, 0x90, 0x71, 0x90, 0x71, 0x90, 0x71, 0x90, 0x71, 0x90, 0x71, 0x90, 0x71, 0x90, 0x71,
    0x90, 0x71, 0x90, 0x71, 0x90, 0x79, 0xB1, 0x79, 0xB1, 0x89, 0xF3, 0xB2, 0x58, 0xF3, 0xFF, 0xAA,
    0xD8, 0x38, 0xAB, 0x30, 0xCB, 0x48, 0xEE, 0xC3, 0x7B, 0xFD, 0x5F, 0x8A, 0x59, 0x51, 0xB5, 0x5A,
    0x39, 0xBD, 0x5F, 0xEE, 0xBF, 0x73, 0x19, 0x28, 0xCD, 0x20, 0xCA, 0x18, 0x68, 0x10, 0x46, 0x10,
    0x25, 0x08, 0x04, 0x08, 0x04, 0x08, 0x04, 0x08, 0x04, 0x08, 0x04, 0x08, 0x04, 0x08, 0x04, 0x08,
    0x04, 0x08, 0x04, 0x08, 0x04, 0x08, 0x04, 0x08, 0x04, 0x08, 0x04, 0x08, 0x04, 0x08, 0x04, 0x08,
    0x04, 0x08, 0x04, 0x08, 0x04, 0x08, 0x04, 0x08, 0x04, 0x08, 0x04, 0xFF, 0x08, 0x04, 0x08, 0x04,
    0x08, 0x04, 0x08, 0x04, 0x08, 0x04, 0x08, 0x04, 0x08, 0x24, 0x10, 0x45, 0x10, 0x87, 0x18, 0xC9,
    0x21, 0x2B, 0x29, 0xB0, 0x8D, 0x5E, 0xD7, 0xFF, 0x84, 0xFE, 0x42, 0x56, 0x49, 0xF4, 0x8A, 0xFA,
    0xFC, 0xDF, 0xCB, 0x1C, 0x92, 0x36, 0x81, 0xF3, 0x79, 0xD2, 0x71, 0xB1, 0x71, 0xB0, 0x71, 0xB0,
    0x71, 0xB0, 0x71, 0x90, 0x71, 0x90, 0x71, 0x90, 0x71, 0x90, 0x71, 0x90, 0x71, 0x90, 0x71, 0x90,
    0x71, 0x90, 0x71, 0x90, 0x71, 0x90, 0x71, 0x90, 0x71, 0x90, 0x71, 0x90, 0x71, 0x90, 0x71, 0xB1,
    0x79, 0xB1, 0x81, 0xD3, 0x9A, 0x15, 0xE3, 0x5D, 0xC3, 0x5B, 0x40, 0xED, 0x30, 0xAA, 0x38, 0xCC,
    0x92, 0x36, 0xFD, 0x7F, 0xAB, 0x1B, 0x59, 0xB5, 0x49, 0xB5, 0x8B, 0xDE, 0xEE, 0xBF, 0xAC, 0x9D,
    0x31, 0x2F, 0x28, 0xCB, 0x18, 0x88, 0x10, 0x46, 0x10, 0x25, 0x08, 0x04, 0xFF, 0x08, 0x04, 0x08,
    0x04, 0x08, 0x04, 0x08, 0x04, 0x08, 0x04, 0x08, 0x04, 0x08, 0x04, 0x08, 0x04, 0x08, 0x04, 0x08,
    0x04, 0x08, 0x04, 0x08, 0x04, 0x08, 0x04, 0x08, 0x04, 0x08, 0x04, 0x08, 0x04, 0x08, 0x04, 0x08,
    0x04, 0x08, 0x04, 0x08, 0x04, 0x08, 0x04, 0x08, 0x04, 0x08, 0x04, 0x08, 0x04, 0x08, 0x04, 0x08,
    0x04, 0x08, 0x25, 0x10, 0x46, 0x10, 0x88, 0x19, 0x0A, 0x21, 0x2C, 0x4A, 0xB5, 0xC7, 0x1F, 0xC7,
    0x3F, 0x63, 0x7B, 0x42, 0x14, 0x52, 0x15, 0xC3, 0xFD, 0xF4, 0x5F, 0xAA, 0x79, 0x8A, 0x14, 0x79,
    0xD2, 0x79, 0xB1, 0x71, 0xB1, 0x71, 0xB0, 0x71, 0xB0, 0x71, 0x90, 0x71, 0x90, 0x71, 0x90, 0x71,
    0x90, 0x71, 0x90, 0x71, 0x90, 0x71, 0x90, 0x71, 0x90, 0x71, 0x90, 0x71, 0x90, 0x71, 0x90, 0x71,
    0x90, 0x71, 0x90, 0x71, 0x90, 0x71, 0x90, 0x71, 0xB0, 0x79, 0xB1, 0x81, 0xD2, 0xFF, 0x91, 0xF4,
    0xCA, 0xFB, 0xD3, 0x9D, 0x51, 0x2E, 0x28, 0x8A, 0x30, 0xAB, 0x69, 0x72, 0xFC, 0xFF, 0xCB, 0xBD,
    0x59, 0x94, 0x49, 0x93, 0x62, 0x9A, 0xDD, 0xFF, 0xD5, 0xDF, 0x49, 0xD3, 0x28, 0xCB, 0x20, 0x89,
    0x18, 0x47, 0x10, 0x25, 0x08, 0x04, 0x08, 0x04, 0x08, 0x04, 0x08, 0x04, 0x08, 0x04, 0x08, 0x04,
    0x08, 0x04, 0x08, 0x04, 0x08, 0x04, 0x08, 0x04, 0x08, 0x04, 0x08, 0x04, 0x08, 0x04, 0x08, 0x04,
    0x08, 0x04, 0x08, 0x04, 0x08, 0x04, 0x08, 0x04, 0x08, 0x04, 0x08, 0x04, 0x08, 0x04, 0x08, 0x04,
    0x08, 0x04, 0x08, 0x04, 0x08, 0x04, 0x08, 0x04, 0x08, 0x24, 0x10, 0x45, 0x10, 0x67, 0x18, 0xC9,
    0x21, 0x2B, 0x21, 0x6E, 0x7C, 0xBC, 0xE7, 0xFF, 0xBE, 0x5F, 0x5A, 0xB9, 0x41, 0xF4, 0x6A, 0x56,
    0xE4, 0x7F, 0xDB, 0x9D, 0x9A, 0x37, 0x81, 0xF3, 0x79, 0xD2, 0x71, 0xB1, 0x71, 0xB0, 0xFF, 0x71,
    0xB0, 0x71, 0xB0, 0x71, 0x90, 0x71, 0x90, 0x71, 0x90, 0x71, 0x90, 0x71, 0x90, 0x71, 0x90, 0x71,
    0x90, 0x71, 0x90, 0x71, 0x90, 0x71, 0x90, 0x71, 0x90, 0x71, 0x90, 0x71, 0x90, 0x71, 0x90, 0x71,
    0x90, 0x71, 0xB0, 0x71, 0xB1, 0x79, 0xB1, 0x89, 0xF3, 0xBA, 0x99, 0xDB, 0x9D, 0x59, 0x6F, 0x28,
    0x89, 0x30, 0xAA, 0x51, 0x0F, 0xEC, 0x5E, 0xD3, 0xFE, 0x59, 0x74, 0x49, 0x93, 0x49, 0xD6, 0xB4,
    0xDF, 0xEE, 0x7F, 0x6A, 0xB7, 0x28, 0xCC, 0x20, 0xAA, 0x18, 0x67, 0x10, 0x25, 0x08, 0x04, 0x08,
    0x04, 0x08, 0x04, 0x08, 0x04, 0x08, 0x04, 0x08, 0x04, 0x08, 0x04, 0x08, 0x04, 0x08, 0x04, 0x08,
    0x04, 0x08, 0x04, 0x08, 0x04, 0x08, 0x04, 0x08, 0x04, 0x08, 0x04, 0x08, 0x04, 0x08, 0x04, 0x08,
    0x04, 0x08, 0x04, 0x08, 0x04, 0x08, 0x04, 0x08, 0x04, 0x08, 0x04, 0x08, 0x04, 0x08, 0x04, 0xFF,
    0x08, 0x04, 0x08, 0x24, 0x10, 0x46, 0x10, 0x87, 0x18, 0xEA, 0x21, 0x2C, 0x3A, 0x53, 0xB6, 0x9F,
    0xEF, 0xFF, 0xD5, 0xDF, 0x62, 0xB9, 0x49, 0xD3, 0x82, 0xB8, 0xEC, 0x7F, 0xC2, 0xFB, 0x92, 0x15,
    0x81, 0xD3, 0x79, 0xB1, 0x71, 0xB1, 0x71, 0xB0, 0x71, 0xB0, 0x71, 0x90, 0x71, 0x90, 0x71, 0x90,
    0x71, 0x90, 0x71, 0x90, 0x71, 0x90, 0x71, 0x90, 0x71, 0x90, 0x71, 0x90, 0x71, 0x90, 0x71, 0x90,
    0x71, 0x90, 0x71, 0x90, 0x71, 0x90, 0x71, 0x90, 0x71, 0x90, 0x71, 0x90, 0x71, 0xB1, 0x79, 0xB1,
    0x89, 0xD3, 0xBA, 0x78, 0xD3, 0x7C, 0x59, 0x4F, 0x28, 0x89, 0x28, 0xAA, 0x40, 0xCD, 0xCB, 0x9C,
    0xD3, 0xBD, 0x51, 0x72, 0x49, 0x72, 0x41, 0x94, 0x8B, 0xBD, 0xEE, 0x9F, 0x8B, 0xBB, 0x28, 0xCD,
    0x20, 0xAA, 0x18, 0x68, 0x10, 0x46, 0x10, 0x25, 0x08, 0x04, 0x08, 0x04, 0x08, 0x04, 0x08, 0x04,
    0xFF, 0x08, 0x04, 0x08, 0x04, 0x08, 0x04, 0x08, 0x04, 0x08, 0x04, 0x08, 0x04, 0x08, 0x04, 0x08,
    0x04, 0x08, 0x04, 0x08, 0x04, 0x08, 0x04, 0x08, 0x04, 0x08, 0x04, 0x08, 0x04, 0x08, 0x04, 0x08,
    0x04, 0x08, 0x04, 0x08, 0x04, 0x08, 0x04, 0x08, 0x04, 0x08, 0x24, 0x10, 0x25, 0x10, 0x66, 0x18,
    0xA8, 0x21, 0x0B, 0x21, 0x4E, 0x74, 0x3B, 0xDF, 0xFF, 0xEF, 0x5F, 0xCD, 0x3F, 0x62, 0x78, 0x49,
    0xD3, 0x8A, 0xF9, 0xEC, 0x3F, 0xB2, 0x99, 0x8A, 0x14, 0x79, 0xD2, 0x71, 0xB1, 0x71, 0xB1, 0x71,
    0xB0, 0x71, 0xB0, 0x71, 0x90, 0x71, 0x90, 0x71, 0x90, 0x71, 0x90, 0x71, 0x90, 0x71, 0x90, 0x71,
    0x90, 0x71, 0x90, 0x71, 0x90, 0x71, 0x90, 0x71, 0x90, 0x71, 0x90, 0x71, 0x90, 0x71, 0x90, 0x71,
    0x90, 0x71, 0x90, 0x71, 0x90, 0x71, 0xB1, 0x79, 0xB1, 0x89, 0xD3, 0xB2, 0x78, 0xD3, 0x7C, 0x59,
    0x4F, 0xFF, 0x28, 0x69, 0x28, 0x89, 0x38, 0xCC, 0xC3, 0x5B, 0xCB, 0x7C, 0x49, 0x31, 0x41, 0x71,
    0x39, 0x52, 0x72, 0xDB, 0xE6, 0x3F, 0xAC, 0x9D, 0x31, 0x0F, 0x28, 0xAB, 0x18, 0x88, 0x10, 0x46,
    0x10, 0x25, 0x08, 0x04, 0x08, 0x04, 0x08, 0x04, 0x08, 0x04, 0x08, 0x04, 0x08, 0x04, 0x08, 0x04,
    0x08, 0x04, 0x08, 0x04, 0x08, 0x04, 0x08, 0x04, 0x08, 0x04, 0x08, 0x04, 0x08, 0x04, 0x08, 0x04,
    0x08, 0x04, 0x08, 0x04, 0x08, 0x04, 0x08, 0x04, 0x08, 0x04, 0x08, 0x04, 0x08, 0x04, 0x08, 0x04,
    0x08, 0x04, 0x08, 0x24, 0x10, 0x45, 0x10, 0x87, 0x18, 0xE9, 0x21, 0x2B, 0x3A, 0x33, 0xAE, 0x7F,
    0xE7, 0xDF, 0xC5, 0xBF, 0xCC, 0x9F, 0x62, 0x77, 0x49, 0xB2, 0x92, 0xD9, 0xE3, 0xFF, 0xAA, 0x78,
    0x89, 0xF4, 0x79, 0xD2, 0x71, 0xB1, 0x71, 0xB0, 0x71, 0xB0, 0x71, 0x90, 0x71, 0x90, 0x71, 0x90,
    0x71, 0x90, 0xFF, 0x71, 0x90, 0x71, 0x90, 0x71, 0x90, 0x71, 0x90, 0x71, 0x90, 0x71, 0x90, 0x71,
    0x90, 0x71, 0x90, 0x71, 0x90, 0x71, 0x90, 0x71, 0x90, 0x71, 0x90, 0x71, 0x90, 0x71, 0x90, 0x71,
    0xB1, 0x79, 0xB1, 0x89, 0xD3, 0xB2, 0x78, 0xD3, 0x7C, 0x59, 0x4F, 0x28, 0x69, 0x28, 0x89, 0x40,
    0xCC, 0xBB, 0x1B, 0xAA, 0xD9, 0x41, 0x0F, 0x41, 0x50, 0x39, 0x51, 0x5A, 0x38, 0xD5, 0xBF, 0xC5,
    0x5F, 0x41, 0x71, 0x28, 0xAB, 0x20, 0x89, 0x10, 0x46, 0x10, 0x25, 0x08, 0x04, 0x08, 0x04, 0x08,
    0x04, 0x08, 0x04, 0x08, 0x04, 0x08, 0x04, 0x08, 0x04, 0x08, 0x04, 0x08, 0x04, 0x08, 0x04, 0x08,
    0x04, 0x08, 0x04, 0x08, 0x04, 0x08, 0x04, 0x08, 0x04, 0x08, 0x04, 0x08, 0x04, 0x08, 0x04, 0x08,
    0x04, 0x08, 0x04, 0x08, 0x04, 0x08, 0x04, 0x08, 0x04, 0x08, 0x04, 0x08, 0x25, 0x10, 0x46, 0x10,
    0x88, 0x19, 0x0A, 0xFF, 0x21, 0x4D, 0x6C, 0x1A, 0xD7, 0xDF, 0xBE, 0x9F, 0x94, 0x1F, 0xC4, 0x7F,
    0x6A, 0x57, 0x51, 0x92, 0xAB, 0x3A, 0xE3, 0xFF, 0xA2, 0x57, 0x81, 0xF3, 0x79, 0xD2, 0x71, 0xB1,
    0x71, 0xB0, 0x71, 0xB0, 0x71, 0x90, 0x71, 0x90, 0x71, 0x90, 0x71, 0x90, 0x71, 0x90, 0x71, 0x90,
    0x71, 0x90, 0x71, 0x90, 0x71, 0x90, 0x71, 0x90, 0x71, 0x90, 0x71, 0x90, 0x71, 0x90, 0x71, 0x90,
    0x71, 0x90, 0x71, 0x90, 0x71, 0x90, 0x71, 0x90, 0x71, 0xB1, 0x79, 0xB1, 0x89, 0xD3, 0xBA, 0x78,
    0xD3, 0x7C, 0x61, 0x6F, 0x30, 0x8A, 0x30, 0xAA, 0x51, 0x2E, 0xD3, 0x7D, 0x8A, 0x36, 0x41, 0x0E,
    0x39, 0x30, 0x39, 0x51, 0x49, 0xD6, 0xBC, 0xFF, 0xDD, 0xDF, 0x51, 0xD4, 0x28, 0xAB, 0x20, 0x89,
    0x18, 0x47, 0x10, 0x25, 0x08, 0x04, 0x08, 0x04, 0x08, 0x04, 0x08, 0x04, 0x08, 0x04, 0x08, 0x04,
    0x08, 0x04, 0x08, 0x04, 0xFF, 0x08, 0x04, 0x08, 0x04, 0x08, 0x04, 0x08, 0x04, 0x08, 0x04, 0x08,
    0x04, 0x08, 0x04, 0x08, 0x04, 0x08, 0x04, 0x08, 0x04, 0x08, 0x04, 0x08, 0x04, 0x08, 0x04, 0x08,
    0x04, 0x08, 0x04, 0x08, 0x04, 0x08, 0x25, 0x10, 0x66, 0x18, 0xA8, 0x21, 0x0A, 0x31, 0xF1, 0xAE,
    0x3F, 0xDF, 0xFF, 0x8C, 0xDE, 0x83, 0x5D, 0xD4, 0xBF, 0x72, 0x57, 0x59, 0x92, 0xAB, 0x3A, 0xE3,
    0x9E, 0xA2, 0x36, 0x81, 0xF3, 0x79, 0xB1, 0x71, 0xB1, 0x71, 0xB0, 0x71, 0x90, 0x71, 0x90, 0x71,
    0x90, 0x71, 0x90, 0x71, 0x90, 0x71, 0x90, 0x71, 0x90, 0x71, 0x90, 0x71, 0x90, 0x71, 0x90, 0x71,
    0x90, 0x71, 0x90, 0x71, 0x90, 0x71, 0x90, 0x71, 0x90, 0x71, 0x90, 0x71, 0x90, 0x71, 0x90, 0x71,
    0xB0, 0x71, 0xB1, 0x79, 0xB1, 0x89, 0xF3, 0xBA, 0x78, 0xE3, 0xBD, 0x71, 0xB2, 0x40, 0xAB, 0x40,
    0xCC, 0x89, 0xF4, 0xEB, 0xDF, 0xD6, 0x71, 0xB3, 0x41, 0x0F, 0x39, 0x2F, 0x39, 0x51, 0x49, 0x95,
    0xAC, 0x5E, 0xE6, 0x3F, 0x62, 0x76, 0x28, 0xAB, 0x20, 0xA9, 0x18, 0x47, 0x10, 0x25, 0x08, 0x04,
    0x08, 0x04, 0x08, 0x04, 0x08, 0x04, 0x08, 0x04, 0x08, 0x04, 0x08, 0x04, 0x08, 0x04, 0x08, 0x04,
    0x08, 0x04, 0x08, 0x04, 0x08, 0x04, 0x08, 0x04, 0x08, 0x04, 0x08, 0x04, 0x08, 0x04, 0x08, 0x04,
    0x08, 0x04, 0x08, 0x04, 0x08, 0x04, 0x08, 0x04, 0x08, 0x04, 0x08, 0x04, 0x08, 0x04, 0x10, 0x25,
    0x10, 0x67, 0x18, 0xC9, 0x21, 0x0B, 0x52, 0xD5, 0xCF, 0x7F, 0xC6, 0xFF, 0x6B, 0x02, 0x7B, 0xFF,
    0x1A, 0xED, 0x3F, 0xAB, 0x5B, 0x61, 0x93, 0xB3, 0x3B, 0xE3, 0x9E, 0xA2, 0x36, 0x81, 0xF3, 0x79,
    0xD1, 0x71, 0xB1, 0x71, 0xB0, 0x71, 0x90, 0x71, 0x90, 0x71, 0x90, 0x71, 0x90, 0x71, 0x90, 0x71,
    0x90, 0x71, 0x90, 0x71, 0x90, 0x71, 0x90, 0x71, 0x90, 0x71, 0x90, 0x71, 0x90, 0x71, 0x90, 0x71,
    0x90, 0x71, 0x90, 0x71, 0x90, 0x71, 0x90, 0x71, 0x90, 0x71, 0xB0, 0x79, 0xB1, 0x79, 0xB2, 0x91,
    0xF3, 0xBA, 0x78, 0xF3, 0xFF, 0xBA, 0xD9, 0x69, 0x71, 0x81, 0xB3, 0xEC, 0x5E, 0xFD, 0x5F, 0xA2,
    0x58, 0x51, 0x30, 0x41, 0x30, 0x41, 0x72, 0x41, 0x95, 0x93, 0xDD, 0xEE, 0x5F, 0x7B, 0x19, 0x28,
    0xAC, 0x20, 0xAA, 0x18, 0x47, 0x10, 0x25, 0x08, 0x04, 0x08, 0x04, 0x08, 0x04, 0x08, 0x04, 0x08,
    0x04, 0x08, 0x04, 0x08, 0x04, 0x08, 0x04, 0x08, 0x04, 0x08, 0x04, 0x08, 0x04, 0x08, 0x04, 0x08,
    0xFF, 0x04, 0x08, 0x04, 0x08, 0x04, 0x08, 0x04, 0x08, 0x04, 0x08, 0x04, 0x08, 0x04, 0x08, 0x04,
    0x08, 0x04, 0x08, 0x04, 0x08, 0x04, 0x08, 0x24, 0x10, 0x45, 0x10, 0x87, 0x21, 0x0A, 0x29, 0x4C,
    0x63, 0x56, 0xE7, 0xDF, 0xB6, 0x3F, 0x6B, 0x39, 0x72, 0xF7, 0xD4, 0xBE, 0xFD, 0x7F, 0xA2, 0x79,
    0xCB, 0x7D, 0xEB, 0xBE, 0xA2, 0x36, 0x81, 0xF3, 0x79, 0xD1, 0x71, 0xB1, 0x71, 0xB0, 0x71, 0x90,
    0x71, 0x90, 0x71, 0x90, 0x71, 0x90, 0x71, 0x90, 0x71, 0x90, 0x71, 0x90, 0x71, 0x90, 0x71, 0x90,
    0x71, 0x90, 0x71, 0x90, 0x71, 0x90, 0x71, 0x90, 0x71, 0x90, 0x71, 0x90, 0x71, 0x90, 0x71, 0x90,
    0x71, 0x90, 0x71, 0xB1, 0x79, 0xB1, 0x81, 0xD2, 0x9A, 0x14, 0xC2, 0x58, 0xF3, 0xDF, 0xFD, 0x1F,
    0xE3, 0x9D, 0xBA, 0xD9, 0xD3, 0xBC, 0xE4, 0x3D, 0xEC, 0x1F, 0x9A, 0x99, 0x49, 0x51, 0x41, 0x72,
    0x49, 0xFF, 0x95, 0x9B, 0xFE, 0xF6, 0x7F, 0x83, 0x39, 0x28, 0xAC, 0x20, 0xAA, 0x18, 0x67, 0x10,
    0x25, 0x08, 0x04, 0x08, 0x04, 0x08, 0x04, 0x08, 0x04, 0x08, 0x04, 0x08, 0x04, 0x08, 0x04, 0x08,
    0x04, 0x08, 0x04, 0x08, 0x04, 0x08, 0x04, 0x08, 0x04, 0x08, 0x04, 0x08, 0x04, 0x08, 0x04, 0x08,
    0x04, 0x08, 0x04, 0x08, 0x04, 0x08, 0x04, 0x08, 0x04, 0x08, 0x04, 0x08, 0x04, 0x08, 0x04, 0x08,
    0x24, 0x10, 0x46, 0x18, 0xA7, 0x29, 0x2A, 0x31, 0xAD, 0x73, 0xB7, 0xF7, 0xFF, 0xE7, 0x5F, 0x94,
    0x7A, 0x7B, 0x35, 0xA3, 0x79, 0xFE, 0x1F, 0xFE, 0x1F, 0xFC, 0xDF, 0xEB, 0xBE, 0xAA, 0x57, 0x89,
    0xF3, 0x79, 0xD2, 0x71, 0xB1, 0x71, 0xB0, 0x71, 0x90, 0x71, 0x90, 0x71, 0x90, 0x71, 0x90, 0x71,
    0x90, 0x71, 0x90, 0x71, 0x90, 0x71, 0x90, 0x71, 0x90, 0x71, 0x90, 0x71, 0x90, 0x71, 0x90, 0x71,
    0x90, 0x71, 0xF0, 0x90, 0x71, 0x90, 0x71, 0x90, 0x71, 0x90, 0x71, 0xB0, 0x79, 0xB1, 0x81, 0xD2,
    0x92, 0x14, 0xB2, 0x56, 0xDA, 0xDB, 0xFC, 0x7F, 0xE4, 0x1D, 0x89, 0xF3, 0x51, 0x0E, 0x50, 0xED,
    0x59, 0x0F, 0x71, 0xB3, 0x7A, 0x15, 0x49, 0x71, 0x49, 0x72, 0x62, 0x38, 0xD5, 0x5F, 0xFE, 0x9F,
    0x7A, 0xD8, 0x30, 0xCC, 0x28, 0xAA, 0x18, 0x67, 0x10, 0x25, 0x08, 0x04, 0x08, 0x04, 0x08, 0x04,
    0x08, 0x04, 0x08, 0x04, 0x08, 0x04, 0x08, 0x04, 0x08, 0x04, 0x08, 0x04, 0x08, 0x04, 0x08, 0x04,
    0x08, 0x04, 0x08, 0x04, 0x08, 0x04, 0x08, 0x04, 0x08, 0x04, 0x08, 0x04, 0x08, 0x04, 0x08, 0x04,
    0x08, 0x04, 0x08, 0x04, 0x08, 0x04, 0x08, 0x24, 0x10, 0x25, 0x10, 0x66, 0x20, 0xC8, 0x31, 0x6B,
    0x42, 0x0E, 0x84, 0x16, 0x04, 0xFF, 0xFF, 0xF7, 0x9F, 0xD6, 0x1A, 0xA3, 0x95, 0xBB, 0xB9, 0xFE,
    0x3F, 0xFD, 0xFF, 0xEB, 0x7E, 0xB2, 0x78, 0x92, 0x14, 0x81, 0xD2, 0x79, 0xB1, 0x71, 0xB1, 0x71,
    0x90, 0x71, 0x90, 0x71, 0x90, 0x71, 0x90, 0x71, 0x90, 0x71, 0x90, 0x71, 0x90, 0x71, 0x90, 0x71,
    0x90, 0x71, 0x90, 0x71, 0x90, 0x71, 0x90, 0x71, 0x90, 0x71, 0x90, 0x71, 0x90, 0x71, 0x90, 0x71,
    0x90, 0x71, 0xB1, 0x81, 0xD2, 0x92, 0x13, 0xBA, 0x97, 0xEB, 0xDD, 0xFC, 0x9F, 0xFC, 0xBF, 0x92,
    0x32, 0x40, 0xEA, 0x38, 0xCA, 0x28, 0xA9, 0x30, 0xAA, 0x30, 0xAB, 0x38, 0xED, 0x49, 0x70, 0x51,
    0xB3, 0xA4, 0x1E, 0xFE, 0xFF, 0xEE, 0x1F, 0x6A, 0x35, 0x39, 0x0C, 0x28, 0xCA, 0x18, 0x67, 0x10,
    0x25, 0x08, 0x04, 0x08, 0x04, 0x08, 0x04, 0x08, 0x04, 0x08, 0x04, 0x08, 0x04, 0x08, 0x04, 0x08,
    0x04, 0x08, 0x04, 0x08, 0x04, 0x08, 0x04, 0xA3, 0x08, 0x04, 0x08, 0x04, 0x08, 0x04, 0x08, 0x04,
    0x08, 0x04, 0x08, 0x04, 0x08, 0x04, 0x08, 0x04, 0x08, 0x04, 0x08, 0x04, 0x08, 0x24, 0x10, 0x25,
    0x10, 0x46, 0x18, 0x87, 0x21, 0x09, 0x39, 0xCC, 0x52, 0x8F, 0xC5, 0xFB, 0x05, 0xFF, 0x80, 0xFE,
    0x02, 0xFF, 0xFF, 0xEE, 0xBA, 0xA3, 0x52, 0xBB, 0x57, 0xFD, 0x3F, 0xFC, 0xDF, 0xD3, 0x1B, 0xA2,
    0x36, 0x89, 0xF4, 0x79, 0xD2, 0x79, 0xB1, 0x71, 0xB1, 0x71, 0x90, 0x71, 0x90, 0x71, 0x90, 0x71,
    0x90, 0x71, 0x90, 0x71, 0x90, 0x71, 0x90, 0x71, 0x90, 0x71, 0x90, 0x71, 0x90, 0x71, 0x90, 0x71,
    0x90, 0x71, 0x90, 0x71, 0x90, 0x71, 0x90, 0x71, 0xB0, 0x79, 0xB1, 0x89, 0xF2, 0xB2, 0x56, 0xF4,
    0x1E, 0xFC, 0x9E, 0xD3, 0x77, 0xB2, 0xD2, 0x61, 0xAB, 0x49, 0x29, 0x30, 0xC8, 0x20, 0x88, 0x20,
    0x89, 0x28, 0xCA, 0x39, 0x2D, 0x49, 0x90, 0x6A, 0x35, 0xD5, 0x7F, 0xFF, 0xBF, 0xC4, 0xBD, 0x61,
    0xD1, 0x49, 0x6D, 0x30, 0xEA, 0x20, 0x87, 0x10, 0x25, 0x08, 0x04, 0x08, 0x04, 0x08, 0x04, 0x08,
    0x04, 0x08, 0x04, 0x08, 0x04, 0x08, 0x04, 0x08, 0x04, 0x08, 0x04, 0x08, 0x04, 0x08, 0x04, 0x08,
    0x04, 0x08, 0x04, 0x9F, 0x08, 0x04, 0x08, 0x04, 0x08, 0x04, 0x08, 0x04, 0x08, 0x04, 0x08, 0x04,
    0x08, 0x24, 0x10, 0x25, 0x10, 0x45, 0x10, 0x66, 0x18, 0x87, 0x20, 0xE9, 0x31, 0x6B, 0x42, 0x0E,
    0x73, 0x94, 0xFF, 0xBF, 0x03, 0xFF, 0x84, 0xF9, 0xFF, 0x71, 0xFF, 0xD8, 0x02, 0xFF, 0xD5, 0xEE,
    0x57, 0x8A, 0xCF, 0xAB, 0x14, 0xF4, 0xDE, 0xFC, 0xBF, 0xD3, 0x1B, 0xA2, 0x36, 0x91, 0xF4, 0x81,
    0xD2, 0x79, 0xB1, 0x71, 0xB1, 0x71, 0x90, 0x71, 0x90, 0x71, 0x90, 0x71, 0x90, 0x71, 0x90, 0x71,
    0x90, 0x71, 0x90, 0x71, 0x90, 0x71, 0x90, 0x71, 0x90, 0x71, 0x90, 0x71, 0x90, 0x71, 0x90, 0x71,
    0x90, 0x71, 0xB0, 0x79, 0xB1, 0x91, 0xF3, 0xCA, 0xF9, 0xFC, 0xBF, 0xC3, 0x54, 0xD4, 0xB2, 0xEE,
    0x35, 0x93, 0x0C, 0x49, 0x68, 0x39, 0x28, 0x30, 0xC8, 0x28, 0xC9, 0x30, 0xEA, 0x41, 0x4D, 0x59,
    0xF0, 0x82, 0xB5, 0xEE, 0x3F, 0x02, 0xFF, 0xC3, 0xF6, 0xFE, 0xA3, 0xD6, 0x59, 0xAE, 0x39, 0x2B,
    0x20, 0x88, 0x10, 0x46, 0x10, 0x04, 0x08, 0x04, 0x08, 0x04, 0x08, 0x04, 0x08, 0x04, 0x08, 0x04,
    0x08, 0x04, 0x08, 0x04, 0x08, 0x04, 0x08, 0x04, 0x08, 0x04, 0x08, 0x04, 0x08, 0x04, 0x08, 0x04,
    0x08, 0x04, 0x08, 0x04, 0x08, 0x04, 0x08, 0x24, 0x10, 0x25, 0x10, 0x45, 0x10, 0x66, 0x18, 0x87,
    0x18, 0xC8, 0x20, 0xE9, 0x29, 0x4B, 0x41, 0xEE, 0x52, 0x6F, 0xA4, 0xF9, 0x05, 0xFF, 0xDC, 0x94,
    0xFE, 0x8D, 0xFE, 0xCD, 0xFF, 0xB6, 0xFF, 0xFD, 0xD5, 0x33, 0x72, 0x2C, 0x92, 0x91, 0xE4, 0x3C,
    0xFC, 0xBF, 0xDB, 0x3C, 0xAA, 0x36, 0x91, 0xF4, 0x81, 0xD2, 0x79, 0xB1, 0x71, 0xB1, 0x71, 0x90,
    0x71, 0x90, 0x71, 0x90, 0x71, 0x90, 0x71, 0x90, 0x71, 0x90, 0x71, 0x90, 0x71, 0x90, 0x71, 0x90,
    0x71, 0x90, 0x71, 0x90, 0x71, 0x90, 0x71, 0x90, 0x71, 0xB0, 0x81, 0xD1, 0x9A, 0x13, 0xDB, 0x5A,
    0xEC, 0x3B, 0xD4, 0x12, 0xFF, 0xD9, 0xFF, 0xFB, 0xDD, 0x70, 0x61, 0xE8, 0x51, 0xA8, 0x41, 0x48,
    0x39, 0x29, 0x41, 0x4A, 0x59, 0xCD, 0x6A, 0x50, 0xA3, 0x55, 0xFF, 0x5F, 0x05, 0xFF, 0xC0, 0x1E,
    0x7A, 0x50, 0x41, 0x2B, 0x28, 0xA9, 0x18, 0x46, 0x10, 0x25, 0x08, 0x04, 0x08, 0x04, 0x08, 0x04,
    0x08, 0x04, 0x08, 0x04, 0x08, 0x04, 0x08, 0x04, 0x08, 0x04, 0x08, 0x04, 0x08, 0x04, 0x08, 0x04,
    0x08, 0x04, 0x08, 0x04, 0x08, 0x04, 0x08, 0x04, 0x08, 0x04, 0x08, 0x25, 0x10, 0x45, 0x18, 0x86,
    0x20, 0xC8, 0x29, 0x09, 0x31, 0x4A, 0x39, 0xAC, 0x42, 0x0E, 0x52, 0x6F, 0x6B, 0x33, 0xD6, 0xBE,
    0x03, 0xFF, 0xCC, 0xFE, 0xFF, 0x11, 0xFE, 0x0D, 0xFD, 0xCB, 0xFE, 0x6B, 0xFF, 0xB6, 0xFF, 0xBA,
    0xAB, 0xEE, 0x69, 0xEB, 0x82, 0x30, 0xD3, 0xBA, 0xFC, 0xBF, 0xE3, 0x7D, 0xB2, 0x37, 0x92, 0x14,
    0x81, 0xD2, 0x79, 0xB1, 0x71, 0xB1, 0x71, 0x90, 0x71, 0x90, 0x71, 0x90, 0x71, 0x90, 0x71, 0x90,
    0x71, 0x90, 0x71, 0x90, 0x71, 0x90, 0x71, 0x90, 0x71, 0x90, 0x71, 0x90, 0x71, 0x90, 0x71, 0xB1,
    0x81, 0xD1, 0x9A, 0x33, 0xDB, 0x7A, 0xEC, 0x1A, 0xE5, 0x34, 0xFF, 0xF7, 0xFF, 0xB4, 0xFF, 0x96,
    0x02, 0xAB, 0x8D, 0x59, 0xC8, 0x59, 0xA8, 0x51, 0xA9, 0x59, 0xCA, 0x62, 0x0C, 0x92, 0xF0, 0xED,
    0xFA, 0x07, 0xFF, 0xBE, 0x7F, 0x8A, 0xD3, 0x49, 0x4C, 0x30, 0xC9, 0x18, 0x67, 0x10, 0x25, 0x08,
    0x04, 0x08, 0x04, 0x08, 0x04, 0x08, 0x04, 0x08, 0x04, 0x08, 0x04, 0x08, 0x04, 0x08, 0x04, 0x08,
    0x04, 0x08, 0x04, 0x08, 0x04, 0x08, 0x04, 0x08, 0x04, 0x08, 0x04, 0x08, 0x04, 0x08, 0x24, 0x10,
    0x45, 0x18, 0x86, 0x20, 0xE8, 0x29, 0x4A, 0x39, 0x8C, 0x42, 0x0E, 0x52, 0x6F, 0x5A, 0xD2, 0x73,
    0x95, 0xBD, 0xDC, 0x05, 0xFF, 0x8C, 0xFB, 0xFE, 0x4D, 0xFD, 0x8C, 0xFD, 0x4A, 0xFD, 0x49, 0xFE,
    0x6C, 0xFF, 0xF8, 0x02, 0xF6, 0xCB, 0x8A, 0xEB, 0x61, 0xCA, 0x69, 0xAD, 0xBB, 0x18, 0xFC, 0x9F,
    0xEB, 0xBE, 0xBA, 0x58, 0x9A, 0x14, 0x89, 0xD3, 0x79, 0xB1, 0x71, 0xB1, 0x71, 0x90, 0x71, 0x90,
    0x71, 0x90, 0x71, 0x90, 0x71, 0x90, 0x71, 0x90, 0x71, 0x90, 0x71, 0x90, 0x71, 0x90, 0x71, 0x90,
    0x71, 0x90, 0x71, 0xB1, 0x81, 0xD1, 0x9A, 0x33, 0xE3, 0x9A, 0xEC, 0x3A, 0xE5, 0x34, 0xFF, 0xB3,
    0xFF, 0x2B, 0xFF, 0xF7, 0xF6, 0xF5, 0xA3, 0x6B, 0x6A, 0x08, 0x61, 0xE9, 0x72, 0x2A, 0xAB, 0x8F,
    0xF6, 0x99, 0x03, 0xFF, 0x82, 0xFB, 0xFF, 0xF7, 0x03, 0xFF, 0xAF, 0x1F, 0x8A, 0xD4, 0x51, 0x6D,
    0x30, 0xEA, 0x20, 0x68, 0x10, 0x46, 0x10, 0x25, 0x08, 0x04, 0x08, 0x04, 0x08, 0x04, 0x08, 0x04,
    0x08, 0x04, 0x08, 0x04, 0x08, 0x04, 0x08, 0x04, 0x08, 0x04, 0x08, 0x04, 0x08, 0x04, 0x08, 0x04,
    0x08, 0x04, 0x08, 0x24, 0x08, 0x25, 0x10, 0x66, 0x18, 0xC8, 0x29, 0x02, 0x4A, 0x8A, 0x2E, 0x94,
    0xD9, 0xBE, 0x1C, 0xC6, 0x3C, 0xD6, 0xBE, 0xEF, 0x7F, 0x07, 0xFF, 0xE0, 0x75, 0xFD, 0x6B, 0xEC,
    0xEB, 0xE4, 0xA9, 0xE4, 0xC8, 0xF5, 0x28, 0xFE, 0xCE, 0xFF, 0xF9, 0xDD, 0xD2, 0x6A, 0x09, 0x59,
    0xAA, 0x59, 0x4C, 0x9A, 0x74, 0xF4, 0x3F, 0xFC, 0x1F, 0xC2, 0x99, 0x9A, 0x15, 0x89, 0xD2, 0x79,
    0xB1, 0x71, 0xB1, 0x71, 0x90, 0x71, 0x90, 0x71, 0x90, 0x71, 0x90, 0x71, 0x90, 0x71, 0x90, 0x71,
    0x90, 0x71, 0x90, 0x71, 0x90, 0x71, 0xB0, 0x79, 0xB1, 0x81, 0xD2, 0xA2, 0x34, 0xE3, 0x9A, 0xEC,
    0x39, 0xE5, 0x14, 0xFF, 0xB3, 0xFE, 0x48, 0xFF, 0x0D, 0xFF, 0xF7, 0xFF, 0x76, 0xE5, 0xB2, 0xCC,
    0xF1, 0xE5, 0xF4, 0xFF, 0x7A, 0xFF, 0xFC, 0xFF, 0x96, 0xFE, 0xCE, 0xFF, 0x74, 0x03, 0xFF, 0xB2,
    0x9F, 0xA3, 0x77, 0x51, 0x8E, 0x39, 0x0C, 0x28, 0xA9, 0x18, 0x47, 0x10, 0x26, 0x10, 0x25, 0x08,
    0x04, 0x08, 0x04, 0x08, 0x04, 0x08, 0x04, 0x08, 0x04, 0x08, 0x04, 0x08, 0x04, 0x08, 0x04, 0x08,
    0x04, 0x08, 0x04, 0x08, 0x04, 0x08, 0x04, 0x08, 0x24, 0x10, 0x45, 0x18, 0x87, 0x21, 0x09, 0x31,
    0x8C, 0x94, 0xD9, 0x0F, 0xFF, 0xE2, 0xFC, 0xFE, 0x0E, 0xE4, 0xCA, 0xD4, 0x69, 0xCC, 0x28, 0xD4,
    0x47, 0xE4, 0x87, 0xFD, 0x47, 0xFF, 0x31, 0xFF, 0xF8, 0xB4, 0x2D, 0x51, 0xA8, 0x51, 0x69, 0x49,
    0x0A, 0x81, 0xF1, 0xDB, 0xDD, 0xFC, 0x3F, 0xC2, 0xB9, 0x91, 0xF4, 0x81, 0xD2, 0x79, 0xB1, 0x71,
    0xB0, 0x71, 0x90, 0x71, 0x90, 0x71, 0x90, 0x71, 0x90, 0x71, 0x90, 0x71, 0x90, 0x71, 0x90, 0x71,
    0x90, 0x71, 0xB1, 0x79, 0xB1, 0x81, 0xD2, 0xA2, 0x34, 0xE3, 0x9A, 0xEC, 0x19, 0xE5, 0x13, 0xFF,
    0xB5, 0xFE, 0x08, 0xFD, 0xA7, 0xFE, 0x6A, 0xFE, 0xF0, 0xFF, 0x53, 0xFF, 0x54, 0xFF, 0x54, 0xFE,
    0xF1, 0xFE, 0x4D, 0xFD, 0xCB, 0xFD, 0xCC, 0xFF, 0x54, 0x04, 0xFF, 0xAB, 0xD4, 0xDC, 0x61, 0xD0,
    0x49, 0x6E, 0x30, 0xEB, 0x20, 0x89, 0x18, 0x47, 0x10, 0x25, 0x10, 0x25, 0x08, 0x04, 0x08, 0x04,
    0x08, 0x04, 0x08, 0x04, 0x08, 0x04, 0x08, 0x04, 0x08, 0x04, 0x08, 0x04, 0x08, 0x04, 0x08, 0x04,
    0x08, 0x04, 0x08, 0x24, 0x10, 0x45, 0x18, 0xA7, 0x02, 0x29, 0x83, 0x4A, 0x2F, 0xD6, 0xDE, 0x03,
    0xFF, 0xA4, 0xDF, 0xFF, 0xFB, 0xFF, 0xFA, 0xFF, 0xDA, 0xFF, 0xD9, 0xFF, 0x55, 0xFE, 0x0E, 0xE4,
    0xCA, 0xCC, 0x49, 0xC3, 0xE8, 0xBB, 0xC7, 0xC3, 0xC7, 0xCC, 0x27, 0xE4, 0x87, 0xFD, 0xC9, 0xFF,
    0xD5, 0xF7, 0x16, 0x82, 0xA9, 0x49, 0x88, 0x02, 0x49, 0xC7, 0x40, 0xEA, 0x69, 0x6F, 0xD3, 0x9C,
    0xF3, 0xFF, 0xB2, 0x57, 0x89, 0xD3, 0x79, 0xB1, 0x71, 0xB0, 0x71, 0x90, 0x71, 0x90, 0x71, 0x90,
    0x71, 0x90, 0x71, 0x90, 0x71, 0x90, 0x71, 0x90, 0x71, 0xB0, 0x79, 0xB1, 0x79, 0xB1, 0x89, 0xF3,
    0xA2, 0x55, 0xE3, 0x9B, 0xE4, 0x1A, 0xD4, 0x72, 0xFF, 0x96, 0xFE, 0x2A, 0xFD, 0x06, 0xFC, 0xE7,
    0xFC, 0xE6, 0xF5, 0x07, 0xF5, 0x28, 0xF4, 0xE7, 0xF4, 0xC7, 0xF4, 0xA8, 0xFD, 0x0A, 0xFD, 0x4B,
    0xFE, 0xB1, 0x05, 0xFF, 0x81, 0x1F, 0xA3, 0x02, 0x59, 0xAC, 0xAF, 0x49, 0x4D, 0x38, 0xEB, 0x28,
    0x88, 0x18, 0x47, 0x10, 0x25, 0x10, 0x25, 0x08, 0x04, 0x08, 0x04, 0x08, 0x04, 0x08, 0x04, 0x08,
    0x04, 0x08, 0x04, 0x08, 0x04, 0x08, 0x04, 0x08, 0x04, 0x08, 0x04, 0x08, 0x24, 0x10, 0x46, 0x18,
    0xA8, 0x29, 0x2A, 0x4A, 0x50, 0xD6, 0xDE, 0x05, 0xFF, 0x85, 0xB4, 0xFE, 0xCF, 0xFE, 0x6E, 0xFD,
    0x02, 0xED, 0xE6, 0x2B, 0xDC, 0x8A, 0xCC, 0x49, 0xBB, 0xE8, 0xB3, 0x87, 0xAB, 0x67, 0xB3, 0x86,
    0xBB, 0xC6, 0xD4, 0x27, 0xEC, 0xA6, 0xFE, 0x6C, 0xFF, 0xF8, 0xDD, 0xB1, 0x61, 0xE8, 0x49, 0x68,
    0x41, 0x29, 0x40, 0xCA, 0x71, 0xB1, 0xEB, 0xFE, 0xD2, 0xFB, 0x91, 0xF4, 0x81, 0xD2, 0x79, 0xB1,
    0x71, 0xB0, 0x71, 0x90, 0x71, 0x90, 0x71, 0x90, 0x71, 0x90, 0x71, 0xB0, 0x71, 0xB1, 0x79, 0xB1,
    0x79, 0xB1, 0x81, 0xD3, 0x9A, 0x14, 0xBA, 0x57, 0xF3, 0x9D, 0xEC, 0x1B, 0xBB, 0x70, 0xFF, 0x37,
    0xFE, 0x4C, 0xF4, 0xC6, 0xEC, 0x87, 0xDC, 0x46, 0xDC, 0x26, 0xD4, 0x06, 0xD4, 0x07, 0xD4, 0x27,
    0xDC, 0x48, 0xEC, 0x89, 0xFC, 0xCA, 0xFD, 0xED, 0xFF, 0xDD, 0x04, 0xFF, 0xAF, 0xFE, 0xBF, 0xB3,
    0x9A, 0x61, 0xD1, 0x49, 0x4D, 0x38, 0xEB, 0x28, 0x88, 0x18, 0x46, 0x10, 0x25, 0x08, 0x04, 0x08,
    0x04, 0x08, 0x04, 0x08, 0x04, 0x08, 0x04, 0x08, 0x04, 0x08, 0x04, 0x08, 0x04, 0x08, 0x04, 0x08,
    0x04, 0x08, 0x24, 0x10, 0x46, 0x18, 0xA8, 0x29, 0x4A, 0x42, 0x0E, 0xBD, 0xFD, 0x05, 0xFF, 0xEE,
    0xD9, 0xFE, 0x6E, 0xFD, 0xAD, 0xED, 0x0C, 0xD4, 0x8A, 0xC4, 0x29, 0xBB, 0xC8, 0xB3, 0x87, 0xAB,
    0x46, 0xA3, 0x26, 0xAB, 0x46, 0xB3, 0x66, 0xC3, 0xE6, 0xDC, 0x47, 0xF5, 0x07, 0xFF, 0x31, 0xFF,
    0xF8, 0xAC, 0x0D, 0x49, 0x87, 0x49, 0x48, 0x49, 0x2A, 0x59, 0x2D, 0xCB, 0x5B, 0xE3, 0x5D, 0x9A,
    0x15, 0x81, 0xD2, 0x79, 0xB1, 0x71, 0xB1, 0x71, 0xB1, 0x71, 0xB0, 0x71, 0xB0, 0x71, 0xB1, 0x71,
    0xB1, 0x79, 0xB1, 0x79, 0xB2, 0x89, 0xF3, 0x9A, 0x15, 0xBA, 0x79, 0xEB, 0x7D, 0xFC, 0xBF, 0xF4,
    0x7C, 0xAA, 0xCF, 0xF6, 0x96, 0xFE, 0x8F, 0xEC, 0x86, 0xDC, 0x26, 0xCB, 0xE6, 0xC3, 0xC6, 0xC3,
    0xA6, 0xC3, 0xA6, 0xC3, 0xA7, 0xC3, 0xC7, 0xD4, 0x08, 0xEC, 0x6A, 0xFD, 0x0B, 0xFF, 0x15, 0x07,
    0xFF, 0xAC, 0x5F, 0xCC, 0xBC, 0x7A, 0x33, 0x49, 0x4D, 0x38, 0xEA, 0x20, 0x88, 0x18, 0x46, 0x10,
    0x25, 0x08, 0x04, 0x08, 0x04, 0x08, 0x04, 0x08, 0x04, 0x08, 0x04, 0x08, 0x04, 0x08, 0x04, 0x08,
    0x04, 0x08, 0x04, 0x08, 0x24, 0x10, 0x46, 0x18, 0xA8, 0x29, 0x2A, 0x39, 0xCD, 0x9C, 0xFA, 0x05,
    0xFF, 0xF0, 0xFC, 0xFE, 0x4E, 0xF5, 0x2C, 0xD4, 0xAA, 0xC4, 0x09, 0xB3, 0xA8, 0xAB, 0x67, 0xA3,
    0x47, 0xA3, 0x26, 0xA3, 0x06, 0xA3, 0x06, 0xAB, 0x46, 0xB3, 0x86, 0xCC, 0x06, 0xE4, 0x66, 0xFD,
    0xA9, 0xFF, 0xD5, 0xF7, 0x15, 0x82, 0xAA, 0x59, 0xA9, 0x59, 0x6B, 0x81, 0xF2, 0xEC, 0x1E, 0xDB,
    0x5C, 0xA2, 0x16, 0x89, 0xF3, 0x79, 0xD2, 0x79, 0xB1, 0x79, 0xB1, 0x71, 0xB1, 0x79, 0xB1, 0x79,
    0xB1, 0x79, 0xB1, 0x79, 0xD2, 0x89, 0xF3, 0x9A, 0x15, 0xC2, 0x79, 0xF3, 0xFF, 0xFC, 0x3F, 0xFC,
    0xFF, 0xFD, 0x3E, 0x9A, 0x6F, 0xE5, 0x94, 0xFE, 0x8F, 0xE4, 0x66, 0xD4, 0x06, 0xC3, 0xA6, 0xB3,
    0x66, 0xB3, 0x66, 0xB3, 0x46, 0xB3, 0x66, 0xBB, 0x87, 0xC3, 0xC8, 0xDC, 0x29, 0xF4, 0xAB, 0xFD,
    0xAE, 0xFF, 0x99, 0x08, 0xFF, 0xA9, 0xEE, 0x1F, 0x8A, 0xB5, 0x41, 0x0B, 0x28, 0xA9, 0x18, 0x46,
    0x10, 0x25, 0x08, 0x04, 0x08, 0x04, 0x08, 0x04, 0x08, 0x04, 0x08, 0x04, 0x08, 0x04, 0x08, 0x04,
    0x08, 0x04, 0x08, 0x04, 0x08, 0x24, 0x10, 0x46, 0x18, 0xA8, 0x29, 0x2A, 0x39, 0xAD, 0x7B, 0xF6,
    0x05, 0xFF, 0xF6, 0xFC, 0xFE, 0x0D, 0xE4, 0xEB, 0xCC, 0x49, 0xBB, 0xC8, 0xAB, 0x67, 0xA3, 0x47,
    0xA3, 0x26, 0x9B, 0x06, 0x9B, 0x06, 0x9B, 0x06, 0xA3, 0x26, 0xAB, 0x46, 0xBB, 0xA6, 0xD4, 0x27,
    0xEC, 0xA6, 0xFE, 0x6C, 0xFF, 0xF9, 0xDD, 0xB2, 0x7A, 0x2C, 0xA2, 0xB3, 0xEC, 0x7D, 0xFC, 0xBF,
    0xE2, 0xFC, 0xAA, 0x57, 0x92, 0x14, 0x81, 0xD3, 0x81, 0xD2, 0x79, 0xD2, 0x79, 0xD2, 0x79, 0xD2,
    0x81, 0xD2, 0x81, 0xD3, 0x89, 0xF4, 0x9A, 0x15, 0xBA, 0x59, 0xF3, 0xDE, 0xF4, 0x3F, 0xA2, 0x36,
    0xCB, 0x39, 0xFC, 0xBE, 0x92, 0x4F, 0xE5, 0x73, 0xFE, 0x6F, 0xE4, 0x46, 0xCB, 0xE6, 0xBB, 0x86,
    0xAB, 0x46, 0xAB, 0x26, 0xAB, 0x26, 0xB3, 0x47, 0xB3, 0x67, 0xC3, 0xA8, 0xD4, 0x09, 0xEC, 0x8B,
    0xFD, 0x2D, 0xFE, 0x0F, 0xFF, 0x55, 0xFF, 0xDA, 0xFF, 0xFE, 0x04, 0xFF, 0xA9, 0xE5, 0xBE, 0x59,
    0x8F, 0x30, 0xC9, 0x20, 0x67, 0x10, 0x25, 0x08, 0x04, 0x08, 0x04, 0x08, 0x04, 0x08, 0x04, 0x08,
    0x04, 0x08, 0x04, 0x08, 0x04, 0x08, 0x04, 0x08, 0x04, 0x08, 0x24, 0x10, 0x46, 0x18, 0xA8, 0x29,
    0x2A, 0x39, 0xAD, 0x7B, 0xD6, 0xF7, 0xDF, 0x03, 0xFF, 0xF6, 0xFC, 0xFE, 0x0D, 0xE4, 0xCB, 0xCC,
    0x49, 0xB3, 0xA8, 0xAB, 0x67, 0xA3, 0x27, 0xA3, 0x26, 0x9B, 0x06, 0x9B, 0x06, 0x9B, 0x06, 0xA3,
    0x06, 0xA3, 0x26, 0xB3, 0x66, 0xC3, 0xE6, 0xDC, 0x47, 0xF5, 0x27, 0xFF, 0x32, 0xFF, 0xD9, 0xDC,
    0x73, 0xFD, 0x5E, 0xFE, 0x5F, 0xFC, 0xDF, 0xFB, 0xDF, 0xD2, 0xBB, 0xAA, 0x37, 0x9A, 0x15, 0x89,
    0xF4, 0x89, 0xF3, 0x89, 0xF3, 0x89, 0xF4, 0x91, 0xF4, 0x9A, 0x15, 0xA2, 0x37, 0xC2, 0x9A, 0xF3,
    0xDF, 0xFC, 0x5F, 0x9A, 0x36, 0x61, 0x0F, 0xCB, 0x39, 0xEC, 0x1C, 0x82, 0x0D, 0xE5, 0x74, 0xFE,
    0x6F, 0xE4, 0x46, 0xCB, 0xE6, 0xBB, 0x86, 0xAB, 0x46, 0xAB, 0x26, 0xAB, 0x46, 0xB3, 0x67, 0xBB,
    0x88, 0xCB, 0xC8, 0xDC, 0x2A, 0xF4, 0xAB, 0xFD, 0x4D, 0xFD, 0xAF, 0xFE, 0x30, 0xFE, 0xB1, 0xFF,
    0xB7, 0x04, 0xFF, 0xA7, 0xFE, 0xFF, 0x72, 0x33, 0x30, 0xC9, 0x20, 0x67, 0x10, 0x25, 0x08, 0x04,
    0x08, 0x04, 0x08, 0x04, 0x08, 0x04, 0x08, 0x04, 0x08, 0x04, 0x08, 0x04, 0x08, 0x04, 0x08, 0x04,
    0x08, 0x24, 0x10, 0x46, 0x18, 0xA8, 0x29, 0x2B, 0x39, 0xAD, 0x8C, 0x78, 0x05, 0xFF, 0xA6, 0xFC,
    0xFE, 0x2E, 0xED, 0x0B, 0xD4, 0x6A, 0xBB, 0xE8, 0xB3, 0x88, 0xAB, 0x47, 0xA3, 0x27, 0xA3, 0x26,
    0x9B, 0x06, 0x9B, 0x06, 0xA3, 0x06, 0xA3, 0x26, 0xAB, 0x46, 0xBB, 0xA6, 0xCC, 0x27, 0xE4, 0x87,
    0xFD, 0xEA, 0xFF, 0xD8, 0xFE, 0xDA, 0x02, 0xFC, 0xCD, 0xFE, 0xDF, 0xFD, 0x5F, 0xFC, 0xDF, 0xFC,
    0x9F, 0xDB, 0x3D, 0xBA, 0x79, 0xAA, 0x58, 0xA2, 0x37, 0xA2, 0x37, 0xAA, 0x58, 0xBA, 0x79, 0xCA,
    0xDB, 0xE3, 0x9E, 0xFC, 0x5F, 0xEC, 0x1F, 0x92, 0x36, 0x51, 0x0F, 0x69, 0x50, 0xDC, 0x1D, 0xEC,
    0x7C, 0x8A, 0x0E, 0xE5, 0x94, 0xFE, 0x70, 0xE4, 0x46, 0xCB, 0xE7, 0xBB, 0x86, 0xB3, 0x46, 0xB3,
    0x47, 0xB3, 0x67, 0xBB, 0xA8, 0xCB, 0xE9, 0xDC, 0x4A, 0xEC, 0x8B, 0xFC, 0xEC, 0xFD, 0x4D, 0xFE,
    0x0F, 0xFE, 0xF3, 0xFF, 0xB9, 0xFF, 0xFE, 0x04, 0xFF, 0xA7, 0xCC, 0xBC, 0x59, 0x6E, 0x30, 0xC9,
    0x18, 0x67, 0x10, 0x25, 0x08, 0x04, 0x08, 0x04, 0x08, 0x04, 0x08, 0x04, 0x08, 0x04, 0x08, 0x04,
    0x08, 0x04, 0x08, 0x04, 0x08, 0x04, 0x08, 0x25, 0x10, 0x46, 0x18, 0xA8, 0x29, 0x4B, 0x41, 0xEE,
    0xB5, 0x9C, 0x05, 0xFF, 0xF2, 0xFC, 0xFE, 0x6E, 0xFD, 0x6C, 0xE4, 0xCB, 0xCC, 0x4A, 0xBB, 0xE9,
    0xB3, 0xA8, 0xB3, 0x88, 0xAB, 0x67, 0xA3, 0x47, 0xA3, 0x26, 0xA3, 0x26, 0xA3, 0x26, 0xAB, 0x46,
    0xB3, 0x86, 0xC3, 0xE7, 0xDC, 0x67, 0xF4, 0xE7, 0xFE, 0xF0, 0xFF, 0xFC, 0xEC, 0x98, 0xFD, 0xBE,
    0xFE, 0x5F, 0xEB, 0x9E, 0xEC, 0x3F, 0xFC, 0xBF, 0xF4, 0x1F, 0xE3, 0xBF, 0xE3, 0xBF, 0xE3, 0xBF,
    0xEB, 0xDF, 0xF4, 0x1F, 0xEC, 0x1F, 0xDB, 0xFE, 0xB2, 0xFA, 0x71, 0xB3, 0x40, 0xEE, 0x49, 0x0E,
    0x79, 0x93, 0xFD, 0x3F, 0xEC, 0xBD, 0x9A, 0x90, 0xF6, 0x77, 0xFE, 0x70, 0xE4, 0x66, 0xCB, 0xE7,
    0xC3, 0xA7, 0xBB, 0x87, 0xBB, 0x87, 0xC3, 0xC8, 0xD4, 0x09, 0xE4, 0x6A, 0xF4, 0xAB, 0xFD, 0x2C,
    0xFD, 0xEF, 0xFE, 0xF5, 0xFF, 0xBA, 0xFF, 0xFE, 0x05, 0xFF, 0xAA, 0xBF, 0xD4, 0xDC, 0x69, 0xD1,
    0x41, 0x0B, 0x28, 0xA9, 0x18, 0x46, 0x10, 0x25, 0x08, 0x04, 0x08, 0x04, 0x08, 0x04, 0x08, 0x04,
    0x08, 0x04, 0x08, 0x04, 0x08, 0x04, 0x08, 0x04, 0x08, 0x04, 0x08, 0x25, 0x10, 0x46, 0x18, 0xA8,
    0x29, 0x2A, 0x52, 0x71, 0xD6, 0xDF, 0x05, 0xFF, 0xEC, 0xD7, 0xFE, 0x8E, 0xFD, 0xCD, 0xF5, 0x4C,
    0xE4, 0xCB, 0xD4, 0x8A, 0xCC, 0x4A, 0xC4, 0x09, 0xBB, 0xE8, 0xBB, 0xA8, 0xB3, 0x88, 0xB3, 0x67,
    0xAB, 0x67, 0xB3, 0x67, 0xB3, 0x87, 0xC3, 0xC7, 0xD4, 0x68, 0xEC, 0xA8, 0xFD, 0xEB, 0xFF, 0xFB,
    0xED, 0xD9, 0xDB, 0xBA, 0xFF, 0x1F, 0xEC, 0xDF, 0x9A, 0x39, 0xA2, 0xD9, 0xA2, 0xFA, 0x9A, 0xD9,
    0x9A, 0xD9, 0x9A, 0xD9, 0xA2, 0xDA, 0x92, 0x98, 0x7A, 0x16, 0x61, 0x93, 0x49, 0x30, 0x41, 0x0F,
    0x39, 0x0F, 0x49, 0x30, 0x9A, 0x78, 0xFE, 0x3F, 0xDC, 0x3C, 0xAA, 0xF2, 0xFE, 0xF9, 0xFE, 0x6F,
    0xEC, 0x67, 0xD4, 0x27, 0xCB, 0xC7, 0xC3, 0xC8, 0xCB, 0xE8, 0xDC, 0x49, 0xEC, 0x8A, 0xFC, 0xEB,
    0xFE, 0x30, 0xFF, 0x57, 0xFF, 0xDD, 0x07, 0xFF, 0xAE, 0xDF, 0xF6, 0x7F, 0xB3, 0xB9, 0x69, 0xB0,
    0x49, 0x2C, 0x30, 0xCA, 0x20, 0x67, 0x10, 0x26, 0x10, 0x25, 0x08, 0x04, 0x08, 0x04, 0x08, 0x04,
    0x08, 0x04, 0x08, 0x04, 0x08, 0x04, 0x08, 0x04, 0x08, 0x04, 0x08, 0x04, 0x08, 0x24, 0x10, 0x46,
    0x18, 0xA8, 0x29, 0x0A, 0x63, 0x14, 0xF7, 0xBF, 0x05, 0xFF, 0xAF, 0xFB, 0xFF, 0xB6, 0xFF, 0x12,
    0xFE, 0x4F, 0xFD, 0x8C, 0xF5, 0x0B, 0xE4, 0xCB, 0xDC, 0xAB, 0xD4, 0x6A, 0xCC, 0x4A, 0xCC, 0x29,
    0xC4, 0x09, 0xC3, 0xE8, 0xBB, 0xC8, 0xC3, 0xE8, 0xCC, 0x08, 0xDC, 0x68, 0xF4, 0xE9, 0xFD, 0x89,
    0xFF, 0xD7, 0xF6, 0x9C, 0xB3, 0x17, 0xF5, 0x9F, 0xFE, 0x5F, 0x92, 0x02, 0x59, 0xB6, 0x93, 0x49,
    0x72, 0x49, 0x72, 0x49, 0x72, 0x49, 0x71, 0x49, 0x51, 0x49, 0x51, 0x49, 0x51, 0x41, 0x50, 0x41,
    0x50, 0x39, 0x30, 0x41, 0x30, 0x51, 0x52, 0xBB, 0x3B, 0xFE, 0x9F, 0xD3, 0xDB, 0xC3, 0xD6, 0xFF,
    0x9C, 0xFE, 0x2E, 0xF4, 0xA8, 0xE4, 0x69, 0xDC, 0x28, 0xDC, 0x49, 0xE4, 0x6A, 0xF4, 0xAB, 0xFD,
    0x8C, 0xFE, 0xF5, 0xFF, 0xFE, 0x07, 0xFF, 0xB2, 0xBF, 0xF6, 0x3F, 0xBC, 0x1A, 0x7A, 0x33, 0x51,
    0x6D, 0x49, 0x2C, 0x30, 0xCA, 0x20, 0x88, 0x18, 0x46, 0x10, 0x25, 0x08, 0x04, 0x08, 0x04, 0x08,
    0x04, 0x08, 0x04, 0x08, 0x04, 0x08, 0x04, 0x08, 0x04, 0x08, 0x04, 0x08, 0x04, 0x08, 0x04, 0x08,
    0x24, 0x10, 0x46, 0x18, 0xA7, 0x21, 0x09, 0x4A, 0x51, 0xD6, 0xBF, 0x0B, 0xFF, 0xCD, 0xFD, 0xFF,
    0xB9, 0xFF, 0x35, 0xFE, 0x91, 0xFD, 0xED, 0xF5, 0x4C, 0xEC, 0xEB, 0xE4, 0xAA, 0xE4, 0x8A, 0xDC,
    0x6A, 0xD4, 0x6A, 0xD4, 0x69, 0xDC, 0x89, 0xEC, 0xCA, 0xFD, 0x2B, 0xFD, 0xCB, 0xFF, 0xF9, 0xEE,
    0x9D, 0x9A, 0xF6, 0xDC, 0x7E, 0xFD, 0xBF, 0x8A, 0x7A, 0x51, 0xB5, 0x41, 0x93, 0x41, 0x73, 0x41,
    0x73, 0x41, 0x73, 0x41, 0x73, 0x41, 0x73, 0x41, 0x72, 0x39, 0x52, 0x39, 0x52, 0x39, 0x52, 0x41,
    0x73, 0x59, 0x75, 0xBB, 0x5D, 0xFE, 0x5F, 0xC3, 0x7B, 0xC4, 0x38, 0xFF, 0x02, 0xFE, 0x8E, 0x8F,
    0xFD, 0x09, 0xFC, 0xEA, 0xF4, 0xCA, 0xF4, 0xCB, 0xFC, 0xEB, 0xFE, 0x0E, 0xFF, 0x99, 0x07, 0xFF,
    0xBA, 0x9F, 0xF6, 0x1F, 0xBB, 0xFA, 0x7A, 0x33, 0x51, 0x6E, 0x49, 0x2C, 0x38, 0xEB, 0x30, 0xA9,
    0x20, 0x67, 0x18, 0x46, 0x10, 0x25, 0x10, 0x04, 0x08, 0x04, 0x08, 0x04, 0x08, 0x04, 0x08, 0x04,
    0x08, 0x04, 0x08, 0x04, 0x08, 0x04, 0x08, 0x04, 0x08, 0x04, 0x08, 0x04, 0x08, 0x24, 0x10, 0x45,
    0x10, 0x67, 0x20, 0xE9, 0x31, 0x4B, 0x63, 0x14, 0xC6, 0x1D, 0xEF, 0x7F, 0x0F, 0xFF, 0x96, 0xFC,
    0xFF, 0x99, 0xFF, 0x14, 0xFE, 0x70, 0xFD, 0xCD, 0xF5, 0x4B, 0xF5, 0x0B, 0xF4, 0xEB, 0xF5, 0x0B,
    0xFD, 0x4C, 0xFD, 0x6B, 0xFE, 0xAF, 0x02, 0xFF, 0xBB, 0xE6, 0x1D, 0xA3, 0xBB, 0xE5, 0x7F, 0xFE,
    0x7F, 0xBC, 0xBF, 0xA4, 0x7E, 0x9C, 0x3E, 0x94, 0x3D, 0x94, 0x3D, 0x94, 0x1D, 0x94, 0x1D, 0x94,
    0x1D, 0x94, 0x1D, 0x94, 0x1D, 0x9C, 0x1D, 0x9C, 0x1D, 0x9C, 0x1E, 0xB4, 0x3E, 0xE5, 0x5F, 0xFF,
    0x1F, 0xE4, 0xFF, 0xCC, 0x5B, 0xFF, 0xBF, 0xFF, 0x98, 0xFD, 0xCB, 0xFD, 0x2B, 0xFD, 0x2B, 0xFD,
    0x6B, 0xFE, 0x91, 0xFF, 0xDC, 0x06, 0xFF, 0xC7, 0xFE, 0xBF, 0xBC, 0x1B, 0x7A, 0x33, 0x51, 0x6E,
    0x41, 0x2C, 0x38, 0xEB, 0x30, 0xCA, 0x20, 0x88, 0x18, 0x67, 0x10, 0x26, 0x10, 0x25, 0x10, 0x04,
    0x08, 0x04, 0x08, 0x04, 0x08, 0x04, 0x08, 0x04, 0x08, 0x04, 0x08, 0x04, 0x08, 0x04, 0x08, 0x04,
    0x08, 0x04, 0x08, 0x04, 0x08, 0x04, 0x08, 0x24, 0x08, 0x25, 0x10, 0x46, 0x18, 0xA7, 0x21, 0x09,
    0x31, 0x4B, 0x42, 0x0F, 0x6B, 0x34, 0x94, 0x58, 0xB5, 0x9C, 0xD6, 0x9E, 0xEF, 0x5F, 0xFF, 0xDF,
    0x0D, 0xFF, 0x8E, 0xFC, 0xFF, 0x98, 0xFF, 0x14, 0xFE, 0x70, 0xFE, 0x0E, 0xFE, 0x0D, 0xFE, 0xB0,
    0xFF, 0xDA, 0x02, 0xFF, 0x82, 0xF7, 0x1F, 0xF6, 0x02, 0xFF, 0xA1, 0xBF, 0xFF, 0x5F, 0xEE, 0x7F,
    0xD5, 0xFF, 0xCD, 0xDF, 0xCD, 0xDF, 0xCD, 0xBF, 0xCD, 0xBF, 0xCD, 0xBF, 0xCD, 0xBF, 0xCD, 0x9F,
    0xCD, 0x9F, 0xCD, 0x9F, 0xCD, 0x9F, 0xD5, 0xBF, 0xDD, 0xBF, 0xEE, 0x1F, 0xFE, 0x02, 0xFF, 0x84,
    0x5F, 0xED, 0x5F, 0xF6, 0x5F, 0x03, 0xFF, 0x88, 0x77, 0xFE, 0x6F, 0xFE, 0x4F, 0xFF, 0x35, 0xFF,
    0xFE, 0x05, 0xFF, 0xCF, 0xDF, 0xED, 0xFF, 0x92, 0xF7, 0x59, 0x8F, 0x41, 0x2D, 0x38, 0xEC, 0x30,
    0xCA, 0x20, 0x88, 0x18, 0x67, 0x18, 0x46, 0x10, 0x25, 0x10, 0x25, 0x08, 0x04, 0x08, 0x04, 0x08,
    0x04, 0x08, 0x04, 0x08, 0x04, 0x08, 0x04, 0x08, 0x04, 0x08, 0x04, 0x08, 0x04, 0x08, 0x04, 0x08,
    0x04, 0x08, 0x04, 0x08, 0x04, 0x08, 0x04, 0x08, 0x24, 0x10, 0x25, 0x10, 0x66, 0x18, 0xA7, 0x20,
    0xE9, 0x29, 0x2A, 0x31, 0x6B, 0x39, 0x8C, 0x41, 0xEE, 0x52, 0x50, 0x6A, 0xF3, 0x83, 0xD6, 0xA4,
    0xDA, 0xC5, 0xDD, 0xE6, 0x02, 0xFF, 0x80, 0xBF, 0x0D, 0xFF, 0x84, 0xFD, 0xFF, 0xFA, 0xFF, 0xFE,
    0x07, 0xFF, 0xAC, 0xBF, 0xCD, 0xBF, 0x93, 0xDB, 0x62, 0x96, 0x49, 0xF3, 0x49, 0xF3, 0x49, 0xD2,
    0x49, 0xD2, 0x49, 0xD2, 0x49, 0xD2, 0x49, 0xD2, 0x49, 0xD2, 0x49, 0xD2, 0x49, 0xD2, 0x49, 0xD2,
    0x49, 0xD3, 0x51, 0xF4, 0x5A, 0x15, 0xA3, 0xDC, 0xFE, 0xFF, 0xFE, 0xDF, 0xE5, 0x1F, 0xFE, 0xBF,
    0x03, 0xFF, 0x82, 0xFE, 0xFF, 0xFD, 0x07, 0xFF, 0xD7, 0xBF, 0xE5, 0x9F, 0x7A, 0x55, 0x49, 0x4E,
    0x41, 0x0C, 0x30, 0xCB, 0x28, 0x89, 0x18, 0x67, 0x18, 0x46, 0x10, 0x26, 0x10, 0x25, 0x10, 0x24,
    0x08, 0x04, 0x08, 0x04, 0x08, 0x04, 0x08, 0x04, 0x08, 0x04, 0x08, 0x04, 0x08, 0x04, 0x08, 0x04,
    0x08, 0x04, 0x08, 0x04, 0x08, 0x04, 0x08, 0x04, 0x08, 0x04, 0x08, 0x04, 0x08, 0x04, 0x08, 0x04,
    0x08, 0x24, 0x10, 0x25, 0x10, 0x46, 0x18, 0x87, 0x18, 0xA8, 0x20, 0xE9, 0x29, 0x0A, 0x31, 0x2B,
    0x31, 0x4B, 0x39, 0x6B, 0x39, 0x8C, 0x41, 0xAD, 0x52, 0x0F, 0x62, 0xB3, 0x83, 0xB7, 0xB5, 0x5C,
    0xE6, 0x02, 0xFF, 0x80, 0xDF, 0x09, 0xFF, 0x82, 0xBF, 0xFF, 0xDF, 0x04, 0xFF, 0xFF, 0xEE, 0xDF,
    0x93, 0xFA, 0x49, 0xF2, 0x31, 0x2E, 0x28, 0xEC, 0x20, 0xCB, 0x20, 0xCB, 0x20, 0xAA, 0x20, 0xAA,
    0x20, 0xAA, 0x20, 0xAA, 0x20, 0xAA, 0x20, 0xAA, 0x20, 0xAA, 0x20, 0xAA, 0x20, 0xAB, 0x28, 0xCB,
    0x28, 0xCC, 0x30, 0xED, 0x49, 0x71, 0xC4, 0xBE, 0xFF, 0x5F, 0xFE, 0x9F, 0xED, 0x5F, 0xF5, 0xBF,
    0xFE, 0x7F, 0xFF, 0x3F, 0xFF, 0x7F, 0xFF, 0xDF, 0xFF, 0x7F, 0xDD, 0x5F, 0x72, 0x34, 0x41, 0x2D,
    0x38, 0xEC, 0x28, 0xAA, 0x20, 0x68, 0x18, 0x47, 0x10, 0x26, 0x10, 0x25, 0x10, 0x24, 0x08, 0x04,
    0x08, 0x04, 0x08, 0x04, 0x08, 0x04, 0x08, 0x04, 0x08, 0x04, 0x08, 0x04, 0x08, 0x04, 0x08, 0x04,
    0x08, 0x04, 0x08, 0x04, 0x08, 0x04, 0x08, 0x04, 0x08, 0x04, 0x08, 0x04, 0x08, 0x04, 0x08, 0x04,
    0x08, 0x04, 0x08, 0x04, 0x08, 0x24, 0x10, 0x25, 0x10, 0x45, 0x10, 0x46, 0x10, 0x67, 0x94, 0x18,
    0x87, 0x18, 0xA8, 0x20, 0xC9, 0x20, 0xE9, 0x29, 0x0A, 0x31, 0x2B, 0x31, 0x4B, 0x39, 0x6C, 0x39,
    0x8D, 0x49, 0xEF, 0x62, 0x02, 0x93, 0x84, 0xF8, 0xC5, 0xDD, 0xF7, 0x5F, 0x05, 0xFF, 0x80, 0xDF,
    0x04, 0xFF, 0xAE, 0xDE, 0x5F, 0x72, 0xF7, 0x39, 0x6E, 0x31, 0x2C, 0x28, 0xEC, 0x20, 0xCB, 0x20,
    0xAA, 0x20, 0xA9, 0x20, 0xA9, 0x20, 0x89, 0x20, 0x89, 0x20, 0x89, 0x20, 0x89, 0x20, 0x89, 0x20,
    0x89, 0x20, 0x89, 0x20, 0x89, 0x20, 0xAA, 0x28, 0xAB, 0x30, 0xEC, 0x30, 0xED, 0x5A, 0x14, 0xCD,
    0x1F, 0xFE, 0x02, 0xFF, 0x85, 0x3F, 0xFE, 0xBF, 0xFE, 0x5F, 0xFE, 0x02, 0xFF, 0xFF, 0x5F, 0xFE,
    0xBF, 0xC4, 0x7D, 0x61, 0xF3, 0x41, 0x0D, 0x30, 0xEB, 0x28, 0x89, 0x18, 0x68, 0x18, 0x46, 0x10,
    0x25, 0x10, 0x25, 0x08, 0x04, 0x08, 0x04, 0x08, 0x04, 0x08, 0x04, 0x08, 0x04, 0x08, 0x04, 0x08,
    0x04, 0x08, 0x04, 0x08, 0x04, 0x08, 0x04, 0x08, 0x04, 0x08, 0x04, 0x08, 0x04, 0x08, 0x04, 0x08,
    0x04, 0x08, 0x04, 0x08, 0x04, 0x08, 0x04, 0x08, 0x04, 0x08, 0x04, 0x08, 0x04, 0x08, 0x04, 0x08,
    0x24, 0x08, 0x24, 0x10, 0x25, 0x10, 0x25, 0x10, 0x45, 0x10, 0x46, 0x10, 0x66, 0x18, 0x67, 0x18,
    0x87, 0x18, 0xA8, 0x20, 0xC9, 0x28, 0xEA, 0x29, 0x0B, 0x31, 0x4B, 0x39, 0x4C, 0x39, 0x6D, 0x49,
    0xF0, 0x6A, 0xF5, 0x9C, 0x5A, 0xC5, 0xBE, 0xDE, 0xBF, 0xDE, 0x5F, 0xAC, 0xBC, 0x5A, 0x54, 0x39,
    0x4D, 0x31, 0x0C, 0x28, 0xCB, 0x20, 0xA9, 0x18, 0x88, 0x18, 0x67, 0x18, 0x67, 0x18, 0xFF, 0x47,
    0x10, 0x47, 0x10, 0x47, 0x10, 0x47, 0x10, 0x47, 0x10, 0x47, 0x18, 0x47, 0x18, 0x47, 0x18, 0x47,
    0x18, 0x67, 0x18, 0x88, 0x20, 0x89, 0x28, 0xCB, 0x30, 0xCC, 0x49, 0x91, 0x8B, 0x39, 0xBC, 0x7D,
    0xD5, 0x5E, 0xDD, 0x7E, 0xDD, 0x5E, 0xC4, 0x9D, 0x8A, 0xD7, 0x49, 0x4F, 0x38, 0xEC, 0x30, 0xCB,
    0x20, 0x89, 0x18, 0x47, 0x10, 0x26, 0x10, 0x25, 0x08, 0x04, 0x08, 0x04, 0x08, 0x04, 0x08, 0x04,
    0x08, 0x04, 0x08, 0x04, 0x08, 0x04, 0x08, 0x04, 0x08, 0x04, 0x08, 0x04, 0x08, 0x04, 0x08, 0x04,
    0x08, 0x04, 0x08, 0x04, 0x08, 0x04, 0x08, 0x04, 0x08, 0x04, 0x08, 0x04, 0x08, 0x04, 0x08, 0x04,
    0x08, 0x04, 0x08, 0x04, 0x08, 0x04, 0x08, 0x04, 0x08, 0x04, 0x08, 0x04, 0x08, 0x04, 0x08, 0x24,
    0x08, 0x24, 0x08, 0x25, 0x10, 0x25, 0x10, 0x25, 0x10, 0x45, 0x10, 0x46, 0x10, 0x66, 0x18, 0xFF,
    0x67, 0x18, 0x88, 0x20, 0xA9, 0x20, 0xCA, 0x29, 0x0B, 0x31, 0x2B, 0x31, 0x2C, 0x31, 0x4D, 0x41,
    0x8F, 0x52, 0x12, 0x49, 0xF1, 0x39, 0x4E, 0x31, 0x0B, 0x28, 0xEB, 0x20, 0xA9, 0x18, 0x88, 0x18,
    0x67, 0x10, 0x46, 0x10, 0x46, 0x10, 0x25, 0x10, 0x25, 0x10, 0x25, 0x10, 0x25, 0x10, 0x25, 0x10,
    0x25, 0x10, 0x25, 0x10, 0x25, 0x10, 0x25, 0x10, 0x25, 0x10, 0x26, 0x10, 0x46, 0x18, 0x67, 0x20,
    0x88, 0x20, 0xAA, 0x28, 0xAA, 0x28, 0xCC, 0x39, 0x0E, 0x49, 0x50, 0x49, 0x50, 0x49, 0x50, 0x41,
    0x0E, 0x30, 0xCB, 0x30, 0xCB, 0x28, 0xAA, 0x20, 0x68, 0x18, 0x47, 0x10, 0x26, 0x10, 0x25, 0x08,
    0x04, 0x08, 0x04, 0x08, 0x04, 0x08, 0x04, 0x08, 0x04, 0x08, 0x04, 0x08, 0x04, 0x08, 0x04, 0x08,
    0x04, 0x08, 0x04, 0x08, 0x04, 0x08, 0x04, 0x08, 0x04, 0x08, 0x04, 0x08, 0x04, 0x08, 0x04, 0x08,
    0xFF, 0x04, 0x08, 0x04, 0x08, 0x04, 0x08, 0x04, 0x08, 0x04, 0x08, 0x04, 0x08, 0x04, 0x08, 0x04,
    0x08, 0x04, 0x08, 0x04, 0x08, 0x04, 0x08, 0x04, 0x08, 0x04, 0x08, 0x04, 0x08, 0x04, 0x08, 0x04,
    0x08, 0x04, 0x08, 0x24, 0x10, 0x25, 0x10, 0x25, 0x10, 0x45, 0x10, 0x46, 0x10, 0x46, 0x18, 0x67,
    0x18, 0x88, 0x20, 0xA9, 0x20, 0xCA, 0x28, 0xEA, 0x28, 0xEA, 0x20, 0xCA, 0x20, 0xCA, 0x20, 0xCA,
    0x20, 0xA9, 0x18, 0x88, 0x18, 0x67, 0x10, 0x46, 0x10, 0x25, 0x10, 0x25, 0x08, 0x24, 0x08, 0x04,
    0x08, 0x04, 0x08, 0x04, 0x08, 0x04, 0x08, 0x04, 0x08, 0x04, 0x08, 0x04, 0x08, 0x04, 0x08, 0x04,
    0x08, 0x04, 0x08, 0x25, 0x10, 0x25, 0x10, 0x26, 0x18, 0x46, 0x18, 0x67, 0x20, 0x89, 0x20, 0x89,
    0x28, 0xAA, 0x28, 0xAA, 0x28, 0xAA, 0x28, 0xAA, 0x28, 0xAA, 0x20, 0x89, 0x20, 0x68, 0x18, 0x47,
    0x18, 0xFF, 0x46, 0x10, 0x25, 0x10, 0x25, 0x08, 0x04, 0x08, 0x04, 0x08, 0x04, 0x08, 0x04, 0x08,
    0x04, 0x08, 0x04, 0x08, 0x04, 0x08, 0x04, 0x08, 0x04, 0x08, 0x04, 0x08, 0x04, 0x08, 0x04, 0x08,
    0x04, 0x08, 0x04, 0x08, 0x04, 0x08, 0x04, 0x08, 0x04, 0x08, 0x04, 0x08, 0x04, 0x08, 0x04, 0x08,
    0x04, 0x08, 0x04, 0x08, 0x04, 0x08, 0x04, 0x08, 0x04, 0x08, 0x04, 0x08, 0x04, 0x08, 0x04, 0x08,
    0x04, 0x08, 0x04, 0x08, 0x04, 0x08, 0x04, 0x08, 0x04, 0x08, 0x04, 0x08, 0x04, 0x08, 0x04, 0x08,
    0x04, 0x08, 0x04, 0x10, 0x25, 0x10, 0x25, 0x10, 0x45, 0x10, 0x46, 0x10, 0x46, 0x18, 0x67, 0x18,
    0x68, 0x18, 0x88, 0x18, 0x88, 0x18, 0x88, 0x18, 0x67, 0x18, 0x67, 0x10, 0x46, 0x10, 0x25, 0x10,
    0x25, 0x08, 0x04, 0x08, 0x04, 0x08, 0x04, 0x08, 0x04, 0x08, 0x04, 0x08, 0x04, 0x08, 0x04, 0x08,
    0x04, 0x08, 0xFF, 0x04, 0x08, 0x04, 0x08, 0x04, 0x08, 0x04, 0x08, 0x04, 0x08, 0x04, 0x08, 0x04,
    0x10, 0x25, 0x10, 0x25, 0x10, 0x26, 0x10, 0x46, 0x18, 0x47, 0x18, 0x68, 0x18, 0x68, 0x18, 0x68,
    0x18, 0x68, 0x18, 0x67, 0x18, 0x47, 0x18, 0x46, 0x10, 0x26, 0x10, 0x25, 0x10, 0x24, 0x08, 0x04,
    0x08, 0x04, 0x08, 0x04, 0x08, 0x04, 0x08, 0x04, 0x08, 0x04, 0x08, 0x04, 0x08, 0x04, 0x08, 0x04,
    0x08, 0x04, 0x08, 0x04, 0x08, 0x04, 0x08, 0x04, 0x08, 0x04, 0x08, 0x04, 0x08, 0x04, 0x08, 0x04,
    0x08, 0x04, 0x08, 0x04, 0x08, 0x04, 0x08, 0x04, 0x08, 0x04, 0x08, 0x04, 0x08, 0x04, 0x08, 0x04,
    0x08, 0x04, 0x08, 0x04, 0x08, 0x04, 0x08, 0x04, 0x08, 0x04, 0x08, 0x04, 0x08, 0x04, 0x08, 0x04,
    0x08, 0x04, 0x08, 0x04, 0x08, 0x04, 0x08, 0x04, 0x08, 0x04, 0x08, 0x04, 0x08, 0x04, 0x08, 0x04,
    0x08, 0x24, 0x10, 0xFF, 0x25, 0x10, 0x25, 0x10, 0x45, 0x10, 0x46, 0x10, 0x46, 0x10, 0x46, 0x10,
    0x46, 0x10, 0x46, 0x10, 0x25, 0x10, 0x25, 0x08, 0x24, 0x08, 0x04, 0x08, 0x04, 0x08, 0x04, 0x08,
    0x04, 0x08, 0x04, 0x08, 0x04, 0x08, 0x04, 0x08, 0x04, 0x08, 0x04, 0x08, 0x04, 0x08, 0x04, 0x08,
    0x04, 0x08, 0x04, 0x08, 0x04, 0x08, 0x04, 0x08, 0x04, 0x08, 0x04, 0x08, 0x04, 0x10, 0x25, 0x10,
    0x25, 0x10, 0x25, 0x10, 0x26, 0x10, 0x46, 0x10, 0x26, 0x10, 0x26, 0x10, 0x26, 0x10, 0x25, 0x10,
    0x25, 0x10, 0x25, 0x08, 0x04, 0x08, 0x04, 0x08, 0x04, 0x08, 0x04, 0x08, 0x04, 0x08, 0x04, 0x08,
    0x04, 0x08, 0x04, 0x08, 0x04, 0x08, 0x04, 0x08, 0x04, 0x08, 0x04, 0x08, 0x04, 0x08, 0x04, 0x08,
    0x04, 0x08, 0x04, 0x08, 0x04, 0x08, 0x04, 0x08, 0x04, 0x08, 0x04, 0x08, 0x04, 0x08, 0x04, 0x08,
    0x04, 0x08, 0x04, 0x08, 0xFF, 0x04, 0x08, 0x04, 0x08, 0x04, 0x08, 0x04, 0x08, 0x04, 0x08, 0x04,
    0x08, 0x04, 0x08, 0x04, 0x08, 0x04, 0x08, 0x04, 0x08, 0x04, 0x08, 0x04, 0x08, 0x04, 0x08, 0x04,
    0x08, 0x04, 0x08, 0x04, 0x08, 0x04, 0x08, 0x04, 0x08, 0x04, 0x08, 0x04, 0x08, 0x04, 0x08, 0x04,
    0x08, 0x04, 0x08, 0x24, 0x08, 0x24, 0x10, 0x25, 0x08, 0x24, 0x08, 0x24, 0x08, 0x04, 0x08, 0x04,
    0x08, 0x04, 0x08, 0x04, 0x08, 0x04, 0x08, 0x04, 0x08, 0x04, 0x08, 0x04, 0x08, 0x04, 0x08, 0x04,
    0x08, 0x04, 0x08, 0x04, 0x08, 0x04, 0x08, 0x04, 0x08, 0x04, 0x08, 0x04, 0x08, 0x04, 0x08, 0x04,
    0x08, 0x04, 0x08, 0x04, 0x08, 0x04, 0x08, 0x04, 0x08, 0x04, 0x08, 0x04, 0x10, 0x24, 0x10, 0x25,
    0x10, 0x25, 0x10, 0x25, 0x10, 0x24, 0x08, 0x04, 0x08, 0x04, 0x08, 0x04, 0x08, 0x04, 0x08, 0x04,
    0x08, 0x04, 0x08, 0x04, 0x08, 0xFF, 0x04, 0x08, 0x04, 0x08, 0x04, 0x08, 0x04, 0x08, 0x04, 0x08,
    0x04, 0x08, 0x04, 0x08, 0x04, 0x08, 0x04, 0x08, 0x04, 0x08, 0x04, 0x08, 0x04, 0x08, 0x04, 0x08,
    0x04, 0x08, 0x04, 0x08, 0x04, 0x08, 0x04, 0x08, 0x04, 0x08, 0x04, 0x08, 0x04, 0x08, 0x04, 0x08,
    0x04, 0x08, 0x04, 0x08, 0x04, 0x08, 0x04, 0x08, 0x04, 0x08, 0x04, 0x08, 0x04, 0x08, 0x04, 0x08,
    0x04, 0x08, 0x04, 0x08, 0x04, 0x08, 0x04, 0x08, 0x04, 0x08, 0x04, 0x08, 0x04, 0x08, 0x04, 0x08,
    0x04, 0x08, 0x04, 0x08, 0x04, 0x08, 0x04, 0x08, 0x04, 0x08, 0x04, 0x08, 0x04, 0x08, 0x04, 0x08,
    0x04, 0x08, 0x04, 0x08, 0x04, 0x08, 0x04, 0x08, 0x04, 0x08, 0x04, 0x08, 0x04, 0x08, 0x04, 0x08,
    0x04, 0x08, 0x04, 0x08, 0x04, 0x08, 0x04, 0x08, 0x04, 0x08, 0x04, 0x08, 0x04, 0x08, 0x04, 0x08,
    0x04, 0x08, 0x04, 0x08, 0x04, 0x08, 0xFF, 0x04, 0x08, 0x04, 0x08, 0x04, 0x08, 0x04, 0x08, 0x04,
    0x08, 0x04, 0x08, 0x04, 0x08, 0x04, 0x08, 0x04, 0x08, 0x04, 0x08, 0x04, 0x08, 0x04, 0x08, 0x04,
    0x08, 0x04, 0x08, 0x04, 0x08, 0x04, 0x08, 0x04, 0x08, 0x04, 0x08, 0x04, 0x08, 0x04, 0x08, 0x04,
    0x08, 0x04, 0x08, 0x04, 0x08, 0x04, 0x08, 0x04, 0x08, 0x04, 0x08, 0x04, 0x08, 0x04, 0x08, 0x04,
    0x08, 0x04, 0x08, 0x04, 0x08, 0x04, 0x08, 0x04, 0x08, 0x04, 0x08, 0x04, 0x08, 0x04, 0x08, 0x04,
    0x08, 0x04, 0x08, 0x04, 0x08, 0x04, 0x08, 0x04, 0x08, 0x04, 0x08, 0x04, 0x08, 0x04, 0x08, 0x04,
    0x08, 0x04, 0x08, 0x04, 0x08, 0x04, 0x08, 0x04, 0x08, 0x04, 0x08, 0x04, 0x08, 0x04, 0x08, 0x04,
    0x08, 0x04, 0x08, 0x04, 0x08, 0x04, 0x08, 0x04, 0x08, 0x04, 0x08, 0x04, 0x08, 0x04, 0x08, 0x04,
    0x08, 0x04, 0x08, 0x04, 0x08, 0x04, 0x08, 0xFF, 0x04, 0x08, 0x04, 0x08, 0x04, 0x08, 0x04, 0x08,
    0x04, 0x08, 0x04, 0x08, 0x04, 0x08, 0x04, 0x08, 0x04, 0x08, 0x04, 0x08, 0x04, 0x08, 0x04, 0x08,
    0x04, 0x08, 0x04, 0x08, 0x04, 0x08, 0x04, 0x08, 0x04, 0x08, 0x04, 0x08, 0x04, 0x08, 0x04, 0x08,
    0x04, 0x08, 0x04, 0x08, 0x04, 0x08, 0x04, 0x08, 0x04, 0x08, 0x04, 0x08, 0x04, 0x08, 0x04, 0x08,
    0x04, 0x08, 0x04, 0x08, 0x04, 0x08, 0x04, 0x08, 0x04, 0x08, 0x04, 0x08, 0x04, 0x08, 0x04, 0x08,
    0x04, 0x08, 0x04, 0x08, 0x04, 0x08, 0x04, 0x08, 0x04, 0x08, 0x04, 0x08, 0x04, 0x08, 0x04, 0x08,
    0x04, 0x08, 0x04, 0x08, 0x04, 0x08, 0x04, 0x08, 0x04, 0x08, 0x04, 0x08, 0x04, 0x08, 0x04, 0x08,
    0x04, 0x08, 0x04, 0x08, 0x04, 0x08, 0x04, 0x08, 0x04, 0x08, 0x04, 0x08, 0x04, 0x08, 0x04, 0x08,
    0x04, 0x08, 0x04, 0x08, 0x04, 0x08, 0x04, 0x08, 0xFF, 0x04, 0x08, 0x04, 0x08, 0x04, 0x08, 0x04,
    0x08, 0x04, 0x08, 0x04, 0x08, 0x04, 0x08, 0x04, 0x08, 0x04, 0x08, 0x04, 0x08, 0x04, 0x08, 0x04,
    0x08, 0x04, 0x08, 0x04, 0x08, 0x04, 0x08, 0x04, 0x08, 0x04, 0x08, 0x04, 0x08, 0x04, 0x08, 0x04,
    0x08, 0x04, 0x08, 0x04, 0x08, 0x04, 0x08, 0x04, 0x08, 0x04, 0x08, 0x04, 0x08, 0x04, 0x08, 0x04,
    0x08, 0x04, 0x08, 0x04, 0x08, 0x04, 0x08, 0x04, 0x08, 0x04, 0x08, 0x04, 0x08, 0x04, 0x08, 0x04,
    0x08, 0x04, 0x08, 0x04, 0x08, 0x04, 0x08, 0x04, 0x08, 0x04, 0x08, 0x04, 0x08, 0x04, 0x08, 0x04,
    0x08, 0x04, 0x08, 0x04, 0x08, 0x04, 0x08, 0x04, 0x08, 0x04, 0x08, 0x04, 0x08, 0x04, 0x08, 0x04,
    0x08, 0x04, 0x08, 0x04, 0x08, 0x04, 0x08, 0x04, 0x08, 0x04, 0x08, 0x04, 0x08, 0x04, 0x08, 0x04,
    0x08, 0x04, 0x08, 0x04, 0x08, 0x04, 0x08, 0x04, 0x08, 0xFF, 0x04, 0x08, 0x04, 0x08, 0x04, 0x08,
    0x04, 0x08, 0x04, 0x08, 0x04, 0x08, 0x04, 0x08, 0x04, 0x08, 0x04, 0x08, 0x04, 0x08, 0x04, 0x08,
    0x04, 0x08, 0x04, 0x08, 0x04, 0x08, 0x04, 0x08, 0x04, 0x08, 0x04, 0x08, 0x04, 0x08, 0x04, 0x08,
    0x04, 0x08, 0x04, 0x08, 0x04, 0x08, 0x04, 0x08, 0x04, 0x08, 0x04, 0x08, 0x04, 0x08, 0x04, 0x08,
    0x04, 0x08, 0x04, 0x08, 0x04, 0x08, 0x04, 0x08, 0x04, 0x08, 0x04, 0x08, 0x04, 0x08, 0x04, 0x08,
    0x04, 0x08, 0x04, 0x08, 0x04, 0x08, 0x04, 0x08, 0x04, 0x08, 0x04, 0x08, 0x04, 0x08, 0x04, 0x08,
    0x04, 0x08, 0x04, 0x08, 0x04, 0x08, 0x04, 0x08, 0x04, 0x08, 0x04, 0x08, 0x04, 0x08, 0x04, 0x08,
    0x04, 0x08, 0x04, 0x08, 0x04, 0x08, 0x04, 0x08, 0x04, 0x08, 0x04, 0x08, 0x04, 0x08, 0x04, 0x08,
    0x04, 0x08, 0x04, 0x08, 0x04, 0x08, 0x04, 0x08, 0x04, 0x08, 0xC0, 0x04, 0x08, 0x04, 0x08, 0x04,
    0x08, 0x04, 0x08, 0x04, 0x08, 0x04, 0x08, 0x04, 0x08, 0x04, 0x08, 0x04, 0x08, 0x04, 0x08, 0x04,
    0x08, 0x04, 0x08, 0x04, 0x08, 0x04, 0x08, 0x04, 0x08, 0x04, 0x08, 0x04, 0x08, 0x04, 0x08, 0x04,
    0x08, 0x04, 0x08, 0x04, 0x08, 0x04, 0x08, 0x04, 0x08, 0x04, 0x08, 0x04, 0x08, 0x04, 0x08, 0x04,
    0x08, 0x04, 0x08, 0x04, 0x08, 0x04, 0x08, 0x04, 0x08, 0x04, 0x08, 0x04,
};
// clang-format on
